OrderID,OrderDate,CustomerName,City State Country,Region,Segment,ShipDate,ShipMode,OrderPriority
BN-2011-7407039,1/1/2013,Ruby Patel,"Stockholm,Stockholm,Sweden",North,Home Office,1/5/2013,Economy Plus,
AZ-2011-9050313,1/3/2013,Summer Hayward,"Southport,England,United Kingdom",North,Consumer,1/7/2013,Economy,
AZ-2011-6674300,1/4/2013,Devin Huddleston,"Valence,Auvergne-Rhône-Alpes,France",Central,Consumer,1/8/2013,Economy,
BN-2011-2819714,1/4/2013,Mary Parker,"Birmingham,England,United Kingdom",North,Corporate,1/9/2013,Economy,
AZ-2011-617423,1/5/2013,Daniel Burke,"Echirolles,Auvergne-Rhône-Alpes,France",Central,Home Office,1/7/2013,Priority,Critical
AZ-2011-2918397,1/7/2013,Fredrick Beveridge,"La Seyne-sur-Mer,Provence-Alpes-Côte d'Azur,France",Central,Corporate,1/8/2013,Priority,Critical
BN-2011-3248724,1/8/2013,Archer Hort,"Toulouse,Languedoc-Roussillon-Midi-Pyrénées,France",Central,Consumer,1/14/2013,Economy,
AZ-2011-6712797,1/11/2013,Evie Flockhart,"Genoa,Liguria,Italy",South,Consumer,1/16/2013,Economy,
AZ-2011-4827146,1/11/2013,Faith Greenwood,"Vienna,Vienna,Austria",Central,Consumer,1/15/2013,Economy,
AZ-2011-6439906,1/11/2013,Summer Hayward,"Murcia,Murcia,Spain",South,Consumer,1/15/2013,Economy,
AZ-2011-7053593,1/11/2013,Gracie Powell,"Woking,England,United Kingdom",North,Consumer,1/11/2013,Immediate,Critical
AZ-2011-5702370,1/12/2013,Hershel Snyder,"Lohne,Lower Saxony,Germany",Central,Corporate,1/19/2013,Economy,
AZ-2011-9927716,1/12/2013,Julia Martell,"Leicester,England,United Kingdom",North,Home Office,1/17/2013,Economy,
AZ-2011-2222024,1/12/2013,Viola Watson,"Sheffield,England,United Kingdom",North,Consumer,1/15/2013,Priority,Critical
BN-2011-4913858,1/13/2013,Julian Dobie,"Dordrecht,South Holland,Netherlands",Central,Consumer,1/19/2013,Economy,
BN-2011-2807470,1/13/2013,Rose Heap,"Gothenburg,Västra Götaland,Sweden",North,Consumer,1/20/2013,Economy,
AZ-2011-5960662,1/14/2013,Ella Troy,"Vienna,Vienna,Austria",Central,Home Office,1/19/2013,Economy,
AZ-2011-7675351,1/15/2013,Everett Dunbar,"Langen,Lower Saxony,Germany",Central,Corporate,1/20/2013,Economy Plus,
BN-2011-3770060,1/17/2013,Georgia Bermingham,"Copenhagen,Hovedstaden,Denmark",North,Home Office,1/23/2013,Economy,
AZ-2011-7419210,1/18/2013,Christopher Goold,"Gandia,Valenciana,Spain",South,Corporate,1/21/2013,Priority,Critical
AZ-2011-1816950,1/18/2013,John Baca,"Esbjerg,South Denmark,Denmark",North,Consumer,1/23/2013,Economy Plus,
AZ-2011-3059419,1/19/2013,Kai Leonard,"Sesto San Giovanni,Lombardy,Italy",South,Corporate,1/21/2013,Priority,Critical
AZ-2011-5342265,1/19/2013,Jennifer Mattingly,"Trapani,Sicily,Italy",South,Home Office,1/20/2013,Priority,Critical
AZ-2011-2002251,1/20/2013,Nathan Iqbal,"Villiers-sur-Marne,Ile-de-France,France",Central,Consumer,1/25/2013,Economy,
AZ-2011-5357101,1/21/2013,Noah Chamberlain,"Bielefeld,North Rhine-Westphalia,Germany",Central,Consumer,1/26/2013,Economy,
AZ-2011-2245674,1/22/2013,Dylan Disney,"Leuven,Flemish Brabant,Belgium",Central,Home Office,1/26/2013,Economy,
AZ-2011-8034411,1/22/2013,Melissa Bean,"Prato,Tuscany,Italy",South,Home Office,1/26/2013,Economy,
AZ-2011-6684426,1/24/2013,Vaughn Gibbs,"Gela,Sicily,Italy",South,Home Office,1/26/2013,Economy Plus,
BN-2011-7883641,1/24/2013,William Horton,"Bologna,Emilia-Romagna,Italy",South,Consumer,1/26/2013,Priority,Critical
AZ-2011-4205736,1/25/2013,David Harney,"Menden,North Rhine-Westphalia,Germany",Central,Corporate,2/1/2013,Economy,
AZ-2011-5010109,1/25/2013,Walter Coley,"Maisons-Alfort,Ile-de-France,France",Central,Consumer,1/30/2013,Economy,
AZ-2011-201891,1/26/2013,Lori Miller,"Madrid,Madrid,Spain",South,Consumer,1/30/2013,Economy,
AZ-2011-5708655,1/26/2013,Hayley Baldwinson,"Oslo,Oslo,Norway",North,Consumer,1/30/2013,Economy,
BN-2011-6722454,1/26/2013,Joseph Locke,"Lisbon,Lisboa,Portugal",South,Corporate,1/30/2013,Economy,
BN-2011-486854,1/28/2013,Gracie Hicks,"Draguignan,Provence-Alpes-Côte d'Azur,France",Central,Consumer,2/3/2013,Economy,
AZ-2011-2825684,2/1/2013,Hollie Norris,"Halle,North Rhine-Westphalia,Germany",Central,Consumer,2/7/2013,Economy,
AZ-2011-494581,2/1/2013,Kiara Allen,"Parma,Emilia-Romagna,Italy",South,Consumer,2/5/2013,Economy,
AZ-2011-838467,2/2/2013,Ronald Everson,"Dresden,Saxony,Germany",Central,Corporate,2/5/2013,Priority,Critical
AZ-2011-4987681,2/2/2013,Daryl Claypool,"Seville,Andalusía,Spain",South,Corporate,2/6/2013,Economy Plus,
AZ-2011-4614904,2/2/2013,Caleb Kenyon,"Torrevieja,Valenciana,Spain",South,Corporate,2/4/2013,Priority,Critical
AZ-2011-7043718,2/2/2013,Winnie Moss,"Barcelona,Catalonia,Spain",South,Consumer,2/7/2013,Economy Plus,
AZ-2011-4696725,2/2/2013,Courtney Hancock,"London,England,United Kingdom",North,Consumer,2/4/2013,Priority,Critical
BN-2011-2468159,2/2/2013,Brandon Preston,"Reims,Alsace-Champagne-Ardenne-Lorraine,France",Central,Consumer,2/6/2013,Economy,
BN-2011-9336144,2/2/2013,Lara Stoate,"Rosenheim,Bavaria,Germany",Central,Corporate,2/2/2013,Immediate,Critical
BN-2011-7087921,2/3/2013,Max Ludwig,"Uppsala,Uppsala,Sweden",North,Home Office,2/5/2013,Economy Plus,
AZ-2011-6835828,2/4/2013,Summer Hayward,"Nice,Provence-Alpes-Côte d'Azur,France",Central,Consumer,2/8/2013,Economy,
AZ-2011-2397035,2/7/2013,Millie Newman,"Boulogne-sur-Mer,Nord-Pas-de-Calais-Picardie,France",Central,Consumer,2/11/2013,Economy,
AZ-2011-9421435,2/7/2013,Larry Klaus,"La Crau,Provence-Alpes-Côte d'Azur,France",Central,Corporate,2/12/2013,Economy,
AZ-2011-2956456,2/8/2013,Shelby Dunston,"Siena,Tuscany,Italy",South,Consumer,2/13/2013,Economy,
AZ-2011-9107304,2/9/2013,Erin Gill,"Barcelona,Catalonia,Spain",South,Home Office,2/14/2013,Economy,
AZ-2011-2606042,2/9/2013,Piper Wilder-Neligan,"Frankfurt,Hesse,Germany",Central,Consumer,2/9/2013,Immediate,Critical
AZ-2011-5195846,2/9/2013,Patricia Lukes,"Almelo,Overijssel,Netherlands",Central,Corporate,2/13/2013,Economy,
AZ-2011-7255147,2/10/2013,Lilian Macredie,"Basel,Basel-Stadt,Switzerland",Central,Corporate,2/14/2013,Economy,
AZ-2011-5676694,2/10/2013,Jasmine Slater,"Coslada,Madrid,Spain",South,Corporate,2/15/2013,Economy,
AZ-2011-819110,2/10/2013,Charlotte Taylor,"Marseille,Provence-Alpes-Côte d'Azur,France",Central,Consumer,2/14/2013,Economy,
BN-2011-3032749,2/10/2013,Victoria Bell,"Hanover,Lower Saxony,Germany",Central,Home Office,2/10/2013,Immediate,Critical
AZ-2011-6048331,2/14/2013,Kayleigh Farmer,"Elda,Valenciana,Spain",South,Consumer,2/19/2013,Economy Plus,
BN-2011-493873,2/15/2013,Tyson Ebden,"Hardenberg,Overijssel,Netherlands",Central,Consumer,2/20/2013,Economy,
BN-2011-408191,2/15/2013,Sophie Franklin,"Seville,Andalusía,Spain",South,Corporate,2/21/2013,Economy,
BN-2011-307477,2/16/2013,Maya O'Sullivan,"Muret,Languedoc-Roussillon-Midi-Pyrénées,France",Central,Corporate,2/19/2013,Economy Plus,
AZ-2011-8122214,2/18/2013,Ronald Everson,"Beaune,Bourgogne-Franche-Comté,France",Central,Corporate,2/24/2013,Economy,
AZ-2011-9155070,2/18/2013,Julian Mack,"Paris,Ile-de-France,France",Central,Consumer,2/23/2013,Economy,
AZ-2011-2939440,2/18/2013,Tegan Savage,"Castrop-Rauxel,North Rhine-Westphalia,Germany",Central,Consumer,2/22/2013,Economy Plus,
AZ-2011-2270958,2/21/2013,Eva Hargraves,"Milan,Lombardy,Italy",South,Consumer,2/26/2013,Economy,
BN-2011-555099,2/21/2013,Jonathan Summons,"Zurich,Zürich,Switzerland",Central,Consumer,2/25/2013,Economy,
AZ-2011-8091357,2/22/2013,Darcy Farnell,"Grosseto,Tuscany,Italy",South,Consumer,2/26/2013,Economy,
AZ-2011-6186921,2/22/2013,Katherine Grant,"Paris,Ile-de-France,France",Central,Consumer,2/24/2013,Economy Plus,
BN-2011-5307099,2/22/2013,Jared Wurster,"Dublin,Dublin,Ireland",North,Consumer,2/27/2013,Economy,
BN-2011-8574171,2/23/2013,Kayla Ronald,"Rome,Lazio,Italy",South,Corporate,2/28/2013,Economy,
AZ-2011-8279503,2/24/2013,Angus Reading,"Namur,Namur,Belgium",Central,Corporate,2/28/2013,Economy,
BN-2011-3728079,2/26/2013,Jodie Mellor,"Zaanstad,North Holland,Netherlands",Central,Consumer,3/4/2013,Economy,
AZ-2011-2777408,3/1/2013,Maya Summers,"Bochum,North Rhine-Westphalia,Germany",Central,Home Office,3/4/2013,Economy Plus,
AZ-2011-4069925,3/1/2013,Oscar Clayton,"Colmar,Alsace-Champagne-Ardenne-Lorraine,France",Central,Consumer,3/8/2013,Economy,
AZ-2011-7903656,3/1/2013,Angus De Groot,"Farnborough,England,United Kingdom",North,Corporate,3/6/2013,Economy,
AZ-2011-8074602,3/1/2013,Caleb Kenyon,"Berlin,Berlin,Germany",Central,Corporate,3/5/2013,Economy,
AZ-2011-1410648,3/1/2013,Carl Proctor,"Rome,Lazio,Italy",South,Consumer,3/5/2013,Economy,
AZ-2011-496083,3/1/2013,Spencer Akhtar,"Berlin,Berlin,Germany",Central,Consumer,3/5/2013,Economy,
AZ-2011-6969006,3/3/2013,Lincoln Want,"Rimini,Emilia-Romagna,Italy",South,Consumer,3/9/2013,Economy,
AZ-2011-5822789,3/7/2013,Niamh Mann,"Paris,Ile-de-France,France",Central,Consumer,3/8/2013,Priority,Critical
AZ-2011-7677596,3/8/2013,Nicole Nash,"Baden-Baden,Baden-Württemberg,Germany",Central,Consumer,3/13/2013,Economy,
AZ-2011-3190941,3/9/2013,Joshua Romero,"Madrid,Madrid,Spain",South,Consumer,3/12/2013,Priority,Critical
AZ-2011-5422408,3/10/2013,John Kemp,"Pforzheim,Baden-Württemberg,Germany",Central,Home Office,3/10/2013,Immediate,Critical
AZ-2011-9147715,3/10/2013,Ryan Greenwood,"Sheffield,England,United Kingdom",North,Consumer,3/14/2013,Economy,
AZ-2011-1278696,3/10/2013,Naomi Hancock,"Coventry,England,United Kingdom",North,Corporate,3/17/2013,Economy,
AZ-2011-8295770,3/11/2013,Thomas Stephens,"Berlin,Berlin,Germany",Central,Corporate,3/14/2013,Priority,Critical
AZ-2011-3714764,3/11/2013,Ashton Charles,"Pessac,Aquitaine-Limousin-Poitou-Charentes,France",Central,Consumer,3/15/2013,Economy,
AZ-2011-4612792,3/12/2013,Shannon Howe,"Helsinki,Uusimaa,Finland",North,Consumer,3/19/2013,Economy,
AZ-2011-7682838,3/12/2013,Joseph Ford,"Basel,Basel-Stadt,Switzerland",Central,Corporate,3/17/2013,Economy,
AZ-2011-9700826,3/14/2013,Alexander Bennett,"Berlin,Berlin,Germany",Central,Corporate,3/18/2013,Economy,
AZ-2011-6222257,3/14/2013,Koby Phillip,"Bonn,North Rhine-Westphalia,Germany",Central,Consumer,3/16/2013,Priority,Critical
AZ-2011-823697,3/14/2013,Thomas McCallum,"Leipzig,Saxony,Germany",Central,Consumer,3/17/2013,Economy Plus,
AZ-2011-5265250,3/14/2013,Donna Nash,"Tourcoing,Nord-Pas-de-Calais-Picardie,France",Central,Corporate,3/19/2013,Economy Plus,
BN-2011-1399750,3/15/2013,Wanda Wingert,"London,England,United Kingdom",North,Consumer,3/15/2013,Immediate,Critical
AZ-2011-254910,3/16/2013,Scarlett Truchanas,"Bari,Apulia,Italy",South,Corporate,3/21/2013,Economy,
AZ-2011-8252363,3/17/2013,Jessica Paramor,"Magdeburg,Saxony-Anhalt,Germany",Central,Corporate,3/23/2013,Economy,
AZ-2011-1584987,3/18/2013,Charlie Brooks,"Marseille,Provence-Alpes-Côte d'Azur,France",Central,Consumer,3/22/2013,Economy,
AZ-2011-4707711,3/18/2013,Sam Wood,"Noisy-le-Sec,Ile-de-France,France",Central,Home Office,3/20/2013,Priority,Critical
AZ-2011-7499604,3/21/2013,Gabriel Sanders,"Stavanger,Rogaland,Norway",North,Consumer,3/26/2013,Economy,
AZ-2011-1916360,3/21/2013,Charles Builder,"Cagliari,Sardinia,Italy",South,Consumer,3/23/2013,Economy Plus,
AZ-2011-2169445,3/21/2013,Aaron Bootman,"Marsala,Sicily,Italy",South,Consumer,3/24/2013,Priority,Critical
AZ-2011-7024596,3/21/2013,Kayla Tearle,"Basel,Basel-Stadt,Switzerland",Central,Corporate,3/25/2013,Economy,
BN-2011-7253620,3/21/2013,Kayla Ronald,"Emmen,Drenthe,Netherlands",Central,Corporate,3/27/2013,Economy,
AZ-2011-6314494,3/22/2013,Mary Wilson,"Augsburg,Bavaria,Germany",Central,Consumer,3/27/2013,Economy Plus,
AZ-2011-3556179,3/23/2013,Paige Horsfall,"Stralsund,Mecklenburg-Vorpommern,Germany",Central,Home Office,3/27/2013,Economy,
AZ-2011-8308381,3/24/2013,Lily Tyler,"Carcassonne,Languedoc-Roussillon-Midi-Pyrénées,France",Central,Home Office,3/27/2013,Priority,Critical
AZ-2011-5004051,3/25/2013,Charlie Wells,"Sheffield,England,United Kingdom",North,Home Office,3/27/2013,Economy Plus,
AZ-2011-9505872,3/25/2013,Edward Zwar,"Munich,Bavaria,Germany",Central,Consumer,3/27/2013,Economy Plus,
AZ-2011-8738856,3/25/2013,Anthony Stewart,"Wigan,England,United Kingdom",North,Home Office,3/27/2013,Priority,Critical
BN-2011-8211228,3/25/2013,Sharon Kerley,"Helmond,North Brabant,Netherlands",Central,Consumer,3/30/2013,Economy Plus,
AZ-2011-5185285,3/26/2013,Samuel Thomas,"Castres,Languedoc-Roussillon-Midi-Pyrénées,France",Central,Consumer,3/28/2013,Priority,Critical
BN-2011-9474783,3/26/2013,Benjamin Humphries,"Zurich,Zürich,Switzerland",Central,Consumer,4/1/2013,Economy,
AZ-2011-4565223,3/28/2013,Morgan Anderson,"Foligno,Umbria,Italy",South,Corporate,4/1/2013,Economy,
BN-2011-6425274,3/28/2013,Luca Graham,"Dresden,Saxony,Germany",Central,Consumer,4/2/2013,Economy,
AZ-2011-8743509,3/29/2013,Chelsea Bannister,"Hamm,North Rhine-Westphalia,Germany",Central,Consumer,3/30/2013,Priority,Critical
BN-2011-2502895,3/29/2013,Juanita Smalls,"Hanover,Lower Saxony,Germany",Central,Home Office,4/4/2013,Economy,
AZ-2011-8369879,3/30/2013,Alexis Code,"Troisdorf,North Rhine-Westphalia,Germany",Central,Corporate,4/3/2013,Economy,
AZ-2011-5463300,3/31/2013,Toby Conway,"Geneva,Geneva,Switzerland",Central,Consumer,4/4/2013,Economy,
AZ-2011-8060803,3/31/2013,Adam Bentley,"Newcastle upon Tyne,England,United Kingdom",North,Consumer,4/4/2013,Economy,
BN-2011-2967562,3/31/2013,Angus De Groot,"Gothenburg,Västra Götaland,Sweden",North,Corporate,4/6/2013,Economy,
AZ-2011-8060550,4/1/2013,Harry Nelson,"Treviso,Veneto,Italy",South,Consumer,4/4/2013,Priority,Critical
BN-2011-6893107,4/1/2013,Kayla Tearle,"Rome,Lazio,Italy",South,Corporate,4/4/2013,Priority,Critical
AZ-2011-7089649,4/4/2013,Daryl Claypool,"Le Havre,Normandy,France",Central,Corporate,4/9/2013,Economy,
AZ-2011-9409671,4/4/2013,Aaron Bootman,"Edinburgh,Scotland,United Kingdom",North,Consumer,4/9/2013,Economy,
AZ-2011-7659767,4/4/2013,Alexandra Macdonald,"Saint-Priest,Auvergne-Rhône-Alpes,France",Central,Corporate,4/6/2013,Priority,Critical
AZ-2011-3089735,4/5/2013,Alexandra Macdonald,"La Seyne-sur-Mer,Provence-Alpes-Côte d'Azur,France",Central,Corporate,4/9/2013,Economy,
AZ-2011-3293357,4/6/2013,Skye McCaffrey,"Lattes,Languedoc-Roussillon-Midi-Pyrénées,France",Central,Consumer,4/12/2013,Economy,
AZ-2011-5817638,4/6/2013,Michelle Barrett,"Geneva,Geneva,Switzerland",Central,Consumer,4/10/2013,Economy,
AZ-2011-7072417,4/7/2013,Evie Rees,"Le Blanc-Mesnil,Ile-de-France,France",Central,Consumer,4/13/2013,Economy,
AZ-2011-2762983,4/7/2013,David Harney,"Essen,North Rhine-Westphalia,Germany",Central,Corporate,4/11/2013,Economy Plus,
BN-2011-5443120,4/9/2013,Kaitlyn Dorsch,"Coimbra,Coimbra,Portugal",South,Corporate,4/11/2013,Economy Plus,
AZ-2011-3885003,4/11/2013,Logan Tilley,"Bonn,North Rhine-Westphalia,Germany",Central,Consumer,4/13/2013,Economy Plus,
AZ-2011-107716,4/11/2013,Corey Norton,"Marseille,Provence-Alpes-Côte d'Azur,France",Central,Consumer,4/16/2013,Economy,
AZ-2011-4173505,4/12/2013,Owen Howell,"Ponferrada,Castile and León,Spain",South,Home Office,4/16/2013,Economy Plus,
BN-2011-6178410,4/12/2013,Molly Palmer,"Nacka,Stockholm,Sweden",North,Corporate,4/13/2013,Priority,Critical
AZ-2011-1546153,4/14/2013,Nicholas Carey,"Crewe,England,United Kingdom",North,Consumer,4/18/2013,Economy,
AZ-2011-122598,4/14/2013,Eve Bates,"Duisburg,North Rhine-Westphalia,Germany",Central,Consumer,4/17/2013,Priority,Critical
AZ-2011-231889,4/15/2013,Molly Palmer,"Montigny-le-Bretonneux,Ile-de-France,France",Central,Corporate,4/17/2013,Economy Plus,
BN-2011-7646735,4/16/2013,Gerald Galvan,"Apeldoorn,Gelderland,Netherlands",Central,Corporate,4/21/2013,Economy,
AZ-2011-3304186,4/18/2013,Benjamin Lee,"Brindisi,Apulia,Italy",South,Corporate,4/20/2013,Economy Plus,
AZ-2011-9598217,4/18/2013,Donald Pak,"Hamburg,Hamburg,Germany",Central,Corporate,4/22/2013,Economy,
BN-2011-1677989,4/18/2013,Alexander Bennett,"Fontainebleau,Ile-de-France,France",Central,Corporate,4/25/2013,Economy,
AZ-2011-332801,4/19/2013,Koby Tompson,"Riom,Auvergne-Rhône-Alpes,France",Central,Consumer,4/25/2013,Economy,
AZ-2011-4613853,4/19/2013,Mackenzie Whitford,"Limoges,Aquitaine-Limousin-Poitou-Charentes,France",Central,Consumer,4/24/2013,Economy Plus,
AZ-2011-6557147,4/20/2013,Sofia de Castella,"Potsdam,Brandenburg,Germany",Central,Consumer,4/26/2013,Economy,
AZ-2011-804486,4/20/2013,Eve Spencer,"Lowestoft,England,United Kingdom",North,Consumer,4/26/2013,Economy,
BN-2011-5751868,4/20/2013,Amy Nixon,"Dublin,Dublin,Ireland",North,Consumer,4/27/2013,Economy,
AZ-2011-252578,4/21/2013,Sebastian McClelland,"Elx,Valenciana,Spain",South,Consumer,4/26/2013,Economy,
AZ-2011-643323,4/22/2013,Luca Varley,"Sannois,Ile-de-France,France",Central,Corporate,4/26/2013,Economy,
BN-2011-2002150,4/25/2013,Tara Hines,"Rotterdam,South Holland,Netherlands",Central,Consumer,4/30/2013,Economy,
AZ-2011-5690380,4/26/2013,Jay Andrews,"Halifax,England,United Kingdom",North,Consumer,4/30/2013,Economy,
AZ-2011-1362591,4/26/2013,Ava Giles,"Duisburg,North Rhine-Westphalia,Germany",Central,Corporate,5/1/2013,Economy,
BN-2011-7884993,4/26/2013,Gracie Powell,"Paris,Ile-de-France,France",Central,Consumer,4/27/2013,Immediate,Critical
BN-2011-5290627,4/26/2013,Kristal McCaslin,"Milan,Lombardy,Italy",South,Corporate,5/2/2013,Economy,
AZ-2011-5098375,4/27/2013,Mariam McMeckan,"Rubí,Catalonia,Spain",South,Corporate,5/2/2013,Economy,
AZ-2011-8844789,4/27/2013,Lori Miller,"Le Petit-Quevilly,Normandy,France",Central,Consumer,5/3/2013,Economy,
BN-2011-357064,4/27/2013,William Somerville,"Nijmegen,Gelderland,Netherlands",Central,Corporate,5/2/2013,Economy,
BN-2011-5672017,4/27/2013,Louie Knight,"Chaumont,Alsace-Champagne-Ardenne-Lorraine,France",Central,Consumer,5/3/2013,Economy,
AZ-2011-4159708,4/28/2013,Jodie Garner,"Vernon,Normandy,France",Central,Consumer,5/4/2013,Economy,
AZ-2011-1372644,4/29/2013,Imogen Daly,"Geneva,Geneva,Switzerland",Central,Consumer,5/5/2013,Economy,
AZ-2011-3114201,4/29/2013,Mohammed Fox,"Cholet,Pays de la Loire,France",Central,Consumer,5/3/2013,Economy,
AZ-2011-2564570,4/29/2013,Charlotte Taylor,"Siena,Tuscany,Italy",South,Consumer,5/3/2013,Economy,
AZ-2011-6133674,4/29/2013,Melody Nelson,"Cesena,Emilia-Romagna,Italy",South,Corporate,5/3/2013,Economy,
AZ-2011-7804688,4/29/2013,Jacob Roemer,"Nogent-sur-Oise,Nord-Pas-de-Calais-Picardie,France",Central,Corporate,5/3/2013,Economy,
AZ-2011-5801302,4/29/2013,Leslie Wilson,"Antwerp,Antwerp,Belgium",Central,Consumer,5/1/2013,Priority,Critical
AZ-2011-7732593,5/2/2013,Eileen Walker,"Pontoise,Ile-de-France,France",Central,Consumer,5/6/2013,Economy,
AZ-2011-1672552,5/2/2013,Sam French,"Krefeld,North Rhine-Westphalia,Germany",Central,Consumer,5/9/2013,Economy,
AZ-2011-3348631,5/3/2013,Ebony Sadlier,"Bremen,Bremen,Germany",Central,Corporate,5/7/2013,Economy Plus,
AZ-2011-9958697,5/4/2013,Dylan Disney,"Augsburg,Bavaria,Germany",Central,Home Office,5/9/2013,Economy,
AZ-2011-7976569,5/4/2013,Toby Clunie,"London,England,United Kingdom",North,Consumer,5/8/2013,Economy,
AZ-2011-821395,5/4/2013,Rose Heap,"Munich,Bavaria,Germany",Central,Consumer,5/7/2013,Economy Plus,
AZ-2011-6843566,5/4/2013,Edward Webber,"Moers,North Rhine-Westphalia,Germany",Central,Home Office,5/8/2013,Economy,
AZ-2011-6807336,5/4/2013,Philip Newsom,"Ulm,Baden-Württemberg,Germany",Central,Corporate,5/10/2013,Economy,
AZ-2011-6172786,5/5/2013,Louis Scott,"Vienna,Vienna,Austria",Central,Corporate,5/10/2013,Economy,
BN-2011-8990099,5/5/2013,John Kemp,"Erfurt,Thuringia,Germany",Central,Home Office,5/11/2013,Economy,
AZ-2011-3973701,5/6/2013,Eva Arnold,"Watford,England,United Kingdom",North,Consumer,5/8/2013,Priority,Critical
AZ-2011-5289752,5/7/2013,Lisa Watkins,"Alcobendas,Madrid,Spain",South,Consumer,5/9/2013,Economy Plus,
BN-2011-4790136,5/7/2013,Richard Poole,"Amsterdam,North Holland,Netherlands",Central,Home Office,5/12/2013,Economy Plus,
BN-2011-827720,5/9/2013,Ewan Hyde,"Stockholm,Stockholm,Sweden",North,Consumer,5/14/2013,Economy,
BN-2011-7286308,5/9/2013,Patricia Smith,"Porto,Porto,Portugal",South,Corporate,5/12/2013,Priority,Critical
AZ-2011-2112563,5/10/2013,Francesca Bowen,"Champigny-sur-Marne,Ile-de-France,France",Central,Consumer,5/15/2013,Economy,
AZ-2011-7847155,5/10/2013,Denise Harris,"Dudley,England,United Kingdom",North,Consumer,5/14/2013,Economy,
BN-2011-8749099,5/10/2013,Phoebe Moore,"Barcelona,Catalonia,Spain",South,Corporate,5/10/2013,Immediate,Critical
BN-2011-8234232,5/10/2013,Erick Tanner,"Stockholm,Stockholm,Sweden",North,Corporate,5/12/2013,Economy Plus,
BN-2011-1627157,5/11/2013,Viola Watson,"Apeldoorn,Gelderland,Netherlands",Central,Consumer,5/15/2013,Economy Plus,
AZ-2011-6296469,5/12/2013,Maddison Newman,"Utrecht,Utrecht,Netherlands",Central,Corporate,5/17/2013,Economy,
BN-2011-7737747,5/12/2013,Patrick Townson,"Bordeaux,Aquitaine-Limousin-Poitou-Charentes,France",Central,Home Office,5/14/2013,Priority,Critical
AZ-2011-6532640,5/13/2013,Jason Roger,"Messina,Sicily,Italy",South,Corporate,5/15/2013,Economy Plus,
AZ-2011-7005483,5/13/2013,Robert James,"Vincennes,Ile-de-France,France",Central,Home Office,5/17/2013,Economy,
AZ-2011-2189408,5/15/2013,Edward Hodges,"Neuilly-sur-Marne,Ile-de-France,France",Central,Consumer,5/19/2013,Economy Plus,
BN-2011-815729,5/16/2013,Ralph Holmes,"Dublin,Dublin,Ireland",North,Consumer,5/21/2013,Economy,
AZ-2011-9083887,5/17/2013,Tina Phelps,"Milan,Lombardy,Italy",South,Consumer,5/23/2013,Economy,
AZ-2011-1366554,5/18/2013,Rebecca Chamberlain,"Argenteuil,Ile-de-France,France",Central,Home Office,5/18/2013,Immediate,Critical
AZ-2011-7326281,5/18/2013,Maddison Breen,"Berlin,Berlin,Germany",Central,Corporate,5/22/2013,Economy,
AZ-2011-3434177,5/18/2013,Ryan Price,"Vienna,Vienna,Austria",Central,Consumer,5/24/2013,Economy,
BN-2011-5141814,5/18/2013,Gabriel Sanders,"Quartu Sant'Elena,Sardinia,Italy",South,Consumer,5/25/2013,Economy,
AZ-2011-309750,5/19/2013,Milla Hollinworth,"Toledo,Castile-La Mancha,Spain",South,Corporate,5/23/2013,Economy,
AZ-2011-6212291,5/19/2013,Henry Chandler,"Rennes,Brittany,France",Central,Home Office,5/21/2013,Economy Plus,
AZ-2011-1474073,5/21/2013,Mary Parker,"Rome,Lazio,Italy",South,Corporate,5/27/2013,Economy,
BN-2011-553410,5/21/2013,Bianca Monsoor,"Breda,North Brabant,Netherlands",Central,Consumer,5/25/2013,Economy Plus,
BN-2011-5294325,5/25/2013,Angus Reading,"Naples,Campania,Italy",South,Corporate,5/29/2013,Economy,
AZ-2011-8742773,5/26/2013,Alana Zahel,"Lisieux,Normandy,France",Central,Consumer,5/28/2013,Priority,Critical
AZ-2011-8973571,5/26/2013,Lily Dallachy,"Portsmouth,England,United Kingdom",North,Corporate,5/30/2013,Economy,
AZ-2011-3247022,5/26/2013,Louis Wilson,"London,England,United Kingdom",North,Consumer,6/2/2013,Economy,
AZ-2011-2598415,5/27/2013,Lincoln Want,"Pulheim,North Rhine-Westphalia,Germany",Central,Consumer,5/30/2013,Priority,Critical
AZ-2011-4835209,5/27/2013,Esther Henderson,"Hamburg,Hamburg,Germany",Central,Consumer,5/31/2013,Economy,
BN-2011-602308,5/27/2013,Mariam McMeckan,"Stockholm,Stockholm,Sweden",North,Corporate,5/30/2013,Priority,Critical
AZ-2011-5869323,5/28/2013,Elijah Sodeman,"Luton,England,United Kingdom",North,Consumer,6/2/2013,Economy,
BN-2011-6162681,5/30/2013,Angus Ibsch,"Talence,Aquitaine-Limousin-Poitou-Charentes,France",Central,Consumer,6/2/2013,Priority,Critical
BN-2011-764592,5/31/2013,Leon Thompson,"Rome,Lazio,Italy",South,Consumer,6/5/2013,Economy,
AZ-2011-1655349,6/1/2013,Lorri Stratton,"Deuil-la-Barre,Ile-de-France,France",Central,Consumer,6/6/2013,Economy,
AZ-2011-2820672,6/1/2013,Rachel Tyler,"Lyon,Auvergne-Rhône-Alpes,France",Central,Corporate,6/5/2013,Economy,
AZ-2011-1723003,6/1/2013,Paige Horsfall,"Barcelona,Catalonia,Spain",South,Home Office,6/5/2013,Economy,
AZ-2011-5002447,6/1/2013,Maddison Breen,"Cork,Cork,Ireland",North,Corporate,6/6/2013,Economy,
AZ-2011-3515834,6/1/2013,Molly Crawford,"Wigan,England,United Kingdom",North,Corporate,6/4/2013,Priority,Critical
AZ-2011-3846849,6/1/2013,Tyler Whitehead,"Warrington,England,United Kingdom",North,Corporate,6/4/2013,Economy Plus,
AZ-2011-1332474,6/2/2013,David Mortlock,"Milan,Lombardy,Italy",South,Consumer,6/7/2013,Economy,
AZ-2011-3020021,6/2/2013,Bianca Whitford,"London,England,United Kingdom",North,Corporate,6/7/2013,Economy,
BN-2011-9771202,6/2/2013,Angus De Groot,"Augsburg,Bavaria,Germany",Central,Corporate,6/4/2013,Economy Plus,
BN-2011-8337636,6/2/2013,Minnie Cash,"Groningen,Groningen,Netherlands",Central,Corporate,6/7/2013,Economy Plus,
BN-2011-4249147,6/3/2013,Ada Dalton,"Strasbourg,Alsace-Champagne-Ardenne-Lorraine,France",Central,Corporate,6/8/2013,Economy,
AZ-2011-6122805,6/4/2013,Molly De Mole,"Edinburgh,Scotland,United Kingdom",North,Corporate,6/10/2013,Economy,
BN-2011-7796258,6/4/2013,Elise Ali,"Hanover,Lower Saxony,Germany",Central,Home Office,6/9/2013,Economy,
AZ-2011-2948812,6/6/2013,Eva Butler,"Oyonnax,Auvergne-Rhône-Alpes,France",Central,Corporate,6/9/2013,Priority,Critical
AZ-2011-7014445,6/6/2013,Rory Gunson,"Vienna,Vienna,Austria",Central,Consumer,6/7/2013,Priority,Critical
AZ-2011-8121091,6/6/2013,Maya Pamphlett,"Cologne,North Rhine-Westphalia,Germany",Central,Consumer,6/8/2013,Economy Plus,
AZ-2011-8223268,6/6/2013,Harry Ahmed,"Marseille,Provence-Alpes-Côte d'Azur,France",Central,Consumer,6/9/2013,Priority,Critical
AZ-2011-2179552,6/6/2013,Pamela Searles,"London,England,United Kingdom",North,Home Office,6/10/2013,Economy,
AZ-2011-9876342,6/6/2013,Charlie Donnelly,"Colchester,England,United Kingdom",North,Consumer,6/13/2013,Economy,
BN-2011-9297999,6/6/2013,Tilly Payne,"Dublin,Dublin,Ireland",North,Consumer,6/10/2013,Economy,
AZ-2011-7200468,6/7/2013,Molly Bidmead,"Paris,Ile-de-France,France",Central,Home Office,6/11/2013,Economy,
AZ-2011-981373,6/7/2013,Samuel Hardey,"Drancy,Ile-de-France,France",Central,Home Office,6/11/2013,Economy,
AZ-2011-4872140,6/7/2013,Erin Rogers,"Mannheim,Baden-Württemberg,Germany",Central,Consumer,6/12/2013,Economy,
AZ-2011-3308302,6/7/2013,Carrie Boots,"Evreux,Normandy,France",Central,Corporate,6/9/2013,Economy Plus,
AZ-2011-2118516,6/7/2013,Madeline Crooks,"Norwich,England,United Kingdom",North,Consumer,6/11/2013,Economy,
AZ-2011-4599404,6/7/2013,Susan Williams,"Southend-on-Sea,England,United Kingdom",North,Home Office,6/12/2013,Economy,
BN-2011-4708578,6/7/2013,Steven Prince,"Palermo,Sicily,Italy",South,Home Office,6/13/2013,Economy,
BN-2011-28993,6/7/2013,Louise Winter,"Worcester,England,United Kingdom",North,Corporate,6/8/2013,Priority,Critical
AZ-2011-1240916,6/8/2013,Tyson Hanna,"Ghent,East Flanders,Belgium",Central,Consumer,6/11/2013,Priority,Critical
AZ-2011-2143841,6/8/2013,Joseph Locke,"Berlin,Berlin,Germany",Central,Corporate,6/12/2013,Economy,
AZ-2011-2875746,6/8/2013,Harry Ahmed,"Chatham,England,United Kingdom",North,Consumer,6/12/2013,Economy,
AZ-2011-1584049,6/8/2013,Georgina Garner,"Ceuta,Ceuta,Spain",South,Consumer,6/13/2013,Economy,
AZ-2011-8788804,6/9/2013,Ellie Chapman,"Mannheim,Baden-Württemberg,Germany",Central,Home Office,6/14/2013,Economy,
AZ-2011-5917724,6/9/2013,Tyler Miah,"Remscheid,North Rhine-Westphalia,Germany",Central,Home Office,6/9/2013,Immediate,Critical
AZ-2011-1116129,6/9/2013,Marcus Leon,"Munich,Bavaria,Germany",Central,Corporate,6/11/2013,Economy Plus,
BN-2011-2203231,6/9/2013,Katie Thom,"Toulouse,Languedoc-Roussillon-Midi-Pyrénées,France",Central,Corporate,6/12/2013,Economy Plus,
BN-2011-8607391,6/9/2013,William Reichert,"Hautmont,Nord-Pas-de-Calais-Picardie,France",Central,Consumer,6/10/2013,Priority,Critical
AZ-2011-1174243,6/10/2013,Louis Scott,"London,England,United Kingdom",North,Corporate,6/13/2013,Priority,Critical
BN-2011-1694636,6/10/2013,Jayden Ali,"Lille,Nord-Pas-de-Calais-Picardie,France",Central,Consumer,6/13/2013,Priority,Critical
BN-2011-4315830,6/10/2013,Adam Harte,"Aprilia,Lazio,Italy",South,Corporate,6/16/2013,Economy,
AZ-2011-4087409,6/11/2013,Anna Leal,"Vienna,Vienna,Austria",Central,Consumer,6/14/2013,Priority,Critical
AZ-2011-8128618,6/11/2013,Theresa Varner,"Milan,Lombardy,Italy",South,Corporate,6/11/2013,Immediate,Critical
AZ-2011-9350558,6/13/2013,Hubert Lindahl,"Thonon-les-Bains,Auvergne-Rhône-Alpes,France",Central,Corporate,6/18/2013,Economy,
AZ-2011-555801,6/13/2013,Angus Gether,"Vitry-sur-Seine,Ile-de-France,France",Central,Consumer,6/18/2013,Economy Plus,
AZ-2011-8824972,6/13/2013,Zara Money,"Antwerp,Antwerp,Belgium",Central,Corporate,6/16/2013,Priority,Critical
AZ-2011-9119536,6/13/2013,Ethan Barrett,"Venice,Veneto,Italy",South,Consumer,6/17/2013,Economy,
AZ-2011-6646927,6/14/2013,Eve Bates,"Bamberg,Bavaria,Germany",Central,Consumer,6/18/2013,Economy Plus,
AZ-2011-1335871,6/14/2013,Ruby Patel,"London,England,United Kingdom",North,Home Office,6/18/2013,Economy,
AZ-2011-4229445,6/14/2013,Casey Forte,"Bolton,England,United Kingdom",North,Consumer,6/18/2013,Economy,
AZ-2011-5228035,6/15/2013,Kelly Long,"Vienna,Vienna,Austria",Central,Corporate,6/17/2013,Priority,Critical
AZ-2011-96343,6/15/2013,Peter Daly,"Halmstad,Halland,Sweden",North,Consumer,6/17/2013,Priority,Critical
BN-2011-7723992,6/15/2013,Sofia de Castella,"Paris,Ile-de-France,France",Central,Consumer,6/21/2013,Economy,
AZ-2011-1253407,6/16/2013,Isabella Falkiner,"Odense,South Denmark,Denmark",North,Corporate,6/19/2013,Priority,Critical
AZ-2011-6268545,6/16/2013,Hayden Perkins,"Aprilia,Lazio,Italy",South,Consumer,6/17/2013,Priority,Critical
AZ-2011-310635,6/16/2013,Susan Williams,"Wallasey,England,United Kingdom",North,Home Office,6/20/2013,Economy,
AZ-2011-7695869,6/16/2013,Lauren Knight,"London,England,United Kingdom",North,Consumer,6/18/2013,Economy Plus,
BN-2011-5228628,6/16/2013,Robert Zapata,"Southport,England,United Kingdom",North,Consumer,6/20/2013,Economy Plus,
AZ-2011-8734686,6/17/2013,Michael Watkins,"Talence,Aquitaine-Limousin-Poitou-Charentes,France",Central,Home Office,6/22/2013,Economy,
AZ-2011-6819869,6/17/2013,Josh Wilkinson,"Lormont,Aquitaine-Limousin-Poitou-Charentes,France",Central,Corporate,6/19/2013,Priority,Critical
BN-2011-2650591,6/17/2013,Lucas Wood,"Maisons-Alfort,Ile-de-France,France",Central,Corporate,6/24/2013,Economy,
BN-2011-8274717,6/17/2013,Marcus Griffin,"Wolverhampton,England,United Kingdom",North,Home Office,6/20/2013,Priority,Critical
BN-2011-3154402,6/17/2013,Larry Lambert,"Gothenburg,Västra Götaland,Sweden",North,Consumer,6/21/2013,Economy,
AZ-2011-8968615,6/18/2013,Sam French,"Vienna,Vienna,Austria",Central,Consumer,6/22/2013,Economy,
AZ-2011-9703855,6/18/2013,Nancy Fike,"Valladolid,Castile and León,Spain",South,Consumer,6/25/2013,Economy,
BN-2011-5897988,6/18/2013,Casey Forte,"Pamplona,Navarra,Spain",South,Consumer,6/20/2013,Economy Plus,
AZ-2011-9747557,6/20/2013,Don Willie,"Venice,Veneto,Italy",South,Corporate,6/24/2013,Economy,
AZ-2011-9528187,6/20/2013,Charlie Power,"Mansfield,England,United Kingdom",North,Home Office,6/24/2013,Economy,
BN-2011-2779245,6/20/2013,Stella Hellyer,"Perpignan,Languedoc-Roussillon-Midi-Pyrénées,France",Central,Consumer,6/24/2013,Economy,
AZ-2011-9777525,6/21/2013,Charlie Horrocks,"Weston-super-Mare,England,United Kingdom",North,Consumer,6/27/2013,Economy,
AZ-2011-209146,6/22/2013,Charlie Horrocks,"Messina,Sicily,Italy",South,Consumer,6/27/2013,Economy,
AZ-2011-9153342,6/22/2013,Harold Smith,"Hagen,North Rhine-Westphalia,Germany",Central,Consumer,6/25/2013,Economy Plus,
AZ-2011-7162549,6/22/2013,Tammy Chamblee,"Minden,North Rhine-Westphalia,Germany",Central,Consumer,6/26/2013,Economy,
AZ-2011-4946550,6/22/2013,Joseph Locke,"Vienna,Vienna,Austria",Central,Corporate,6/25/2013,Priority,Critical
AZ-2011-7543304,6/22/2013,Lane Taylor,"Ludwigshafen am Rhein,Rhineland-Palatinate,Germany",Central,Corporate,6/26/2013,Economy,
BN-2011-9883465,6/22/2013,Sophia Owen,"Zwolle,Overijssel,Netherlands",Central,Corporate,6/24/2013,Economy Plus,
AZ-2011-9194903,6/24/2013,Ralph Holmes,"La Seyne-sur-Mer,Provence-Alpes-Côte d'Azur,France",Central,Consumer,6/28/2013,Economy,
AZ-2011-8847796,6/24/2013,Walter Aguilar,"Madrid,Madrid,Spain",South,Consumer,6/28/2013,Economy,
BN-2011-3243410,6/24/2013,David Lowe,"Roermond,Limburg,Netherlands",Central,Consumer,6/29/2013,Economy,
BN-2011-151204,6/24/2013,Benjamin Lee,"Freiburg,Baden-Württemberg,Germany",Central,Corporate,6/30/2013,Economy,
BN-2011-7016974,6/25/2013,Jordan Peacock,"Stockholm,Stockholm,Sweden",North,Corporate,7/1/2013,Economy,
AZ-2011-2884922,6/27/2013,Courtney Hancock,"Roanne,Auvergne-Rhône-Alpes,France",Central,Consumer,7/2/2013,Economy,
AZ-2011-635398,6/27/2013,Georgina Garner,"Vienna,Vienna,Austria",Central,Consumer,6/29/2013,Economy Plus,
AZ-2011-2627856,6/27/2013,Randall Roberts,"Las Rozas de Madrid,Madrid,Spain",South,Consumer,7/3/2013,Economy,
AZ-2011-3901505,6/27/2013,Kayla Tearle,"Mont-de-Marsan,Aquitaine-Limousin-Poitou-Charentes,France",Central,Corporate,7/2/2013,Economy,
AZ-2011-177100,6/27/2013,Edward Davidson,"Gallarate,Lombardy,Italy",South,Home Office,7/1/2013,Economy,
AZ-2011-4442288,6/27/2013,Mike Langer,"Wiesbaden,Hesse,Germany",Central,Corporate,6/28/2013,Immediate,Critical
AZ-2011-3921026,6/27/2013,Jordan Peacock,"Saint-Laurent-du-Var,Provence-Alpes-Côte d'Azur,France",Central,Corporate,7/2/2013,Economy,
BN-2011-3143758,6/27/2013,Kimberly Boyd,"Messina,Sicily,Italy",South,Corporate,7/3/2013,Economy,
AZ-2011-7652463,6/28/2013,Ava Corbin,"Berlin,Berlin,Germany",Central,Home Office,7/5/2013,Economy,
AZ-2011-6447932,6/28/2013,William Martin,"Barcelona,Catalonia,Spain",South,Corporate,7/3/2013,Economy,
AZ-2011-5827692,6/28/2013,Jonathan Bottrill,"Glasgow,Scotland,United Kingdom",North,Consumer,7/2/2013,Economy,
AZ-2011-1260928,6/28/2013,Ruby Frost,"Torremolinos,Andalusía,Spain",South,Home Office,7/4/2013,Economy,
AZ-2011-5082038,6/28/2013,Lane Taylor,"Anglet,Aquitaine-Limousin-Poitou-Charentes,France",Central,Corporate,7/1/2013,Priority,Critical
BN-2011-1481332,6/28/2013,Sam French,"London,England,United Kingdom",North,Consumer,7/2/2013,Economy,
AZ-2011-2389500,6/29/2013,Jack Brier,"Paris,Ile-de-France,France",Central,Consumer,7/3/2013,Economy,
BN-2011-8231931,6/29/2013,Laura Akhtar,"London,England,United Kingdom",North,Consumer,7/6/2013,Economy,
AZ-2011-1722024,7/1/2013,Chelsea Bannister,"Coventry,England,United Kingdom",North,Consumer,7/3/2013,Priority,Critical
BN-2011-9985747,7/2/2013,Charlotte Savage,"Dublin,Dublin,Ireland",North,Consumer,7/3/2013,Priority,Critical
AZ-2011-8945919,7/6/2013,Daryl Claypool,"Bressuire,Aquitaine-Limousin-Poitou-Charentes,France",Central,Corporate,7/13/2013,Economy,
AZ-2011-1773848,7/6/2013,Desiree Hurt,"Gronau,North Rhine-Westphalia,Germany",Central,Home Office,7/10/2013,Economy,
AZ-2011-9520720,7/6/2013,Henry Pedder,"Rochdale,England,United Kingdom",North,Consumer,7/6/2013,Immediate,Critical
AZ-2011-5663696,7/7/2013,Paul Cleary,"Villingen-Schwenningen,Baden-Württemberg,Germany",Central,Corporate,7/12/2013,Economy,
AZ-2011-6053355,7/8/2013,Hollie Morris,"Les Lilas,Ile-de-France,France",Central,Corporate,7/12/2013,Economy Plus,
AZ-2011-8727445,7/8/2013,Mia McLean,"Hamburg,Hamburg,Germany",Central,Corporate,7/14/2013,Economy,
AZ-2011-6011646,7/9/2013,Nancy Fike,"Vincennes,Ile-de-France,France",Central,Consumer,7/13/2013,Economy,
AZ-2011-800016,7/9/2013,Denise Harris,"Linz,Upper Austria,Austria",Central,Consumer,7/13/2013,Economy,
AZ-2011-597829,7/11/2013,Liam Mathias,"Langenhagen,Lower Saxony,Germany",Central,Corporate,7/15/2013,Economy,
AZ-2011-7412293,7/12/2013,Georgina Garner,"Remscheid,North Rhine-Westphalia,Germany",Central,Consumer,7/14/2013,Economy Plus,
AZ-2011-5420037,7/12/2013,Caleb Kenyon,"Cottbus,Brandenburg,Germany",Central,Corporate,7/17/2013,Economy,
AZ-2011-7586957,7/12/2013,Robert Ramsey,"Marsala,Sicily,Italy",South,Consumer,7/18/2013,Economy,
BN-2011-2207137,7/12/2013,Juanita Smalls,"Birmingham,England,United Kingdom",North,Home Office,7/16/2013,Economy,
AZ-2011-2201547,7/13/2013,Lola Hughes,"Bideford,England,United Kingdom",North,Consumer,7/18/2013,Economy,
AZ-2011-9195433,7/14/2013,Kristina Moore,"Ponferrada,Castile and León,Spain",South,Corporate,7/20/2013,Economy,
BN-2011-6142692,7/14/2013,Jack Brier,"London,England,United Kingdom",North,Consumer,7/15/2013,Priority,Critical
AZ-2011-9806635,7/16/2013,Isabella Secombe,"Vienna,Vienna,Austria",Central,Consumer,7/19/2013,Economy Plus,
AZ-2011-4743912,7/18/2013,Cerys Edwards,"Landerneau,Brittany,France",Central,Consumer,7/24/2013,Economy,
AZ-2011-1693949,7/18/2013,Cynthia Zielinski,"Derby,England,United Kingdom",North,Home Office,7/23/2013,Economy,
AZ-2011-7849219,7/20/2013,Abby Mei,"Vantaa,Uusimaa,Finland",North,Corporate,7/20/2013,Immediate,Critical
BN-2011-2343184,7/20/2013,Rory Martindale,"Aylesbury,England,United Kingdom",North,Consumer,7/22/2013,Economy Plus,
BN-2011-5006178,7/21/2013,Amy Nixon,"Dublin,Dublin,Ireland",North,Consumer,7/25/2013,Economy Plus,
AZ-2011-3252710,7/22/2013,Archie Whittaker,"Hastings,England,United Kingdom",North,Home Office,7/24/2013,Economy Plus,
BN-2011-9020794,7/24/2013,Kian Thomson,"Vila Nova de Gaia,Porto,Portugal",South,Consumer,7/26/2013,Priority,Critical
AZ-2011-9278870,7/26/2013,Chloe Miller,"Stuttgart,Baden-Württemberg,Germany",Central,Consumer,7/30/2013,Economy,
AZ-2011-9510405,7/27/2013,Donald Pak,"Reus,Catalonia,Spain",South,Corporate,8/1/2013,Economy,
AZ-2011-2831492,7/27/2013,Jasper Neighbour,"Grosseto,Tuscany,Italy",South,Corporate,7/31/2013,Economy Plus,
AZ-2011-3976238,7/27/2013,Ashton Foley,"Bressuire,Aquitaine-Limousin-Poitou-Charentes,France",Central,Consumer,7/31/2013,Economy,
BN-2011-1490641,7/27/2013,Ali Jerger,"Genoa,Liguria,Italy",South,Corporate,7/29/2013,Priority,Critical
BN-2011-326585,7/27/2013,Lily Dallachy,"Cerignola,Apulia,Italy",South,Corporate,7/30/2013,Economy Plus,
AZ-2011-1603295,7/28/2013,Joel Peters,"La Madeleine,Nord-Pas-de-Calais-Picardie,France",Central,Home Office,8/4/2013,Economy,
BN-2011-743949,7/28/2013,Mohammed Fox,"The Hague,South Holland,Netherlands",Central,Consumer,8/1/2013,Economy,
AZ-2011-4432302,7/29/2013,Henry Winder,"Rostock,Mecklenburg-Vorpommern,Germany",Central,Corporate,7/31/2013,Economy Plus,
AZ-2011-1362199,7/29/2013,Luz Reilly,"Dresden,Saxony,Germany",Central,Consumer,8/5/2013,Economy,
BN-2011-5036253,7/29/2013,Lucas Wood,"Sheffield,England,United Kingdom",North,Corporate,8/1/2013,Priority,Critical
AZ-2011-5148757,7/31/2013,Ebony Sadlier,"Antwerp,Antwerp,Belgium",Central,Corporate,8/4/2013,Economy,
AZ-2011-1029887,7/31/2013,Brooke Hodgson,"Leipzig,Saxony,Germany",Central,Consumer,8/3/2013,Economy Plus,
AZ-2011-1680940,8/1/2013,Leslie Wilson,"Champigny-sur-Marne,Ile-de-France,France",Central,Consumer,8/8/2013,Economy,
AZ-2011-5466756,8/1/2013,Ellie Chapman,"Leverkusen,North Rhine-Westphalia,Germany",Central,Home Office,8/3/2013,Economy Plus,
AZ-2011-882043,8/2/2013,Leroy Samson,"Cestas,Aquitaine-Limousin-Poitou-Charentes,France",Central,Home Office,8/6/2013,Economy,
AZ-2011-7833524,8/3/2013,Mike Langer,"Huddersfield,England,United Kingdom",North,Corporate,8/7/2013,Economy,
AZ-2011-65889,8/3/2013,Hollie Morris,"Limoges,Aquitaine-Limousin-Poitou-Charentes,France",Central,Corporate,8/7/2013,Economy,
AZ-2011-2148580,8/3/2013,Demi Power,"Passau,Bavaria,Germany",Central,Consumer,8/6/2013,Economy Plus,
AZ-2011-1536006,8/3/2013,Norma McCowan,"Biarritz,Aquitaine-Limousin-Poitou-Charentes,France",Central,Consumer,8/8/2013,Economy,
BN-2011-3572647,8/3/2013,Eve Spencer,"Berlin,Berlin,Germany",Central,Consumer,8/5/2013,Economy Plus,
AZ-2011-8761469,8/4/2013,Erick Tanner,"Aix-en-Provence,Provence-Alpes-Côte d'Azur,France",Central,Corporate,8/6/2013,Economy Plus,
AZ-2011-8748429,8/4/2013,Noah Chamberlain,"Ashford,England,United Kingdom",North,Consumer,8/10/2013,Economy,
AZ-2011-7007630,8/4/2013,Eden Kern,"Kiel,Schleswig-Holstein,Germany",Central,Consumer,8/9/2013,Economy Plus,
AZ-2011-5097391,8/5/2013,Nancy Fike,"Basel,Basel-Stadt,Switzerland",Central,Consumer,8/10/2013,Economy Plus,
AZ-2011-8072611,8/5/2013,Aaron Cunningham,"Innsbruck,Tyrol,Austria",Central,Consumer,8/9/2013,Economy,
AZ-2011-6288321,8/5/2013,Eden Kern,"Cologne,North Rhine-Westphalia,Germany",Central,Consumer,8/8/2013,Priority,Critical
BN-2011-4396152,8/5/2013,Jodie Mellor,"Dordrecht,South Holland,Netherlands",Central,Consumer,8/12/2013,Economy,
AZ-2011-4764378,8/6/2013,Lauren Knight,"Belfort,Bourgogne-Franche-Comté,France",Central,Consumer,8/10/2013,Economy,
AZ-2011-130330,8/7/2013,Joseph Locke,"Vienna,Vienna,Austria",Central,Corporate,8/10/2013,Priority,Critical
AZ-2011-3117259,8/8/2013,Kiera Chandler,"Fontenay-aux-Roses,Ile-de-France,France",Central,Consumer,8/12/2013,Economy Plus,
AZ-2011-6535299,8/8/2013,Leo Bannister,"Courbevoie,Ile-de-France,France",Central,Home Office,8/14/2013,Economy,
AZ-2011-7868957,8/9/2013,Laura Akhtar,"Ajaccio,Corsica,France",Central,Consumer,8/12/2013,Priority,Critical
AZ-2011-3223139,8/9/2013,Anna Moreton,"Paris,Ile-de-France,France",Central,Corporate,8/10/2013,Priority,Critical
AZ-2011-3182961,8/9/2013,Norma McCowan,"Augsburg,Bavaria,Germany",Central,Consumer,8/11/2013,Priority,Critical
AZ-2011-3674097,8/9/2013,Tom Charlton,"Harrow,England,United Kingdom",North,Corporate,8/15/2013,Economy,
AZ-2011-5517169,8/9/2013,Andrew Shah,"Arnsberg,North Rhine-Westphalia,Germany",Central,Home Office,8/14/2013,Economy Plus,
AZ-2011-1916555,8/9/2013,Terence Welch,"Altamura,Apulia,Italy",South,Consumer,8/12/2013,Priority,Critical
AZ-2011-3227418,8/9/2013,Kiara Allen,"Frankfurt,Hesse,Germany",Central,Consumer,8/13/2013,Economy,
AZ-2011-5482172,8/9/2013,Tina Brantley,"Vallauris,Provence-Alpes-Côte d'Azur,France",Central,Home Office,8/13/2013,Economy,
AZ-2011-4802355,8/9/2013,Alana Tyson,"Valencia,Valenciana,Spain",South,Home Office,8/13/2013,Economy,
AZ-2011-1499597,8/10/2013,Eloise Mahmood,"Trento,Trentino-Alto Adige,Italy",South,Corporate,8/12/2013,Economy Plus,
AZ-2011-5059692,8/10/2013,Natasha Sykes,"London,England,United Kingdom",North,Consumer,8/17/2013,Economy,
AZ-2011-5707449,8/11/2013,Oliver Stephenson,"Parma,Emilia-Romagna,Italy",South,Consumer,8/16/2013,Economy,
AZ-2011-6919505,8/11/2013,Eva Sanderson,"Wiesbaden,Hesse,Germany",Central,Consumer,8/13/2013,Priority,Critical
AZ-2011-5526022,8/11/2013,Max Baker,"Halle,Saxony-Anhalt,Germany",Central,Home Office,8/16/2013,Economy Plus,
AZ-2011-2273790,8/11/2013,Leah Barrett,"Bologna,Emilia-Romagna,Italy",South,Consumer,8/13/2013,Priority,Critical
AZ-2011-2750871,8/12/2013,James Fleming,"Vienna,Vienna,Austria",Central,Corporate,8/17/2013,Economy,
AZ-2011-8338326,8/12/2013,Robert Ramsey,"Sunderland,England,United Kingdom",North,Consumer,8/19/2013,Economy,
AZ-2011-8207490,8/12/2013,Ellie Chapman,"Tarragona,Catalonia,Spain",South,Home Office,8/15/2013,Priority,Critical
AZ-2011-7845997,8/12/2013,Spencer Wallis,"London,England,United Kingdom",North,Consumer,8/15/2013,Priority,Critical
BN-2011-377186,8/12/2013,Georgia Bermingham,"Como,Lombardy,Italy",South,Home Office,8/18/2013,Economy,
AZ-2011-7944653,8/15/2013,Isabelle Macghey,"Hamburg,Hamburg,Germany",Central,Consumer,8/21/2013,Economy,
AZ-2011-1902971,8/15/2013,Hayden Perkins,"Bolton,England,United Kingdom",North,Consumer,8/15/2013,Immediate,Critical
AZ-2011-9715464,8/15/2013,Lilly Akhtar,"Manchester,England,United Kingdom",North,Home Office,8/15/2013,Immediate,Critical
AZ-2011-7732849,8/15/2013,Darcy Farnell,"Treviso,Veneto,Italy",South,Consumer,8/17/2013,Economy Plus,
AZ-2011-921935,8/15/2013,Brandon Preston,"Schwerin,Mecklenburg-Vorpommern,Germany",Central,Consumer,8/17/2013,Economy Plus,
AZ-2011-9316144,8/15/2013,Melissa Bean,"Norwich,England,United Kingdom",North,Home Office,8/16/2013,Priority,Critical
AZ-2011-7213826,8/16/2013,Molly Palmer,"Harrogate,England,United Kingdom",North,Corporate,8/21/2013,Economy,
AZ-2011-9357982,8/16/2013,Rory Gunson,"Cologne,North Rhine-Westphalia,Germany",Central,Consumer,8/20/2013,Economy,
AZ-2011-9172584,8/16/2013,Kai Wicks,"Sant Boi de Llobregat,Catalonia,Spain",South,Corporate,8/17/2013,Priority,Critical
AZ-2011-8275005,8/16/2013,Cerys Edwards,"Berlin,Berlin,Germany",Central,Consumer,8/21/2013,Economy,
AZ-2011-2851167,8/17/2013,Ruby Blomfield,"Madrid,Madrid,Spain",South,Consumer,8/21/2013,Economy,
BN-2011-2476139,8/17/2013,Lola Hughes,"Arnhem,Gelderland,Netherlands",Central,Consumer,8/22/2013,Economy,
AZ-2011-2369759,8/18/2013,Rory Jess,"London,England,United Kingdom",North,Home Office,8/20/2013,Economy Plus,
AZ-2011-5965584,8/18/2013,Rose Heap,"Cergy,Ile-de-France,France",Central,Consumer,8/23/2013,Economy,
AZ-2011-7873401,8/18/2013,Claire Harrington,"Cologne,North Rhine-Westphalia,Germany",Central,Home Office,8/20/2013,Economy Plus,
BN-2011-74934,8/18/2013,Isabelle Norton,"Apeldoorn,Gelderland,Netherlands",Central,Consumer,8/22/2013,Economy,
BN-2011-1246931,8/18/2013,Ryan Ackland,"London,England,United Kingdom",North,Consumer,8/22/2013,Economy,
AZ-2011-8032051,8/19/2013,Lisa Boyette,"Madrid,Madrid,Spain",South,Corporate,8/22/2013,Economy Plus,
AZ-2011-145488,8/21/2013,Georgina Garner,"Noisy-le-Grand,Ile-de-France,France",Central,Consumer,8/21/2013,Immediate,Critical
AZ-2011-6634822,8/21/2013,Isabella Secombe,"Madrid,Madrid,Spain",South,Consumer,8/21/2013,Immediate,Critical
BN-2011-980083,8/21/2013,Alexandra Whitehouse,"Lausanne,Vaud,Switzerland",Central,Consumer,8/26/2013,Economy,
AZ-2011-1645475,8/22/2013,Millie Franklin,"Bristol,England,United Kingdom",North,Consumer,8/24/2013,Economy Plus,
AZ-2011-8007862,8/23/2013,Millie Arnold,"Lille,Nord-Pas-de-Calais-Picardie,France",Central,Consumer,8/27/2013,Economy,
AZ-2011-9167855,8/23/2013,Patricia Epps,"London,England,United Kingdom",North,Corporate,8/30/2013,Economy,
AZ-2011-5471262,8/23/2013,Toby Williamson,"Saint-Avold,Alsace-Champagne-Ardenne-Lorraine,France",Central,Home Office,8/28/2013,Economy Plus,
BN-2011-2986565,8/23/2013,Harry Josephson,"Breda,North Brabant,Netherlands",Central,Consumer,8/29/2013,Economy,
AZ-2011-7181024,8/24/2013,Ethan Howarth,"Montpellier,Languedoc-Roussillon-Midi-Pyrénées,France",Central,Consumer,8/29/2013,Economy,
AZ-2011-2748688,8/24/2013,Francesca Bowen,"High Wycombe,England,United Kingdom",North,Consumer,8/28/2013,Economy,
BN-2011-251096,8/24/2013,Abby Muramats,"Lucca,Tuscany,Italy",South,Consumer,8/24/2013,Immediate,Critical
BN-2011-7963759,8/24/2013,Anna Kelly,"Turin,Piedmont,Italy",South,Corporate,8/28/2013,Economy,
AZ-2011-2847355,8/25/2013,Gemma Curlewis,"Baden-Baden,Baden-Württemberg,Germany",Central,Corporate,8/25/2013,Immediate,Critical
AZ-2011-5040391,8/25/2013,Angelina Hurst,"Menton,Provence-Alpes-Côte d'Azur,France",Central,Consumer,8/29/2013,Economy,
AZ-2011-2536125,8/25/2013,Phoebe Baines,"Crotone,Calabria,Italy",South,Home Office,8/30/2013,Economy,
AZ-2011-2223205,8/25/2013,Madison Rowley,"Vertou,Pays de la Loire,France",Central,Consumer,8/25/2013,Immediate,Critical
AZ-2011-3535148,8/25/2013,Georgina Arnold,"Paisley,Scotland,United Kingdom",North,Corporate,8/29/2013,Economy,
BN-2011-1973226,8/25/2013,Eve Spencer,"The Hague,South Holland,Netherlands",Central,Consumer,8/28/2013,Priority,Critical
AZ-2011-4704797,8/26/2013,Robert Quick,"Vigo,Galicia,Spain",South,Consumer,8/30/2013,Economy,
AZ-2011-3930237,8/26/2013,Mark Westfall,"Rochdale,England,United Kingdom",North,Consumer,8/30/2013,Economy Plus,
AZ-2011-7404693,8/26/2013,Robert Quick,"Roubaix,Nord-Pas-de-Calais-Picardie,France",Central,Consumer,8/30/2013,Economy Plus,
AZ-2011-512368,8/26/2013,Karon Shah,"Stuttgart,Baden-Württemberg,Germany",Central,Corporate,8/30/2013,Economy,
AZ-2011-8709949,8/26/2013,Hudson Ordell,"Taverny,Ile-de-France,France",Central,Corporate,8/27/2013,Immediate,Critical
AZ-2011-6296214,8/27/2013,Michael Halcomb,"Helsinki,Uusimaa,Finland",North,Corporate,9/3/2013,Economy,
AZ-2011-3213049,8/27/2013,Gracie Hunter,"Brindisi,Apulia,Italy",South,Consumer,8/29/2013,Economy Plus,
AZ-2011-8164175,8/27/2013,Gemma Curlewis,"Hamburg,Hamburg,Germany",Central,Corporate,9/2/2013,Economy,
AZ-2011-1322840,8/27/2013,Alexandra Whitehouse,"Palermo,Sicily,Italy",South,Consumer,9/2/2013,Economy,
BN-2011-7569474,8/29/2013,Esther Henderson,"Emmen,Drenthe,Netherlands",Central,Consumer,8/31/2013,Priority,Critical
BN-2011-4950607,8/29/2013,Ronald Everson,"Dublin,Dublin,Ireland",North,Corporate,8/30/2013,Priority,Critical
AZ-2011-9722198,8/30/2013,Evan Allen,"Chester,England,United Kingdom",North,Corporate,9/3/2013,Economy,
AZ-2011-3937280,8/30/2013,Aaron Bootman,"Vicenza,Veneto,Italy",South,Consumer,9/1/2013,Economy Plus,
BN-2011-8431343,8/30/2013,Terence Welch,"Vallauris,Provence-Alpes-Côte d'Azur,France",Central,Consumer,9/5/2013,Economy,
BN-2011-2113749,8/30/2013,Elise Ali,"Dublin,Dublin,Ireland",North,Home Office,9/6/2013,Economy,
AZ-2011-5263190,8/31/2013,Gracie Hunter,"Wuppertal,North Rhine-Westphalia,Germany",Central,Consumer,9/4/2013,Economy,
AZ-2011-8906544,8/31/2013,Mary Wilson,"Herne,North Rhine-Westphalia,Germany",Central,Consumer,9/5/2013,Economy,
AZ-2011-8361446,9/1/2013,Libby McDonald,"High Wycombe,England,United Kingdom",North,Home Office,9/4/2013,Priority,Critical
BN-2011-4718947,9/1/2013,Georgia Arundale,"Drammen,Buskerud,Norway",North,Corporate,9/4/2013,Priority,Critical
BN-2011-6588034,9/1/2013,Michael Myers,"Jena,Thuringia,Germany",Central,Home Office,9/5/2013,Economy,
AZ-2011-1229073,9/2/2013,Isaac David,"Friedrichshafen,Baden-Württemberg,Germany",Central,Corporate,9/2/2013,Immediate,Critical
AZ-2011-5608865,9/2/2013,Demi Hodgson,"Vienna,Vienna,Austria",Central,Consumer,9/4/2013,Priority,Critical
AZ-2011-2787690,9/2/2013,Stacy Cummings,"Wattrelos,Nord-Pas-de-Calais-Picardie,France",Central,Consumer,9/6/2013,Economy,
AZ-2011-9995644,9/3/2013,Ethan Cover,"Oslo,Oslo,Norway",North,Home Office,9/8/2013,Economy,
BN-2011-7176889,9/3/2013,Evie Flockhart,"Gothenburg,Västra Götaland,Sweden",North,Consumer,9/7/2013,Economy,
AZ-2011-734782,9/5/2013,Lauren Knight,"Orsay,Ile-de-France,France",Central,Consumer,9/11/2013,Economy,
AZ-2011-897579,9/6/2013,Ruby Nicholls,"Dreux,Centre-Val de Loire,France",Central,Corporate,9/10/2013,Economy,
AZ-2011-1331897,9/6/2013,Joel Peters,"Reggio nell'Emilia,Emilia-Romagna,Italy",South,Home Office,9/10/2013,Economy,
AZ-2011-5265175,9/6/2013,Ryan Price,"Dudley,England,United Kingdom",North,Consumer,9/11/2013,Economy,
BN-2011-4861178,9/6/2013,Ryan Greenwood,"Amsterdam,North Holland,Netherlands",Central,Consumer,9/10/2013,Economy,
AZ-2011-9146320,9/7/2013,Mary Parker,"Salamanca,Castile and León,Spain",South,Corporate,9/7/2013,Immediate,Critical
AZ-2011-1445249,9/8/2013,Lincoln Want,"Bordeaux,Aquitaine-Limousin-Poitou-Charentes,France",Central,Consumer,9/8/2013,Immediate,Critical
AZ-2011-5437243,9/8/2013,Gary Crume,"Oberhausen,North Rhine-Westphalia,Germany",Central,Consumer,9/9/2013,Priority,Critical
AZ-2011-5313166,9/8/2013,Alexander Bond,"Lugo,Galicia,Spain",South,Corporate,9/11/2013,Economy Plus,
AZ-2011-8408139,9/8/2013,Ashton Foley,"Neuilly-sur-Seine,Ile-de-France,France",Central,Consumer,9/14/2013,Economy,
AZ-2011-3755505,9/9/2013,Jeremy Pilcher,"Innsbruck,Tyrol,Austria",Central,Corporate,9/16/2013,Economy,
AZ-2011-5721905,9/9/2013,Lilly Le Grand,"Rome,Lazio,Italy",South,Home Office,9/16/2013,Economy,
AZ-2011-1137571,9/10/2013,Cerys Edwards,"Offenbach,Hesse,Germany",Central,Consumer,9/12/2013,Economy Plus,
AZ-2011-1868249,9/12/2013,Leah Marsh,"Alicante,Valenciana,Spain",South,Corporate,9/16/2013,Economy,
BN-2011-2505496,9/12/2013,Geraldine Mizelle,"Dublin,Dublin,Ireland",North,Corporate,9/16/2013,Economy Plus,
BN-2011-3405497,9/12/2013,Georgina Arnold,"Breda,North Brabant,Netherlands",Central,Corporate,9/15/2013,Priority,Critical
AZ-2011-9883921,9/13/2013,William Horton,"Frankfurt,Hesse,Germany",Central,Consumer,9/17/2013,Economy,
AZ-2011-4951642,9/13/2013,Terence Welch,"Brindisi,Apulia,Italy",South,Consumer,9/13/2013,Immediate,Critical
AZ-2011-8227978,9/14/2013,Anna Kelly,"Northampton,England,United Kingdom",North,Corporate,9/19/2013,Economy,
AZ-2011-1484679,9/14/2013,Jay Andrews,"Darlington,England,United Kingdom",North,Consumer,9/19/2013,Economy Plus,
AZ-2011-257509,9/14/2013,Jason Martinez,"Strasbourg,Alsace-Champagne-Ardenne-Lorraine,France",Central,Corporate,9/21/2013,Economy,
AZ-2011-8465032,9/14/2013,Tahlia Murnin,"Worcester,England,United Kingdom",North,Consumer,9/14/2013,Immediate,Critical
AZ-2011-1279238,9/14/2013,Natasha Sykes,"Esbjerg,South Denmark,Denmark",North,Consumer,9/19/2013,Economy,
AZ-2011-7694862,9/14/2013,Patricia Smith,"Zwickau,Saxony,Germany",Central,Corporate,9/21/2013,Economy,
BN-2011-2762940,9/14/2013,Mia Pugh,"Aulnay-sous-Bois,Ile-de-France,France",Central,Consumer,9/18/2013,Economy,
AZ-2011-1087704,9/15/2013,Elijah Ruatoka,"Karlsruhe,Baden-Württemberg,Germany",Central,Home Office,9/19/2013,Economy,
AZ-2011-578089,9/15/2013,Tyson Jonathan,"Madrid,Madrid,Spain",South,Consumer,9/22/2013,Economy,
AZ-2011-6765105,9/15/2013,Mike Obrien,"Valencia,Valenciana,Spain",South,Consumer,9/19/2013,Economy,
BN-2011-801002,9/15/2013,Aaron Cunningham,"Dublin,Dublin,Ireland",North,Consumer,9/15/2013,Immediate,Critical
BN-2011-6498909,9/15/2013,John Town,"Loughborough,England,United Kingdom",North,Consumer,9/22/2013,Economy,
BN-2011-4029264,9/15/2013,Hubert Lindahl,"Gera,Thuringia,Germany",Central,Corporate,9/20/2013,Economy,
AZ-2011-5376119,9/16/2013,Mary Saterfiel,"Woking,England,United Kingdom",North,Consumer,9/20/2013,Economy,
AZ-2011-9164512,9/16/2013,Ashton Morey,"Amsterdam,North Holland,Netherlands",Central,Consumer,9/18/2013,Economy Plus,
AZ-2011-3810756,9/16/2013,Ginger Owens,"Rostock,Mecklenburg-Vorpommern,Germany",Central,Consumer,9/20/2013,Economy,
AZ-2011-259939,9/16/2013,Dennis Conaway,"Bonn,North Rhine-Westphalia,Germany",Central,Consumer,9/20/2013,Economy,
AZ-2011-7534020,9/17/2013,Maya O'Sullivan,"Vignola,Emilia-Romagna,Italy",South,Corporate,9/23/2013,Economy,
AZ-2011-4818219,9/17/2013,Alannah Langridge,"Castrop-Rauxel,North Rhine-Westphalia,Germany",Central,Consumer,9/22/2013,Economy,
AZ-2011-839331,9/18/2013,Angelina Beeton,"Dudley,England,United Kingdom",North,Consumer,9/22/2013,Economy,
AZ-2011-176674,9/19/2013,Abby Colebe,"Poissy,Ile-de-France,France",Central,Consumer,9/21/2013,Priority,Critical
AZ-2011-7159051,9/19/2013,Daryl Claypool,"Ludwigshafen am Rhein,Rhineland-Palatinate,Germany",Central,Corporate,9/24/2013,Economy,
AZ-2011-9992253,9/19/2013,Ralph Holmes,"Blackburn,England,United Kingdom",North,Consumer,9/26/2013,Economy,
AZ-2011-3127133,9/19/2013,Hershel Snyder,"Murcia,Murcia,Spain",South,Corporate,9/23/2013,Economy,
AZ-2011-3004709,9/19/2013,Ethan Barrett,"Perpignan,Languedoc-Roussillon-Midi-Pyrénées,France",Central,Consumer,9/23/2013,Economy,
BN-2011-1950255,9/19/2013,Aaron Macrossan,"Cumbernauld,Scotland,United Kingdom",North,Home Office,9/24/2013,Economy,
AZ-2011-2523831,9/20/2013,Holly Doyle,"Wuppertal,North Rhine-Westphalia,Germany",Central,Consumer,9/22/2013,Economy Plus,
AZ-2011-5113507,9/20/2013,Gilbert Montgomery,"Bochum,North Rhine-Westphalia,Germany",Central,Consumer,9/22/2013,Economy Plus,
AZ-2011-5492852,9/20/2013,Spencer Calvert,"Plymouth,England,United Kingdom",North,Corporate,9/22/2013,Priority,Critical
AZ-2011-7643452,9/20/2013,Zachary Disher,"Colchester,England,United Kingdom",North,Consumer,9/20/2013,Immediate,Critical
AZ-2011-2459767,9/20/2013,George To Rot,"Catania,Sicily,Italy",South,Corporate,9/25/2013,Economy,
AZ-2011-3828424,9/20/2013,Viola Watson,"Leeds,England,United Kingdom",North,Consumer,9/24/2013,Economy,
AZ-2011-2202582,9/20/2013,Noah Hart,"Drancy,Ile-de-France,France",Central,Consumer,9/23/2013,Economy Plus,
AZ-2011-3640757,9/21/2013,Milla Hollinworth,"Bolzano,Trentino-Alto Adige,Italy",South,Corporate,9/23/2013,Priority,Critical
BN-2011-3102464,9/21/2013,Lily Tyler,"La Baule-Escoublac,Pays de la Loire,France",Central,Home Office,9/23/2013,Economy Plus,
AZ-2011-2669941,9/22/2013,Edward Zwar,"York,England,United Kingdom",North,Consumer,9/26/2013,Economy,
AZ-2011-2859436,9/22/2013,Aaron Davey,"Munich,Bavaria,Germany",Central,Consumer,9/29/2013,Economy,
AZ-2011-3958316,9/22/2013,Xavier Martindale,"Cologne,North Rhine-Westphalia,Germany",Central,Consumer,9/27/2013,Economy,
AZ-2011-666847,9/22/2013,Paul Cleary,"Paris,Ile-de-France,France",Central,Corporate,9/26/2013,Economy,
AZ-2011-8078797,9/22/2013,Ngoc Orozco,"Molfetta,Apulia,Italy",South,Home Office,9/22/2013,Immediate,Critical
AZ-2011-5170408,9/23/2013,Lucas Warren,"Krefeld,North Rhine-Westphalia,Germany",Central,Consumer,9/28/2013,Economy Plus,
AZ-2011-1776203,9/23/2013,Lily Dallachy,"Verdun,Alsace-Champagne-Ardenne-Lorraine,France",Central,Corporate,9/25/2013,Economy Plus,
AZ-2011-9137114,9/23/2013,Jake Barry,"Magdeburg,Saxony-Anhalt,Germany",Central,Home Office,9/29/2013,Economy,
BN-2011-8011625,9/23/2013,Audrey Knowles,"Berlin,Berlin,Germany",Central,Consumer,9/25/2013,Priority,Critical
BN-2011-5999704,9/23/2013,Alexandra Portus,"Gothenburg,Västra Götaland,Sweden",North,Corporate,9/29/2013,Economy,
AZ-2011-5981422,9/24/2013,Alannah Callaway,"Birkenhead,England,United Kingdom",North,Consumer,9/27/2013,Priority,Critical
AZ-2011-3081666,9/24/2013,Isabella Falkiner,"Mannheim,Baden-Württemberg,Germany",Central,Corporate,9/27/2013,Priority,Critical
AZ-2011-8385833,9/26/2013,Joseph Wright,"Beauvais,Nord-Pas-de-Calais-Picardie,France",Central,Home Office,9/30/2013,Economy,
AZ-2011-9846690,9/26/2013,Eve Spencer,"Duisburg,North Rhine-Westphalia,Germany",Central,Consumer,10/1/2013,Economy,
BN-2011-7685910,9/26/2013,Bradley Howell,"Wiesbaden,Hesse,Germany",Central,Corporate,10/1/2013,Economy,
BN-2011-9556882,9/26/2013,Isabelle Radcliffe,"Arras,Nord-Pas-de-Calais-Picardie,France",Central,Corporate,10/2/2013,Economy,
AZ-2011-7123116,9/27/2013,Madison Chadwick,"Littlehampton,England,United Kingdom",North,Consumer,10/1/2013,Economy,
AZ-2011-2571428,9/27/2013,Jack Brier,"Berlin,Berlin,Germany",Central,Consumer,10/1/2013,Economy,
AZ-2011-3149617,9/27/2013,David Harney,"Saint-Malo,Brittany,France",Central,Corporate,9/29/2013,Priority,Critical
AZ-2011-3101381,9/27/2013,Devin Huddleston,"Cagliari,Sardinia,Italy",South,Consumer,10/1/2013,Economy,
AZ-2011-8378099,9/27/2013,Juan Smith,"Newcastle upon Tyne,England,United Kingdom",North,Consumer,10/2/2013,Economy,
BN-2011-2579878,9/27/2013,Jason Martinez,"Dijon,Bourgogne-Franche-Comté,France",Central,Corporate,10/3/2013,Economy,
BN-2011-188092,9/27/2013,Peter Daly,"Carrara,Tuscany,Italy",South,Consumer,10/4/2013,Economy,
AZ-2011-4234441,9/28/2013,Jean Crowley,"Graz,Styria,Austria",Central,Corporate,9/30/2013,Economy Plus,
AZ-2011-3982438,9/28/2013,Spencer Calvert,"Quimper,Brittany,France",Central,Corporate,10/2/2013,Economy,
AZ-2011-7671743,9/28/2013,Christy Wiley,"Cologne,North Rhine-Westphalia,Germany",Central,Consumer,9/30/2013,Economy Plus,
AZ-2011-5023465,9/28/2013,Samuel Hardey,"Valencia,Valenciana,Spain",South,Home Office,9/30/2013,Economy Plus,
AZ-2011-3998709,9/28/2013,Chloe O'Dea,"Gloucester,England,United Kingdom",North,Consumer,10/3/2013,Economy,
AZ-2011-6026153,9/28/2013,Abbie Perry,"Massa,Tuscany,Italy",South,Consumer,10/3/2013,Economy,
AZ-2011-3858939,9/29/2013,Julian Mack,"Courbevoie,Ile-de-France,France",Central,Consumer,10/5/2013,Economy,
AZ-2011-9451747,9/29/2013,Casey Forte,"Duisburg,North Rhine-Westphalia,Germany",Central,Consumer,10/4/2013,Economy,
AZ-2011-5582578,9/29/2013,Ali Mander-Jones,"Dos Hermanas,Andalusía,Spain",South,Home Office,10/5/2013,Economy,
AZ-2011-7921819,9/30/2013,Archer Hort,"Toulouse,Languedoc-Roussillon-Midi-Pyrénées,France",Central,Consumer,10/4/2013,Economy,
AZ-2011-2445910,9/30/2013,Susan Williams,"Pescara,Abruzzi,Italy",South,Home Office,10/4/2013,Economy,
AZ-2011-5942639,9/30/2013,Michael Watkins,"Wuppertal,North Rhine-Westphalia,Germany",Central,Home Office,9/30/2013,Immediate,Critical
AZ-2011-6274862,9/30/2013,Jason Roger,"Langenhagen,Lower Saxony,Germany",Central,Corporate,10/3/2013,Priority,Critical
BN-2011-5132700,10/3/2013,Walter Aguilar,"Novara,Piedmont,Italy",South,Consumer,10/9/2013,Economy,
AZ-2011-2730322,10/4/2013,Mark Washington,"Montreuil,Ile-de-France,France",Central,Home Office,10/11/2013,Economy,
AZ-2011-3999419,10/6/2013,Nathan Clayton,"Berlin,Berlin,Germany",Central,Consumer,10/12/2013,Economy,
AZ-2011-8864835,10/7/2013,Noah Chamberlain,"Stockton-on-Tees,England,United Kingdom",North,Consumer,10/8/2013,Priority,Critical
AZ-2011-3706904,10/8/2013,Hayley Swanston,"Hamburg,Hamburg,Germany",Central,Home Office,10/12/2013,Economy,
BN-2011-1778575,10/8/2013,Daniel Burke,"Stockholm,Stockholm,Sweden",North,Home Office,10/11/2013,Economy Plus,
AZ-2011-3120181,10/10/2013,Daniel Hamilton,"Recklinghausen,North Rhine-Westphalia,Germany",Central,Home Office,10/16/2013,Economy,
AZ-2011-8232296,10/10/2013,Kayleigh Summers,"Troisdorf,North Rhine-Westphalia,Germany",Central,Consumer,10/13/2013,Priority,Critical
AZ-2011-8069544,10/10/2013,Maddison Newman,"Linz,Upper Austria,Austria",Central,Corporate,10/12/2013,Priority,Critical
AZ-2011-1735855,10/11/2013,Sebastian Barber,"Waterlooville,England,United Kingdom",North,Home Office,10/16/2013,Economy,
AZ-2011-9710351,10/11/2013,Demi Power,"Frontignan,Languedoc-Roussillon-Midi-Pyrénées,France",Central,Consumer,10/11/2013,Immediate,Critical
AZ-2011-5060005,10/11/2013,Gary Crume,"Hanover,Lower Saxony,Germany",Central,Consumer,10/14/2013,Priority,Critical
AZ-2011-9620626,10/12/2013,Toby Williamson,"Madrid,Madrid,Spain",South,Home Office,10/12/2013,Immediate,Critical
BN-2011-1490837,10/12/2013,Will Poynton,"Trier,Rhineland-Palatinate,Germany",Central,Consumer,10/16/2013,Economy,
AZ-2011-8967076,10/13/2013,Betty Reynolds,"Hamburg,Hamburg,Germany",Central,Corporate,10/13/2013,Immediate,Critical
BN-2011-7314925,10/13/2013,Daniel Lucas,"Rotterdam,South Holland,Netherlands",Central,Home Office,10/13/2013,Immediate,Critical
AZ-2011-1890132,10/14/2013,Dennis Conaway,"Heilbronn,Baden-Württemberg,Germany",Central,Consumer,10/17/2013,Priority,Critical
AZ-2011-269617,10/14/2013,Lisa Watkins,"Aachen,North Rhine-Westphalia,Germany",Central,Consumer,10/19/2013,Economy,
AZ-2011-1475254,10/17/2013,Bradley Howell,"Bilbao,Basque Country,Spain",South,Corporate,10/22/2013,Economy Plus,
AZ-2011-1114253,10/18/2013,Amy Pendred,"Hamburg,Hamburg,Germany",Central,Consumer,10/22/2013,Economy Plus,
AZ-2011-479838,10/19/2013,Sandra Cook,"Worcester,England,United Kingdom",North,Consumer,10/24/2013,Economy,
BN-2011-2093591,10/19/2013,Mary Hough,"Helmond,North Brabant,Netherlands",Central,Home Office,10/23/2013,Economy,
AZ-2011-2320734,10/20/2013,Charlie Wells,"Saint-Ouen,Ile-de-France,France",Central,Home Office,10/25/2013,Economy,
AZ-2011-7589945,10/20/2013,Rebecca Heysen,"Vienna,Vienna,Austria",Central,Corporate,10/24/2013,Economy,
BN-2011-5624168,10/20/2013,Sandra Cook,"Berlin,Berlin,Germany",Central,Consumer,10/27/2013,Economy,
AZ-2011-9162974,10/21/2013,Edward Martinez,"Helsinki,Uusimaa,Finland",North,Corporate,10/27/2013,Economy,
AZ-2011-8519360,10/22/2013,Taj Knetes,"Alfortville,Ile-de-France,France",Central,Consumer,10/26/2013,Economy,
AZ-2011-2001312,10/22/2013,Harriet Chadwick,"Preston,England,United Kingdom",North,Corporate,10/26/2013,Economy,
AZ-2011-3586083,10/24/2013,Elijah Ruatoka,"Marseille,Provence-Alpes-Côte d'Azur,France",Central,Home Office,10/28/2013,Economy Plus,
BN-2011-303096,10/24/2013,Sandra Hooks,"Ferrara,Emilia-Romagna,Italy",South,Corporate,10/28/2013,Economy,
AZ-2011-9917214,10/25/2013,Millie Newman,"Clermont-Ferrand,Auvergne-Rhône-Alpes,France",Central,Consumer,10/29/2013,Economy Plus,
BN-2011-1885034,10/25/2013,Bethany Hunt,"Reims,Alsace-Champagne-Ardenne-Lorraine,France",Central,Corporate,10/27/2013,Economy Plus,
AZ-2011-504913,10/26/2013,Tyson Jonathan,"Digne-les-Bains,Provence-Alpes-Côte d'Azur,France",Central,Consumer,10/31/2013,Economy,
AZ-2011-4763989,10/27/2013,Sam Wood,"Glasgow,Scotland,United Kingdom",North,Home Office,11/2/2013,Economy,
BN-2011-8153992,10/28/2013,George Dawson,"Berlin,Berlin,Germany",Central,Home Office,11/3/2013,Economy,
AZ-2011-2141552,10/31/2013,Craig Rayner,"Pozzuoli,Campania,Italy",South,Consumer,11/2/2013,Priority,Critical
AZ-2011-1754604,10/31/2013,Zachary Warner,"Berlin,Berlin,Germany",Central,Consumer,11/6/2013,Economy,
BN-2011-1815779,10/31/2013,Isabel Turnbull,"Zurich,Zürich,Switzerland",Central,Home Office,11/4/2013,Economy Plus,
AZ-2011-9632713,11/1/2013,Isabelle Vaughan,"Castres,Languedoc-Roussillon-Midi-Pyrénées,France",Central,Consumer,11/6/2013,Economy,
AZ-2011-8878816,11/1/2013,Larry Lambert,"Messina,Sicily,Italy",South,Consumer,11/6/2013,Economy,
AZ-2011-5511380,11/1/2013,Holly Doyle,"Magdeburg,Saxony-Anhalt,Germany",Central,Consumer,11/5/2013,Economy,
BN-2011-7628560,11/1/2013,Libby Thompson,"Slough,England,United Kingdom",North,Consumer,11/6/2013,Economy Plus,
BN-2011-4260093,11/1/2013,Casey Forte,"Norderstedt,Schleswig-Holstein,Germany",Central,Consumer,11/6/2013,Economy,
AZ-2011-8893613,11/2/2013,Ebony Northcott,"Nuremberg,Bavaria,Germany",Central,Consumer,11/8/2013,Economy,
AZ-2011-6106265,11/2/2013,Kayleigh Farmer,"Palermo,Sicily,Italy",South,Consumer,11/6/2013,Economy,
AZ-2011-1445262,11/2/2013,Amy Nixon,"Berlin,Berlin,Germany",Central,Consumer,11/7/2013,Economy,
AZ-2011-3234061,11/2/2013,Gemma Sharp,"Ipswich,England,United Kingdom",North,Corporate,11/7/2013,Economy Plus,
AZ-2011-7934727,11/2/2013,Dylan Disney,"Hamburg,Hamburg,Germany",Central,Home Office,11/8/2013,Economy,
BN-2011-3508590,11/2/2013,Charlie Power,"Leipzig,Saxony,Germany",Central,Home Office,11/7/2013,Economy,
AZ-2011-3981757,11/3/2013,Riley Douglas,"Menden,North Rhine-Westphalia,Germany",Central,Corporate,11/5/2013,Priority,Critical
AZ-2011-8898585,11/3/2013,Isabelle Vaughan,"Lyon,Auvergne-Rhône-Alpes,France",Central,Consumer,11/7/2013,Economy Plus,
AZ-2011-8427293,11/3/2013,Rita McCann,"Murcia,Murcia,Spain",South,Consumer,11/5/2013,Economy Plus,
AZ-2011-9028844,11/3/2013,Leah Marsh,"Allauch,Provence-Alpes-Côte d'Azur,France",Central,Corporate,11/7/2013,Economy,
AZ-2011-3004753,11/3/2013,Ruby Blomfield,"Montreuil,Ile-de-France,France",Central,Consumer,11/7/2013,Economy,
AZ-2011-8257474,11/3/2013,Mark Westfall,"Pozzuoli,Campania,Italy",South,Consumer,11/8/2013,Economy Plus,
AZ-2011-7479897,11/3/2013,Leah Barrett,"Hamburg,Hamburg,Germany",Central,Consumer,11/8/2013,Economy,
BN-2011-5239456,11/3/2013,Adam Bentley,"Erfurt,Thuringia,Germany",Central,Consumer,11/8/2013,Economy,
AZ-2011-211681,11/4/2013,Madison Rowley,"Wolverhampton,England,United Kingdom",North,Consumer,11/9/2013,Economy,
AZ-2011-438758,11/4/2013,Denise Harris,"Tarragona,Catalonia,Spain",South,Consumer,11/9/2013,Economy Plus,
AZ-2011-529480,11/4/2013,Cerys Edwards,"Munich,Bavaria,Germany",Central,Consumer,11/4/2013,Immediate,Critical
AZ-2011-8648970,11/4/2013,Dylan Dry,"Cinisello Balsamo,Lombardy,Italy",South,Consumer,11/6/2013,Economy Plus,
AZ-2011-8421926,11/4/2013,Peter Daly,"Hildesheim,Lower Saxony,Germany",Central,Consumer,11/8/2013,Economy,
BN-2011-183687,11/4/2013,Paige Hopley,"Birmingham,England,United Kingdom",North,Consumer,11/9/2013,Economy Plus,
AZ-2011-9431896,11/5/2013,Ashton Charles,"Nice,Provence-Alpes-Côte d'Azur,France",Central,Consumer,11/9/2013,Economy Plus,
BN-2011-1486107,11/6/2013,Annabelle Heydon,"Laval,Pays de la Loire,France",Central,Home Office,11/8/2013,Priority,Critical
AZ-2011-1845681,11/7/2013,Paul Collazo,"Hamburg,Hamburg,Germany",Central,Home Office,11/13/2013,Economy,
AZ-2011-5592307,11/7/2013,Oscar Serena,"Halle,North Rhine-Westphalia,Germany",Central,Consumer,11/13/2013,Economy,
AZ-2011-6545414,11/8/2013,Ella Troy,"Ercolano,Campania,Italy",South,Home Office,11/12/2013,Economy,
AZ-2011-6783792,11/8/2013,Tyson Brookman,"Paris,Ile-de-France,France",Central,Consumer,11/10/2013,Priority,Critical
AZ-2011-5476846,11/8/2013,Ethan Barrett,"Longjumeau,Ile-de-France,France",Central,Consumer,11/11/2013,Economy Plus,
AZ-2011-3828805,11/8/2013,Juanita Smalls,"Herten,North Rhine-Westphalia,Germany",Central,Home Office,11/12/2013,Economy,
AZ-2011-816625,11/8/2013,Alexandra Macdonald,"Pforzheim,Baden-Württemberg,Germany",Central,Corporate,11/8/2013,Immediate,Critical
AZ-2011-4802639,11/9/2013,Thomas Shepherd,"Stockport,England,United Kingdom",North,Corporate,11/16/2013,Economy,
AZ-2011-6019271,11/9/2013,Brooke Horton,"Paris,Ile-de-France,France",Central,Consumer,11/12/2013,Economy Plus,
AZ-2011-6223481,11/10/2013,Lucas Warren,"Bochum,North Rhine-Westphalia,Germany",Central,Consumer,11/13/2013,Economy Plus,
AZ-2011-3903564,11/10/2013,Toby Clunie,"Paris,Ile-de-France,France",Central,Consumer,11/17/2013,Economy,
AZ-2011-1589827,11/10/2013,Angie Massengill,"Girona,Catalonia,Spain",South,Consumer,11/13/2013,Priority,Critical
AZ-2011-7655744,11/10/2013,David Chadwick,"Hamburg,Hamburg,Germany",Central,Corporate,11/13/2013,Priority,Critical
BN-2011-6545829,11/10/2013,Imogen Daly,"Santander,Cantabria,Spain",South,Consumer,11/16/2013,Economy,
BN-2011-886514,11/10/2013,Michael Watkins,"Pulheim,North Rhine-Westphalia,Germany",Central,Home Office,11/17/2013,Economy,
BN-2011-3910885,11/11/2013,Nate Dacey,"Mougins,Provence-Alpes-Côte d'Azur,France",Central,Consumer,11/16/2013,Economy,
AZ-2011-4452827,11/13/2013,Jake Barry,"Lisieux,Normandy,France",Central,Home Office,11/19/2013,Economy,
AZ-2011-2881763,11/14/2013,Louise Winter,"Magdeburg,Saxony-Anhalt,Germany",Central,Corporate,11/16/2013,Economy Plus,
BN-2011-6464780,11/14/2013,Nathan Iqbal,"Bolton,England,United Kingdom",North,Consumer,11/18/2013,Economy,
AZ-2011-5353512,11/15/2013,Leon Barnes,"Helsinki,Uusimaa,Finland",North,Consumer,11/20/2013,Economy,
AZ-2011-7041508,11/15/2013,Natasha Heane,"Rovigo,Veneto,Italy",South,Home Office,11/18/2013,Priority,Critical
AZ-2011-8642559,11/15/2013,Archer Hort,"Vannes,Brittany,France",Central,Consumer,11/18/2013,Priority,Critical
AZ-2011-9135395,11/16/2013,Toby Conway,"Vienna,Vienna,Austria",Central,Consumer,11/18/2013,Economy Plus,
BN-2011-5491702,11/16/2013,Claudia Poore,"Stockholm,Stockholm,Sweden",North,Corporate,11/23/2013,Economy,
AZ-2011-4072657,11/17/2013,Alexis O'Flaherty,"Madrid,Madrid,Spain",South,Home Office,11/21/2013,Economy,
BN-2011-6956959,11/17/2013,Francesca Bowen,"London,England,United Kingdom",North,Consumer,11/22/2013,Economy,
BN-2011-2028933,11/17/2013,Leah Marsh,"Sheffield,England,United Kingdom",North,Corporate,11/22/2013,Economy,
AZ-2011-9747665,11/18/2013,Tammy Chamblee,"Lille,Nord-Pas-de-Calais-Picardie,France",Central,Consumer,11/22/2013,Economy,
BN-2011-5791319,11/19/2013,Philip Newsom,"Bologna,Emilia-Romagna,Italy",South,Corporate,11/21/2013,Economy Plus,
AZ-2011-6256805,11/21/2013,Zoe Lowin,"Antibes,Provence-Alpes-Côte d'Azur,France",Central,Consumer,11/27/2013,Economy,
AZ-2011-7981755,11/21/2013,Faith Chambers,"Hattingen,North Rhine-Westphalia,Germany",Central,Consumer,11/26/2013,Economy Plus,
BN-2011-2329209,11/21/2013,Tyson Jonathan,"Muret,Languedoc-Roussillon-Midi-Pyrénées,France",Central,Consumer,11/25/2013,Economy,
AZ-2011-1967754,11/22/2013,Alta Nokes,"Augsburg,Bavaria,Germany",Central,Home Office,11/29/2013,Economy,
AZ-2011-7962115,11/22/2013,Eva Hargraves,"Bremen,Bremen,Germany",Central,Consumer,11/24/2013,Economy Plus,
AZ-2011-4495779,11/22/2013,Ramona Hohl,"Vienna,Vienna,Austria",Central,Consumer,11/27/2013,Economy,
AZ-2011-7225915,11/22/2013,Kieran Herbert,"Guildford,England,United Kingdom",North,Consumer,11/23/2013,Immediate,Critical
BN-2011-191610,11/22/2013,Molly Hawkins,"Reims,Alsace-Champagne-Ardenne-Lorraine,France",Central,Home Office,11/29/2013,Economy,
AZ-2011-3378761,11/23/2013,Oscar Serena,"Ulm,Baden-Württemberg,Germany",Central,Consumer,11/27/2013,Economy,
AZ-2011-2690707,11/23/2013,Rory Martindale,"Carcassonne,Languedoc-Roussillon-Midi-Pyrénées,France",Central,Consumer,11/29/2013,Economy,
AZ-2011-2986519,11/24/2013,Kerry Dorsey,"Vienna,Vienna,Austria",Central,Consumer,11/26/2013,Priority,Critical
AZ-2011-6402982,11/25/2013,Nicole Johns,"Fuengirola,Andalusía,Spain",South,Consumer,11/30/2013,Economy,
BN-2011-452629,11/25/2013,Peter Daly,"Birmingham,England,United Kingdom",North,Consumer,11/29/2013,Economy,
AZ-2011-5348577,11/26/2013,Thomas Thompson,"Florence,Tuscany,Italy",South,Corporate,11/29/2013,Priority,Critical
AZ-2011-3963408,11/26/2013,Eva Butler,"Velbert,North Rhine-Westphalia,Germany",Central,Corporate,12/1/2013,Economy,
BN-2011-7580951,11/26/2013,Charli Rose,"Menden,North Rhine-Westphalia,Germany",Central,Consumer,11/30/2013,Economy,
AZ-2011-9147201,11/27/2013,Dominic Jordan,"Grigny,Ile-de-France,France",Central,Consumer,12/1/2013,Economy,
BN-2011-8382355,11/27/2013,Kyle Beard,"Lisbon,Lisboa,Portugal",South,Consumer,11/28/2013,Priority,Critical
AZ-2011-1661180,11/28/2013,Freya Daniels,"Milan,Lombardy,Italy",South,Consumer,12/3/2013,Economy Plus,
AZ-2011-8345224,11/28/2013,Craig Rayner,"Oslo,Oslo,Norway",North,Consumer,12/3/2013,Economy,
BN-2011-315660,11/28/2013,Nicholas Watkins,"London,England,United Kingdom",North,Consumer,12/4/2013,Economy,
BN-2011-1148567,11/28/2013,Maynard Moorman,"Haarlem,North Holland,Netherlands",Central,Consumer,12/3/2013,Economy Plus,
AZ-2011-831255,11/29/2013,Milla Day,"Torrevieja,Valenciana,Spain",South,Consumer,12/3/2013,Economy,
AZ-2011-4765625,11/29/2013,Lilly Le Grand,"La Seyne-sur-Mer,Provence-Alpes-Côte d'Azur,France",Central,Home Office,12/6/2013,Economy,
BN-2011-5873722,11/29/2013,Hershel Snyder,"Stockholm,Stockholm,Sweden",North,Corporate,12/5/2013,Economy,
AZ-2011-8123773,11/30/2013,James Casados,"Mijas,Andalusía,Spain",South,Consumer,12/6/2013,Economy,
AZ-2011-8742152,11/30/2013,Amelie North,"Paris,Ile-de-France,France",Central,Corporate,12/1/2013,Priority,Critical
BN-2011-5579284,11/30/2013,Alex Greenwood,"Hove,England,United Kingdom",North,Consumer,12/4/2013,Economy,
BN-2011-2010578,11/30/2013,Charles Carey,"Amsterdam,North Holland,Netherlands",Central,Consumer,12/1/2013,Priority,Critical
AZ-2011-2669880,12/1/2013,Julian Corbin,"Valencia,Valenciana,Spain",South,Home Office,12/3/2013,Economy Plus,
AZ-2011-3509727,12/1/2013,Elise Ali,"Genk,Limburg,Belgium",Central,Home Office,12/6/2013,Economy,
AZ-2011-5788290,12/1/2013,Toby Starling,"Valladolid,Castile and León,Spain",South,Consumer,12/4/2013,Priority,Critical
BN-2011-3829449,12/1/2013,Alex Greenwood,"Paris,Ile-de-France,France",Central,Consumer,12/5/2013,Economy,
BN-2011-5662753,12/1/2013,Caleb Kenyon,"Stockholm,Stockholm,Sweden",North,Corporate,12/3/2013,Priority,Critical
AZ-2011-1930058,12/2/2013,Matthew Gill,"Villeurbanne,Auvergne-Rhône-Alpes,France",Central,Home Office,12/8/2013,Economy,
AZ-2011-9670304,12/2/2013,Harry Josephson,"Paris,Ile-de-France,France",Central,Consumer,12/3/2013,Priority,Critical
AZ-2011-9996962,12/2/2013,Riley Douglas,"Huddersfield,England,United Kingdom",North,Corporate,12/8/2013,Economy,
AZ-2011-4501299,12/2/2013,Scott Higgins,"Offenbach,Hesse,Germany",Central,Home Office,12/6/2013,Economy,
AZ-2011-6683192,12/3/2013,Gracie Hicks,"Siegen,North Rhine-Westphalia,Germany",Central,Consumer,12/6/2013,Priority,Critical
AZ-2011-2030946,12/3/2013,Leroy Samson,"Grenoble,Auvergne-Rhône-Alpes,France",Central,Home Office,12/8/2013,Economy,
AZ-2011-2079755,12/5/2013,Joyce Cornell,"Cartagena,Murcia,Spain",South,Consumer,12/8/2013,Priority,Critical
AZ-2011-9711046,12/5/2013,Lara Stoate,"Greifswald,Mecklenburg-Vorpommern,Germany",Central,Corporate,12/9/2013,Economy,
AZ-2011-2905039,12/6/2013,Andres Woodruff,"Firminy,Auvergne-Rhône-Alpes,France",Central,Home Office,12/11/2013,Economy,
AZ-2011-1328316,12/6/2013,Lorri Stratton,"Hamburg,Hamburg,Germany",Central,Consumer,12/6/2013,Immediate,Critical
AZ-2011-9008538,12/6/2013,Kenneth Gonzales,"Stockport,England,United Kingdom",North,Consumer,12/12/2013,Economy,
AZ-2011-9983326,12/6/2013,Alexander Bennett,"Foggia,Apulia,Italy",South,Corporate,12/8/2013,Economy Plus,
AZ-2011-7213764,12/6/2013,Rory Chambers,"Vittoria,Sicily,Italy",South,Consumer,12/6/2013,Immediate,Critical
AZ-2011-144325,12/7/2013,Jessica Spring,"Magdeburg,Saxony-Anhalt,Germany",Central,Consumer,12/14/2013,Economy,
AZ-2011-7687877,12/7/2013,Norma McCowan,"Berlin,Berlin,Germany",Central,Consumer,12/11/2013,Economy Plus,
AZ-2011-5009632,12/8/2013,Tom Charlton,"Argenteuil,Ile-de-France,France",Central,Corporate,12/13/2013,Economy,
AZ-2011-2892090,12/8/2013,Isabelle Vaughan,"Harrow,England,United Kingdom",North,Consumer,12/8/2013,Immediate,Critical
AZ-2011-297789,12/8/2013,Lewis Greenwood,"Karlsruhe,Baden-Württemberg,Germany",Central,Consumer,12/10/2013,Economy Plus,
BN-2011-3654306,12/8/2013,Jonathan Franklin,"Duisburg,North Rhine-Westphalia,Germany",Central,Home Office,12/12/2013,Economy Plus,
AZ-2011-7077665,12/9/2013,Adam Harte,"Nottingham,England,United Kingdom",North,Corporate,12/14/2013,Economy,
AZ-2011-8245903,12/9/2013,Ethel Cole,"Lunel,Languedoc-Roussillon-Midi-Pyrénées,France",Central,Home Office,12/10/2013,Priority,Critical
AZ-2011-9732880,12/10/2013,Sofia Goddard,"London,England,United Kingdom",North,Corporate,12/13/2013,Priority,Critical
AZ-2011-6561347,12/10/2013,Harry Josephson,"Ludwigshafen am Rhein,Rhineland-Palatinate,Germany",Central,Consumer,12/14/2013,Economy,
BN-2011-9080680,12/10/2013,Freya Daniels,"Moers,North Rhine-Westphalia,Germany",Central,Consumer,12/14/2013,Economy,
BN-2011-7943667,12/10/2013,Mary Hough,"Laval,Pays de la Loire,France",Central,Home Office,12/15/2013,Economy,
AZ-2011-6142647,12/12/2013,Dominic Elliott,"Peterborough,England,United Kingdom",North,Consumer,12/17/2013,Economy,
AZ-2011-8806181,12/12/2013,Alexandra Macdonald,"Ravenna,Emilia-Romagna,Italy",South,Corporate,12/17/2013,Economy,
BN-2011-7263458,12/12/2013,Joseph Wright,"Cannes,Provence-Alpes-Côte d'Azur,France",Central,Home Office,12/18/2013,Economy,
BN-2011-3742620,12/13/2013,Bianca Whitford,"Foggia,Apulia,Italy",South,Corporate,12/17/2013,Economy Plus,
BN-2011-4097137,12/13/2013,Holly Noble,"Amadora,Lisboa,Portugal",South,Consumer,12/18/2013,Economy,
BN-2011-3210796,12/13/2013,Kevin Madigan,"Oviedo,Asturias,Spain",South,Consumer,12/17/2013,Economy,
BN-2011-4328697,12/13/2013,Isaac David,"La Rochelle,Aquitaine-Limousin-Poitou-Charentes,France",Central,Corporate,12/19/2013,Economy,
BN-2011-473171,12/13/2013,Amy Nixon,"Turin,Piedmont,Italy",South,Consumer,12/16/2013,Economy Plus,
BN-2011-4438698,12/13/2013,Zoe Lanigan,"Naples,Campania,Italy",South,Corporate,12/18/2013,Economy Plus,
BN-2011-2470191,12/13/2013,Jasmine Hanson,"Nacka,Stockholm,Sweden",North,Consumer,12/19/2013,Economy,
BN-2011-5636693,12/14/2013,Niamh Mann,"Rosny-sous-Bois,Ile-de-France,France",Central,Consumer,12/18/2013,Economy,
AZ-2011-7080428,12/15/2013,Jonathan Loftus,"Augsburg,Bavaria,Germany",Central,Home Office,12/20/2013,Economy,
AZ-2011-6377121,12/15/2013,Toby Williamson,"Alicante,Valenciana,Spain",South,Home Office,12/19/2013,Economy,
AZ-2011-7779959,12/15/2013,Justin Armit,"London,England,United Kingdom",North,Consumer,12/19/2013,Economy,
AZ-2011-8335226,12/15/2013,Adam Walpole,"Berlin,Berlin,Germany",Central,Corporate,12/22/2013,Economy,
AZ-2011-8128467,12/15/2013,Thomas Stephens,"Marly-le-Roi,Ile-de-France,France",Central,Corporate,12/20/2013,Economy,
AZ-2011-6123217,12/15/2013,Lilly Akhtar,"Turku,Finland Proper,Finland",North,Home Office,12/19/2013,Economy,
AZ-2011-6604383,12/16/2013,Jade Farmer,"Walsall,England,United Kingdom",North,Consumer,12/20/2013,Economy,
AZ-2011-2792664,12/16/2013,Koby Phillip,"Cagliari,Sardinia,Italy",South,Consumer,12/19/2013,Economy Plus,
AZ-2011-1315772,12/17/2013,Denise Harris,"Herford,North Rhine-Westphalia,Germany",Central,Consumer,12/21/2013,Economy,
AZ-2011-7176168,12/17/2013,Carl Proctor,"Vienna,Vienna,Austria",Central,Consumer,12/24/2013,Economy,
AZ-2011-5720864,12/17/2013,Carrie Boots,"Vienna,Vienna,Austria",Central,Corporate,12/21/2013,Economy,
BN-2011-493079,12/17/2013,Mia Pugh,"Lisbon,Lisboa,Portugal",South,Consumer,12/19/2013,Economy Plus,
AZ-2011-8737,12/19/2013,Kayla Tearle,"Duisburg,North Rhine-Westphalia,Germany",Central,Corporate,12/24/2013,Economy Plus,
AZ-2011-3096034,12/19/2013,Katie Thom,"Mijas,Andalusía,Spain",South,Corporate,12/23/2013,Economy,
AZ-2011-6760420,12/19/2013,Daniel Hamilton,"Vienna,Vienna,Austria",Central,Home Office,12/23/2013,Economy,
BN-2011-3962140,12/19/2013,Mark Westfall,"Stockholm,Stockholm,Sweden",North,Consumer,12/21/2013,Economy Plus,
AZ-2011-4735956,12/20/2013,Michael Bradshaw,"Duisburg,North Rhine-Westphalia,Germany",Central,Consumer,12/27/2013,Economy,
AZ-2011-1976919,12/20/2013,Lauren Saunders,"Barcelona,Catalonia,Spain",South,Consumer,12/24/2013,Economy Plus,
AZ-2011-3989901,12/20/2013,Gerald Galvan,"Nantes,Pays de la Loire,France",Central,Corporate,12/25/2013,Economy Plus,
AZ-2011-9121322,12/20/2013,Jacob Carter,"Oullins,Auvergne-Rhône-Alpes,France",Central,Consumer,12/24/2013,Economy,
AZ-2011-658574,12/20/2013,Anna Kelly,"Valdemoro,Madrid,Spain",South,Corporate,12/25/2013,Economy,
AZ-2011-8949674,12/20/2013,Kerry Dorsey,"Bayonne,Aquitaine-Limousin-Poitou-Charentes,France",Central,Consumer,12/24/2013,Economy Plus,
BN-2011-7621077,12/20/2013,Ethan Williams,"Stockholm,Stockholm,Sweden",North,Corporate,12/24/2013,Economy,
AZ-2011-4460165,12/21/2013,Bettie Lang,"Manresa,Catalonia,Spain",South,Consumer,12/23/2013,Economy Plus,
AZ-2011-7159551,12/21/2013,Tahlia Murnin,"Mansfield,England,United Kingdom",North,Consumer,12/23/2013,Economy Plus,
BN-2011-8948847,12/21/2013,David Velasquez,"Dublin,Dublin,Ireland",North,Home Office,12/26/2013,Economy Plus,
BN-2011-383161,12/21/2013,Luz Reilly,"Dortmund,North Rhine-Westphalia,Germany",Central,Consumer,12/25/2013,Economy,
AZ-2011-7783675,12/22/2013,Jason Martinez,"Turin,Piedmont,Italy",South,Corporate,12/24/2013,Economy Plus,
AZ-2011-7647834,12/22/2013,Alana Tyson,"Portsmouth,England,United Kingdom",North,Home Office,12/26/2013,Economy,
BN-2011-4899110,12/22/2013,Nathan Clayton,"Elda,Valenciana,Spain",South,Consumer,12/26/2013,Economy,
AZ-2011-8155253,12/23/2013,Taj Knetes,"Bry-sur-Marne,Ile-de-France,France",Central,Consumer,12/25/2013,Economy Plus,
BN-2011-8172607,12/23/2013,Evie Flockhart,"Dublin,Dublin,Ireland",North,Consumer,12/26/2013,Economy Plus,
AZ-2011-8510218,12/24/2013,Gail Thompson,"Molina de Segura,Murcia,Spain",South,Consumer,12/29/2013,Economy,
AZ-2011-8557456,12/26/2013,Kieran Herbert,"Madrid,Madrid,Spain",South,Consumer,12/31/2013,Economy Plus,
AZ-2011-8129966,12/26/2013,Jesse Godson,"Regensburg,Bavaria,Germany",Central,Corporate,12/31/2013,Economy,
AZ-2011-9652940,12/26/2013,Philip Newsom,"Zamora,Castile and León,Spain",South,Corporate,12/28/2013,Priority,Critical
AZ-2011-1406494,12/26/2013,Donna Farr,"Oslo,Oslo,Norway",North,Consumer,12/30/2013,Economy,
BN-2011-3231719,12/26/2013,Rachel Norton,"Blackpool,England,United Kingdom",North,Corporate,12/31/2013,Economy,
BN-2011-6008282,12/26/2013,Carol Evans,"The Hague,South Holland,Netherlands",Central,Consumer,12/26/2013,Immediate,Critical
AZ-2011-3485437,12/27/2013,Lillian Davis,"Hamburg,Hamburg,Germany",Central,Consumer,12/29/2013,Priority,Critical
AZ-2011-4342621,12/27/2013,Michael Wilson,"Vienna,Vienna,Austria",Central,Home Office,12/30/2013,Priority,Critical
BN-2011-4542382,12/27/2013,Timothy Jimenez,"Villeparisis,Ile-de-France,France",Central,Consumer,1/1/2014,Economy,
BN-2011-7459578,12/27/2013,Marie Lawson,"Copenhagen,Hovedstaden,Denmark",North,Corporate,1/3/2014,Economy,
BN-2011-1934094,12/27/2013,Skye Hammond,"Verona,Veneto,Italy",South,Corporate,12/29/2013,Priority,Critical
AZ-2011-340357,12/28/2013,Jessica Paramor,"Aix-en-Provence,Provence-Alpes-Côte d'Azur,France",Central,Corporate,1/1/2014,Economy Plus,
AZ-2011-6587022,12/28/2013,Maya O'Sullivan,"Argenteuil,Ile-de-France,France",Central,Corporate,1/2/2014,Economy Plus,
AZ-2011-8820375,12/28/2013,Adam Walpole,"London,England,United Kingdom",North,Corporate,12/29/2013,Immediate,Critical
AZ-2011-6705309,12/28/2013,Carley Wynn,"Turin,Piedmont,Italy",South,Home Office,1/1/2014,Economy Plus,
BN-2011-6627390,12/28/2013,Molly Hawkins,"Groningen,Groningen,Netherlands",Central,Home Office,1/1/2014,Economy Plus,
AZ-2011-583228,12/29/2013,Felicia Cooley,"Ghent,East Flanders,Belgium",Central,Consumer,1/4/2014,Economy,
AZ-2011-2437108,12/29/2013,Molly Bidmead,"Darmstadt,Hesse,Germany",Central,Home Office,12/29/2013,Immediate,Critical
BN-2011-8019925,12/29/2013,Matthew Barker,"Plaisance-du-Touch,Languedoc-Roussillon-Midi-Pyrénées,France",Central,Consumer,1/3/2014,Economy,
AZ-2011-9882660,12/30/2013,Owen Howell,"Cheltenham,England,United Kingdom",North,Home Office,1/1/2014,Priority,Critical
AZ-2011-4865633,12/30/2013,Shannon Howe,"Madrid,Madrid,Spain",South,Consumer,1/3/2014,Economy,
AZ-2011-5099606,12/30/2013,Dominic Stephenson,"Derby,England,United Kingdom",North,Home Office,1/4/2014,Economy,
AZ-2011-2099050,12/30/2013,Evie Morton,"Naples,Campania,Italy",South,Consumer,1/2/2014,Priority,Critical
AZ-2012-5204554,1/2/2014,Lilian Macredie,"Givors,Auvergne-Rhône-Alpes,France",Central,Corporate,1/6/2014,Economy,
AZ-2012-4052737,1/2/2014,Amelie North,"Madrid,Madrid,Spain",South,Corporate,1/9/2014,Economy,
AZ-2012-9703456,1/3/2014,Millie Franklin,"Ponferrada,Castile and León,Spain",South,Consumer,1/5/2014,Priority,Critical
AZ-2012-8553942,1/3/2014,Lara Stoate,"Montpellier,Languedoc-Roussillon-Midi-Pyrénées,France",Central,Corporate,1/9/2014,Economy,
AZ-2012-712520,1/4/2014,Harry Marion,"Tamworth,England,United Kingdom",North,Consumer,1/8/2014,Economy,
AZ-2012-4150074,1/5/2014,Robert Neil,"Breda,North Brabant,Netherlands",Central,Consumer,1/9/2014,Economy,
AZ-2012-9602843,1/5/2014,Lamar Lockhart,"Valencia,Valenciana,Spain",South,Consumer,1/9/2014,Economy,
AZ-2012-2038976,1/5/2014,Stella Balcombe,"Paris,Ile-de-France,France",Central,Home Office,1/9/2014,Economy,
AZ-2012-6747407,1/5/2014,Natasha Heane,"Rouen,Normandy,France",Central,Home Office,1/5/2014,Immediate,Critical
BN-2012-9614623,1/5/2014,Luz Reilly,"Stockholm,Stockholm,Sweden",North,Consumer,1/9/2014,Economy,
AZ-2012-5826581,1/6/2014,Susan Williams,"Marbella,Andalusía,Spain",South,Home Office,1/11/2014,Economy,
AZ-2012-8111484,1/7/2014,Ruby Frost,"Kassel,Hesse,Germany",Central,Home Office,1/10/2014,Priority,Critical
AZ-2012-9827676,1/7/2014,Liam Newton,"Oslo,Oslo,Norway",North,Corporate,1/10/2014,Priority,Critical
BN-2012-8740514,1/7/2014,Rachel Goddard,"Enschede,Overijssel,Netherlands",Central,Consumer,1/11/2014,Economy,
AZ-2012-3448109,1/9/2014,Betty Reynolds,"Valencia,Valenciana,Spain",South,Corporate,1/13/2014,Economy,
AZ-2012-2353592,1/9/2014,Joshua Romero,"Verona,Veneto,Italy",South,Consumer,1/15/2014,Economy,
AZ-2012-719087,1/9/2014,Millie Newman,"Cologne,North Rhine-Westphalia,Germany",Central,Consumer,1/14/2014,Economy,
AZ-2012-1710081,1/10/2014,Jammie Gibbs,"Neubrandenburg,Mecklenburg-Vorpommern,Germany",Central,Consumer,1/16/2014,Economy,
AZ-2012-5999614,1/10/2014,Isabelle Gould,"Haninge,Stockholm,Sweden",North,Consumer,1/11/2014,Priority,Critical
AZ-2012-3272403,1/11/2014,Katie Thom,"Elx,Valenciana,Spain",South,Corporate,1/14/2014,Priority,Critical
AZ-2012-8319286,1/12/2014,Daniel Howells,"Vienna,Vienna,Austria",Central,Corporate,1/17/2014,Economy,
AZ-2012-9926323,1/12/2014,Julie Ochoa,"Pescara,Abruzzi,Italy",South,Corporate,1/17/2014,Economy,
AZ-2012-2124025,1/13/2014,Joe Gilbert,"Carlisle,England,United Kingdom",North,Home Office,1/16/2014,Priority,Critical
AZ-2012-6068382,1/13/2014,Leslie Wilson,"Peterborough,England,United Kingdom",North,Consumer,1/17/2014,Economy Plus,
AZ-2012-4265765,1/14/2014,Elisabeth Manson,"Wattrelos,Nord-Pas-de-Calais-Picardie,France",Central,Consumer,1/18/2014,Economy,
AZ-2012-2350384,1/16/2014,Oscar Noble,"Rome,Lazio,Italy",South,Consumer,1/18/2014,Economy Plus,
AZ-2012-3019751,1/16/2014,Toby Clunie,"Laon,Nord-Pas-de-Calais-Picardie,France",Central,Consumer,1/23/2014,Economy,
AZ-2012-1023749,1/16/2014,Michael Myers,"Rovigo,Veneto,Italy",South,Home Office,1/18/2014,Economy Plus,
BN-2012-6672133,1/16/2014,Joseph Ford,"London,England,United Kingdom",North,Corporate,1/21/2014,Economy,
BN-2012-7456673,1/16/2014,Henry Winder,"Iserlohn,North Rhine-Westphalia,Germany",Central,Corporate,1/18/2014,Priority,Critical
BN-2012-3611011,1/17/2014,Charlie Wells,"Assen,Drenthe,Netherlands",Central,Home Office,1/23/2014,Economy,
AZ-2012-9241286,1/18/2014,Louis Scott,"East Kilbride,Scotland,United Kingdom",North,Corporate,1/22/2014,Economy,
AZ-2012-5423873,1/18/2014,Leslie Wilson,"Valladolid,Castile and León,Spain",South,Consumer,1/23/2014,Economy Plus,
AZ-2012-1787398,1/18/2014,Adam Peacock,"Dijon,Bourgogne-Franche-Comté,France",Central,Corporate,1/18/2014,Immediate,Critical
AZ-2012-6624087,1/18/2014,Mark Washington,"Vienna,Vienna,Austria",Central,Home Office,1/22/2014,Economy,
BN-2012-1321856,1/19/2014,Timothy Pownall,"Amsterdam,North Holland,Netherlands",Central,Consumer,1/23/2014,Economy,
AZ-2012-9749858,1/20/2014,Isabella Secombe,"Runcorn,England,United Kingdom",North,Consumer,1/22/2014,Priority,Critical
BN-2012-5319905,1/20/2014,Ella Harrhy,"Birmingham,England,United Kingdom",North,Corporate,1/24/2014,Economy,
AZ-2012-8708707,1/22/2014,Jett Osman,"Utrecht,Utrecht,Netherlands",Central,Home Office,1/26/2014,Economy,
AZ-2012-5084110,1/23/2014,Georgia Blackburn,"Gosport,England,United Kingdom",North,Corporate,1/27/2014,Economy,
BN-2012-2002829,1/23/2014,Betty Reynolds,"Milan,Lombardy,Italy",South,Corporate,1/29/2014,Economy,
BN-2012-5839370,1/23/2014,Declan Dundas,"Dos Hermanas,Andalusía,Spain",South,Corporate,1/27/2014,Economy,
AZ-2012-2484319,1/24/2014,Peter Daly,"Innsbruck,Tyrol,Austria",Central,Consumer,1/26/2014,Priority,Critical
AZ-2012-6415862,1/24/2014,Lillian Davis,"Hamburg,Hamburg,Germany",Central,Consumer,1/28/2014,Economy,
BN-2012-4743725,1/24/2014,Peter Daly,"Rillieux-la-Pape,Auvergne-Rhône-Alpes,France",Central,Consumer,1/30/2014,Economy,
BN-2012-2518172,1/24/2014,Ruth Williams,"Naples,Campania,Italy",South,Consumer,1/31/2014,Economy,
AZ-2012-4458558,1/25/2014,Zara Money,"Ferrara,Emilia-Romagna,Italy",South,Corporate,1/28/2014,Priority,Critical
AZ-2012-6238242,1/25/2014,Mike Langer,"Vienna,Vienna,Austria",Central,Corporate,1/30/2014,Economy,
AZ-2012-3008162,1/25/2014,Toby Patterson,"Plymouth,England,United Kingdom",North,Home Office,1/29/2014,Economy,
AZ-2012-5632093,1/25/2014,Arnold Jones,"Rome,Lazio,Italy",South,Corporate,1/26/2014,Priority,Critical
AZ-2012-9961341,1/27/2014,Walter Aguilar,"Marbella,Andalusía,Spain",South,Consumer,1/31/2014,Economy,
AZ-2012-1940547,1/27/2014,Faith Chambers,"Vienna,Vienna,Austria",Central,Consumer,2/3/2014,Economy,
BN-2012-285450,1/27/2014,Demi Power,"Zurich,Zürich,Switzerland",Central,Consumer,2/2/2014,Economy,
AZ-2012-9024029,1/28/2014,Imogen Steele,"Linz,Upper Austria,Austria",Central,Corporate,2/2/2014,Economy,
AZ-2012-1068489,1/30/2014,Ashley Baldwinson,"Montrouge,Ile-de-France,France",Central,Corporate,2/3/2014,Economy,
AZ-2012-2380607,1/30/2014,Isaac David,"Perpignan,Languedoc-Roussillon-Midi-Pyrénées,France",Central,Corporate,2/1/2014,Economy Plus,
AZ-2012-7391024,1/30/2014,Isabella Cleary,"Corbeil-Essonnes,Ile-de-France,France",Central,Home Office,2/4/2014,Economy Plus,
AZ-2012-8369487,2/1/2014,Imogen Symon,"Fiumicino,Lazio,Italy",South,Consumer,2/6/2014,Economy,
AZ-2012-8352768,2/2/2014,Hayden Perkins,"Munich,Bavaria,Germany",Central,Consumer,2/6/2014,Economy,
AZ-2012-1485221,2/2/2014,Elijah Sodeman,"Saint-Priest,Auvergne-Rhône-Alpes,France",Central,Consumer,2/6/2014,Economy,
AZ-2012-47402,2/3/2014,Julian Mack,"Leipzig,Saxony,Germany",Central,Consumer,2/7/2014,Economy,
AZ-2012-5499753,2/3/2014,George To Rot,"Agen,Aquitaine-Limousin-Poitou-Charentes,France",Central,Corporate,2/7/2014,Economy,
BN-2012-7203367,2/4/2014,Rory Martindale,"Naples,Campania,Italy",South,Consumer,2/6/2014,Economy Plus,
AZ-2012-5036790,2/6/2014,Tyson Hanna,"Ferrara,Emilia-Romagna,Italy",South,Consumer,2/10/2014,Economy,
AZ-2012-1951858,2/6/2014,Isabelle Norton,"Vigo,Galicia,Spain",South,Consumer,2/8/2014,Economy Plus,
AZ-2012-400830,2/7/2014,Bonnie Wilson,"Graz,Styria,Austria",Central,Corporate,2/11/2014,Economy,
AZ-2012-9721463,2/7/2014,Cooper Burn,"Edinburgh,Scotland,United Kingdom",North,Consumer,2/11/2014,Economy,
AZ-2012-2440609,2/7/2014,Leroy Dudley,"Paris,Ile-de-France,France",Central,Consumer,2/11/2014,Economy,
AZ-2012-581418,2/8/2014,Harry Josephson,"Argenteuil,Ile-de-France,France",Central,Consumer,2/13/2014,Economy,
AZ-2012-9607544,2/9/2014,Claire Harrington,"Castres,Languedoc-Roussillon-Midi-Pyrénées,France",Central,Home Office,2/13/2014,Economy,
AZ-2012-5924516,2/9/2014,Eric Anderson,"Runcorn,England,United Kingdom",North,Home Office,2/13/2014,Economy,
AZ-2012-3958452,2/9/2014,Kimberly Jones,"Aschaffenburg,Bavaria,Germany",Central,Corporate,2/13/2014,Economy,
AZ-2012-7471811,2/10/2014,Debbie Fisk,"Sandnes,Rogaland,Norway",North,Corporate,2/12/2014,Economy Plus,
BN-2012-6903920,2/11/2014,Michael Kim,"Arnsberg,North Rhine-Westphalia,Germany",Central,Consumer,2/16/2014,Economy Plus,
AZ-2012-962050,2/13/2014,Angie Massengill,"Quimper,Brittany,France",Central,Consumer,2/16/2014,Priority,Critical
AZ-2012-367312,2/14/2014,Louise Winter,"Mulhouse,Alsace-Champagne-Ardenne-Lorraine,France",Central,Corporate,2/18/2014,Economy,
AZ-2012-6012259,2/14/2014,Sarah Smorgon,"London,England,United Kingdom",North,Consumer,2/19/2014,Economy Plus,
AZ-2012-3052535,2/15/2014,Rory Gunson,"Hinckley,England,United Kingdom",North,Consumer,2/17/2014,Economy Plus,
AZ-2012-6913156,2/15/2014,Kayla Tearle,"Genoa,Liguria,Italy",South,Corporate,2/17/2014,Economy Plus,
BN-2012-8548299,2/15/2014,Faith Greenwood,"Randers,Central Jutland,Denmark",North,Consumer,2/17/2014,Economy Plus,
AZ-2012-3239486,2/18/2014,Georgina Garner,"Nice,Provence-Alpes-Côte d'Azur,France",Central,Consumer,2/22/2014,Economy,
BN-2012-8351740,2/18/2014,Georgia Arundale,"Perugia,Umbria,Italy",South,Corporate,2/22/2014,Economy Plus,
BN-2012-5489653,2/18/2014,Steven Prince,"Madrid,Madrid,Spain",South,Home Office,2/22/2014,Economy,
AZ-2012-87081,2/20/2014,Harvey Daniels,"Le Havre,Normandy,France",Central,Consumer,2/23/2014,Economy Plus,
AZ-2012-202734,2/21/2014,Walter Aguilar,"Drancy,Ile-de-France,France",Central,Consumer,2/28/2014,Economy,
AZ-2012-8583605,2/22/2014,Maria Kennedy,"Coventry,England,United Kingdom",North,Consumer,2/26/2014,Economy,
AZ-2012-9588828,2/22/2014,Alta Nokes,"Carlisle,England,United Kingdom",North,Home Office,2/27/2014,Economy,
BN-2012-5523368,2/22/2014,Joshua Andrews,"Sassari,Sardinia,Italy",South,Home Office,2/28/2014,Economy,
AZ-2012-6191258,2/23/2014,Charlie Power,"Cambridge,England,United Kingdom",North,Home Office,2/26/2014,Priority,Critical
AZ-2012-1392278,2/23/2014,Molly De Mole,"Gloucester,England,United Kingdom",North,Corporate,3/1/2014,Economy,
AZ-2012-4085046,2/27/2014,Angus Fryar,"Busto Arsizio,Lombardy,Italy",South,Consumer,3/4/2014,Economy,
AZ-2012-7920968,2/28/2014,Lara Stoate,"Portsmouth,England,United Kingdom",North,Corporate,3/4/2014,Economy,
AZ-2012-1000632,2/28/2014,Michael Myers,"Munich,Bavaria,Germany",Central,Home Office,3/4/2014,Economy,
BN-2012-1679258,2/28/2014,Eve Bates,"Chartres,Centre-Val de Loire,France",Central,Consumer,3/4/2014,Economy,
AZ-2012-5846737,3/1/2014,Maya Summers,"Cologne,North Rhine-Westphalia,Germany",Central,Home Office,3/7/2014,Economy,
AZ-2012-9858311,3/2/2014,Ella Knopwood,"Bremen,Bremen,Germany",Central,Consumer,3/6/2014,Economy,
AZ-2012-3590299,3/3/2014,Lamar Lockhart,"Puertollano,Castile-La Mancha,Spain",South,Consumer,3/5/2014,Priority,Critical
AZ-2012-9094578,3/3/2014,Rory Chambers,"Birmingham,England,United Kingdom",North,Consumer,3/8/2014,Economy,
AZ-2012-6214308,3/3/2014,Jennifer Douglas,"Karlsruhe,Baden-Württemberg,Germany",Central,Corporate,3/5/2014,Economy Plus,
AZ-2012-4178346,3/3/2014,Jessica Paramor,"Nice,Provence-Alpes-Côte d'Azur,France",Central,Corporate,3/8/2014,Economy Plus,
AZ-2012-3398854,3/4/2014,Phoebe Moore,"Oslo,Oslo,Norway",North,Corporate,3/10/2014,Economy,
AZ-2012-3654996,3/6/2014,Owen Howell,"Runcorn,England,United Kingdom",North,Home Office,3/10/2014,Economy,
AZ-2012-1128813,3/6/2014,Hayden Perkins,"Vanves,Ile-de-France,France",Central,Consumer,3/10/2014,Economy Plus,
BN-2012-8185079,3/6/2014,Robert Zapata,"Dundee,Scotland,United Kingdom",North,Consumer,3/11/2014,Economy,
AZ-2012-302148,3/7/2014,William Jolly,"Sheffield,England,United Kingdom",North,Consumer,3/9/2014,Economy Plus,
BN-2012-9003210,3/7/2014,Jade Howe,"Odivelas,Lisboa,Portugal",South,Corporate,3/12/2014,Economy Plus,
BN-2012-9267764,3/7/2014,Karla Dunkley,"Rotterdam,South Holland,Netherlands",Central,Consumer,3/9/2014,Priority,Critical
AZ-2012-852937,3/8/2014,Eve Bates,"Vienna,Vienna,Austria",Central,Consumer,3/10/2014,Economy Plus,
AZ-2012-3385502,3/8/2014,Lorri Stratton,"Nanterre,Ile-de-France,France",Central,Consumer,3/13/2014,Economy,
AZ-2012-7806048,3/8/2014,Ngoc Orozco,"Kingswood,England,United Kingdom",North,Home Office,3/13/2014,Economy Plus,
AZ-2012-9114156,3/8/2014,Angus De Groot,"Orihuela,Valenciana,Spain",South,Corporate,3/11/2014,Priority,Critical
BN-2012-8981515,3/8/2014,Jade Howe,"Apeldoorn,Gelderland,Netherlands",Central,Corporate,3/14/2014,Economy,
BN-2012-3923455,3/8/2014,Corey Browne,"Meyzieu,Auvergne-Rhône-Alpes,France",Central,Consumer,3/12/2014,Economy,
AZ-2012-4659299,3/9/2014,Don Willie,"Wolfsburg,Lower Saxony,Germany",Central,Corporate,3/13/2014,Economy,
AZ-2012-3931920,3/10/2014,Dominic Jordan,"Turku,Finland Proper,Finland",North,Consumer,3/17/2014,Economy,
AZ-2012-1089029,3/10/2014,Phoebe Lindsay,"Barry,Wales,United Kingdom",North,Consumer,3/13/2014,Economy Plus,
BN-2012-1777533,3/10/2014,Morgan Anderson,"Rome,Lazio,Italy",South,Corporate,3/12/2014,Economy Plus,
AZ-2012-9056595,3/13/2014,Aaron Bootman,"Viersen,North Rhine-Westphalia,Germany",Central,Consumer,3/19/2014,Economy,
BN-2012-1467003,3/14/2014,Samuel Hardey,"Tarbes,Languedoc-Roussillon-Midi-Pyrénées,France",Central,Home Office,3/19/2014,Economy,
BN-2012-7268418,3/14/2014,Kyle Nash,"Weimar,Thuringia,Germany",Central,Consumer,3/16/2014,Priority,Critical
BN-2012-2195674,3/14/2014,Benjamin Lee,"Outreau,Nord-Pas-de-Calais-Picardie,France",Central,Corporate,3/16/2014,Economy Plus,
BN-2012-9784298,3/14/2014,Angus Blacklock,"Chartres,Centre-Val de Loire,France",Central,Home Office,3/21/2014,Economy,
AZ-2012-2636461,3/15/2014,Nicole Howard,"Ponferrada,Castile and León,Spain",South,Consumer,3/15/2014,Immediate,Critical
BN-2012-6527572,3/15/2014,Michael Watkins,"Gallarate,Lombardy,Italy",South,Home Office,3/16/2014,Priority,Critical
BN-2012-2935339,3/15/2014,Donna Farr,"Eindhoven,North Brabant,Netherlands",Central,Consumer,3/18/2014,Priority,Critical
AZ-2012-6572855,3/16/2014,Koby Tompson,"Dorsten,North Rhine-Westphalia,Germany",Central,Consumer,3/21/2014,Economy,
AZ-2012-4505130,3/16/2014,Rita McCann,"Gateshead,England,United Kingdom",North,Consumer,3/23/2014,Economy,
BN-2012-5238794,3/16/2014,Bettie Lang,"Tilburg,North Brabant,Netherlands",Central,Consumer,3/20/2014,Economy,
BN-2012-8607495,3/16/2014,Joe Gilbert,"Almelo,Overijssel,Netherlands",Central,Home Office,3/18/2014,Economy Plus,
BN-2012-2497362,3/16/2014,Jade Daniels,"Aberdeen,Scotland,United Kingdom",North,Corporate,3/17/2014,Priority,Critical
AZ-2012-2801511,3/17/2014,Chloe O'Dea,"London,England,United Kingdom",North,Consumer,3/17/2014,Immediate,Critical
BN-2012-5227523,3/17/2014,Alexandra Whitehouse,"Gothenburg,Västra Götaland,Sweden",North,Consumer,3/24/2014,Economy,
BN-2012-3566851,3/17/2014,Anthony Stewart,"Malakoff,Ile-de-France,France",Central,Home Office,3/22/2014,Economy,
AZ-2012-9020905,3/18/2014,Craig Rayner,"Duisburg,North Rhine-Westphalia,Germany",Central,Consumer,3/22/2014,Economy,
AZ-2012-2130534,3/18/2014,Rita McCann,"Espoo,Uusimaa,Finland",North,Consumer,3/23/2014,Economy Plus,
AZ-2012-4991226,3/18/2014,Isabelle Vaughan,"London,England,United Kingdom",North,Consumer,3/22/2014,Economy Plus,
AZ-2012-3746179,3/20/2014,Mark Westfall,"Roubaix,Nord-Pas-de-Calais-Picardie,France",Central,Consumer,3/24/2014,Economy Plus,
AZ-2012-3042149,3/20/2014,Jacob Carter,"Conflans-Sainte-Honorine,Ile-de-France,France",Central,Consumer,3/25/2014,Economy,
AZ-2012-4954045,3/20/2014,Lily Skurrie,"Wiesbaden,Hesse,Germany",Central,Corporate,3/21/2014,Priority,Critical
AZ-2012-8629398,3/20/2014,Nathan Iqbal,"Bradford,England,United Kingdom",North,Consumer,3/22/2014,Priority,Critical
AZ-2012-2214403,3/20/2014,Rachel Norton,"Euskirchen,North Rhine-Westphalia,Germany",Central,Corporate,3/20/2014,Immediate,Critical
BN-2012-831365,3/20/2014,Everett Dunbar,"Rome,Lazio,Italy",South,Corporate,3/25/2014,Economy,
AZ-2012-5854289,3/21/2014,Terence Welch,"Corbeil-Essonnes,Ile-de-France,France",Central,Consumer,3/24/2014,Priority,Critical
AZ-2012-808163,3/21/2014,Aaron Bootman,"Southend-on-Sea,England,United Kingdom",North,Consumer,3/21/2014,Immediate,Critical
AZ-2012-3333420,3/21/2014,Hollie Morris,"Poole,England,United Kingdom",North,Corporate,3/26/2014,Economy Plus,
AZ-2012-4148308,3/22/2014,Skye Hammond,"Cagliari,Sardinia,Italy",South,Corporate,3/26/2014,Economy,
AZ-2012-6445968,3/23/2014,Lincoln Want,"Utrecht,Utrecht,Netherlands",Central,Consumer,3/27/2014,Economy,
AZ-2012-207540,3/23/2014,Hayley Swanston,"Cardiff,Wales,United Kingdom",North,Home Office,3/26/2014,Economy Plus,
AZ-2012-764953,3/23/2014,William Somerville,"Bochum,North Rhine-Westphalia,Germany",Central,Corporate,3/23/2014,Immediate,Critical
BN-2012-1069240,3/23/2014,Mason Adams,"Nuremberg,Bavaria,Germany",Central,Consumer,3/27/2014,Economy,
AZ-2012-3743850,3/24/2014,Anthony Stewart,"Molina de Segura,Murcia,Spain",South,Home Office,3/27/2014,Economy Plus,
AZ-2012-2419609,3/24/2014,Skye Hammond,"Bielefeld,North Rhine-Westphalia,Germany",Central,Corporate,3/29/2014,Economy,
BN-2012-5986859,3/24/2014,Aidan Hayward,"Jena,Thuringia,Germany",Central,Corporate,3/26/2014,Economy Plus,
AZ-2012-7351228,3/25/2014,Liam Newton,"Reggio nell'Emilia,Emilia-Romagna,Italy",South,Corporate,3/27/2014,Economy Plus,
AZ-2012-6449044,3/25/2014,Mackenzie Whitford,"Montreuil,Ile-de-France,France",Central,Consumer,3/30/2014,Economy Plus,
AZ-2012-6077999,3/27/2014,Peggy Hua,"Benidorm,Valenciana,Spain",South,Corporate,3/30/2014,Priority,Critical
AZ-2012-3389949,3/27/2014,Rory Gunson,"Hasselt,Limburg,Belgium",Central,Consumer,3/27/2014,Immediate,Critical
AZ-2012-1576083,3/27/2014,Hubert Lindahl,"Mauguio,Languedoc-Roussillon-Midi-Pyrénées,France",Central,Corporate,3/30/2014,Priority,Critical
AZ-2012-3635892,3/27/2014,Donna Nash,"Rotherham,England,United Kingdom",North,Corporate,4/2/2014,Economy,
AZ-2012-5741069,3/28/2014,Kian Sykes,"West Bromwich,England,United Kingdom",North,Consumer,3/30/2014,Economy Plus,
AZ-2012-741020,3/28/2014,Isabel Turnbull,"Annecy,Auvergne-Rhône-Alpes,France",Central,Home Office,4/2/2014,Economy Plus,
AZ-2012-4310145,3/28/2014,Owen Faulkner,"Vienna,Vienna,Austria",Central,Home Office,3/28/2014,Immediate,Critical
AZ-2012-4627785,3/29/2014,Eve Spencer,"Montesson,Ile-de-France,France",Central,Consumer,3/31/2014,Economy Plus,
AZ-2012-8667424,3/30/2014,James Casados,"Toulouse,Languedoc-Roussillon-Midi-Pyrénées,France",Central,Consumer,3/31/2014,Priority,Critical
BN-2012-9894081,3/30/2014,Ben Summerville,"Limoges,Aquitaine-Limousin-Poitou-Charentes,France",Central,Consumer,4/3/2014,Economy,
AZ-2012-3629477,3/31/2014,George To Rot,"Valladolid,Castile and León,Spain",South,Corporate,4/4/2014,Economy,
BN-2012-8610295,3/31/2014,Ashton Charles,"Norderstedt,Schleswig-Holstein,Germany",Central,Consumer,4/5/2014,Economy Plus,
AZ-2012-2537589,4/1/2014,Timothy Jimenez,"Florence,Tuscany,Italy",South,Consumer,4/6/2014,Economy,
AZ-2012-9411069,4/1/2014,Caitlin Schmidt,"Erftstadt,North Rhine-Westphalia,Germany",Central,Corporate,4/6/2014,Economy,
AZ-2012-3323986,4/3/2014,Ellie Chapman,"Munich,Bavaria,Germany",Central,Home Office,4/6/2014,Priority,Critical
AZ-2012-9649659,4/3/2014,William Somerville,"Ipswich,England,United Kingdom",North,Corporate,4/9/2014,Economy,
AZ-2012-2278867,4/4/2014,Juan Smith,"Ghent,East Flanders,Belgium",Central,Consumer,4/8/2014,Economy,
AZ-2012-4568768,4/4/2014,Ewan Hyde,"Cesena,Emilia-Romagna,Italy",South,Consumer,4/10/2014,Economy,
AZ-2012-1332956,4/4/2014,Leah Derham,"Vienna,Vienna,Austria",Central,Consumer,4/6/2014,Priority,Critical
AZ-2012-3450092,4/5/2014,Xavier Synan,"Venice,Veneto,Italy",South,Consumer,4/10/2014,Economy,
AZ-2012-6468483,4/5/2014,Charles Carey,"Marano di Napoli,Campania,Italy",South,Consumer,4/5/2014,Immediate,Critical
AZ-2012-5131347,4/6/2014,Ben Hogben,"Hanover,Lower Saxony,Germany",Central,Corporate,4/6/2014,Immediate,Critical
AZ-2012-1904492,4/7/2014,Michelle Barrett,"Saint-Michel-sur-Orge,Ile-de-France,France",Central,Consumer,4/11/2014,Economy,
AZ-2012-7659518,4/7/2014,Ashton Charles,"Munich,Bavaria,Germany",Central,Consumer,4/14/2014,Economy,
BN-2012-7168057,4/7/2014,Eden Kern,"Dundee,Scotland,United Kingdom",North,Consumer,4/11/2014,Economy,
AZ-2012-4182934,4/8/2014,Faith Chambers,"Oxford,England,United Kingdom",North,Consumer,4/12/2014,Economy,
AZ-2012-9921309,4/10/2014,Leo Bannister,"Berlin,Berlin,Germany",Central,Home Office,4/16/2014,Economy,
AZ-2012-4512200,4/10/2014,Leroy Dudley,"Milan,Lombardy,Italy",South,Consumer,4/14/2014,Economy,
AZ-2012-327072,4/10/2014,Blake Lymburner,"Frederiksberg,Hovedstaden,Denmark",North,Consumer,4/14/2014,Economy,
AZ-2012-6113257,4/11/2014,Kerry Dorsey,"Augsburg,Bavaria,Germany",Central,Consumer,4/17/2014,Economy,
AZ-2012-8035281,4/11/2014,Julian Mack,"Dormagen,North Rhine-Westphalia,Germany",Central,Consumer,4/11/2014,Immediate,Critical
AZ-2012-8589004,4/11/2014,Lisa Watkins,"Parla,Madrid,Spain",South,Consumer,4/13/2014,Economy Plus,
BN-2012-8726185,4/11/2014,David Lowe,"Capelle aan den IJssel,South Holland,Netherlands",Central,Consumer,4/15/2014,Economy,
AZ-2012-7832440,4/12/2014,Georgina Storey,"Vienna,Vienna,Austria",Central,Consumer,4/16/2014,Economy,
BN-2012-1276704,4/13/2014,Dominic Scott,"Berlin,Berlin,Germany",Central,Consumer,4/18/2014,Economy,
AZ-2012-3002893,4/14/2014,Maya Pamphlett,"Lons-le-Saunier,Bourgogne-Franche-Comté,France",Central,Consumer,4/18/2014,Economy,
BN-2012-8433873,4/14/2014,Sebastian McClelland,"Schiedam,South Holland,Netherlands",Central,Consumer,4/17/2014,Economy Plus,
BN-2012-3872886,4/14/2014,Lauren Knight,"Colmar,Alsace-Champagne-Ardenne-Lorraine,France",Central,Consumer,4/19/2014,Economy Plus,
AZ-2012-8885396,4/15/2014,Leslie Wilson,"Glasgow,Scotland,United Kingdom",North,Consumer,4/20/2014,Economy,
AZ-2012-2306577,4/17/2014,Harrison Cooke,"Langenhagen,Lower Saxony,Germany",Central,Consumer,4/22/2014,Economy,
BN-2012-7786585,4/17/2014,Luther King,"Erfurt,Thuringia,Germany",Central,Consumer,4/22/2014,Economy,
BN-2012-2380849,4/17/2014,Gracie Hicks,"Copenhagen,Hovedstaden,Denmark",North,Consumer,4/21/2014,Economy,
AZ-2012-2465302,4/18/2014,Jasmine Hanson,"Hamburg,Hamburg,Germany",Central,Consumer,4/22/2014,Economy,
AZ-2012-5629458,4/20/2014,Eva Arnold,"Foggia,Apulia,Italy",South,Consumer,4/25/2014,Economy Plus,
AZ-2012-3819043,4/20/2014,Harry Josephson,"Hasselt,Limburg,Belgium",Central,Consumer,4/23/2014,Economy Plus,
AZ-2012-270116,4/21/2014,Geraldine Mizelle,"Lugo,Galicia,Spain",South,Corporate,4/27/2014,Economy,
AZ-2012-7552000,4/21/2014,Rachel Morton,"Barcelona,Catalonia,Spain",South,Corporate,4/24/2014,Priority,Critical
AZ-2012-6231501,4/21/2014,Tahlia Coughlan,"Turin,Piedmont,Italy",South,Corporate,4/23/2014,Economy Plus,
AZ-2012-6401675,4/23/2014,Indiana Wekey,"Berlin,Berlin,Germany",Central,Corporate,4/27/2014,Economy,
BN-2012-1206037,4/23/2014,Nicholas Watkins,"Sheffield,England,United Kingdom",North,Consumer,4/28/2014,Economy,
AZ-2012-375859,4/24/2014,Dominic Scott,"London,England,United Kingdom",North,Consumer,4/28/2014,Economy,
AZ-2012-656965,4/24/2014,Lisa Casey,"Draguignan,Provence-Alpes-Côte d'Azur,France",Central,Corporate,4/28/2014,Economy,
AZ-2012-3048240,4/24/2014,Gemma Curlewis,"Vienna,Vienna,Austria",Central,Corporate,4/28/2014,Economy,
AZ-2012-5629716,4/25/2014,Caitlin Schmidt,"Sheffield,England,United Kingdom",North,Corporate,4/30/2014,Economy,
AZ-2012-3206190,4/25/2014,Jade Hawkins,"Kotka,Kymenlaakso,Finland",North,Consumer,4/29/2014,Economy,
AZ-2012-8556389,4/25/2014,Sharon Kerley,"Leipzig,Saxony,Germany",Central,Consumer,4/30/2014,Economy,
BN-2012-5184619,4/26/2014,Jordan Peacock,"Nacka,Stockholm,Sweden",North,Corporate,4/28/2014,Economy Plus,
AZ-2012-7805058,4/27/2014,Corey Norton,"Moers,North Rhine-Westphalia,Germany",Central,Consumer,5/1/2014,Economy,
AZ-2012-184298,4/27/2014,Ali Mander-Jones,"Vienna,Vienna,Austria",Central,Home Office,4/30/2014,Priority,Critical
BN-2012-2790989,4/27/2014,Kieran Herbert,"Leeuwarden,Friesland,Netherlands",Central,Consumer,5/2/2014,Economy Plus,
AZ-2012-6973714,4/28/2014,Kevin Madigan,"Chelles,Ile-de-France,France",Central,Consumer,5/2/2014,Economy,
AZ-2012-6683296,4/28/2014,Ruby Patel,"Hanover,Lower Saxony,Germany",Central,Home Office,4/29/2014,Priority,Critical
AZ-2012-7350513,4/28/2014,Sophia Owen,"Huddersfield,England,United Kingdom",North,Corporate,5/3/2014,Economy,
AZ-2012-4224779,4/28/2014,Maya Pamphlett,"Barcelona,Catalonia,Spain",South,Consumer,5/3/2014,Economy,
AZ-2012-8039360,4/28/2014,Matthew Gill,"Vienna,Vienna,Austria",Central,Home Office,5/5/2014,Economy,
BN-2012-6754964,4/28/2014,Mike Obrien,"Chemnitz,Saxony,Germany",Central,Consumer,5/3/2014,Economy,
AZ-2012-9817190,4/29/2014,Keith Martinez,"Vienna,Vienna,Austria",Central,Consumer,5/5/2014,Economy,
BN-2012-9955525,4/29/2014,Lara Giles,"Winterthur,Zürich,Switzerland",Central,Consumer,5/5/2014,Economy,
AZ-2012-2854166,5/1/2014,Ashton Foley,"Oberhausen,North Rhine-Westphalia,Germany",Central,Consumer,5/6/2014,Economy,
AZ-2012-3833359,5/2/2014,David To,"Karlsruhe,Baden-Württemberg,Germany",Central,Home Office,5/5/2014,Economy Plus,
AZ-2012-325160,5/2/2014,Craig Rayner,"Weimar,Thuringia,Germany",Central,Consumer,5/6/2014,Economy,
BN-2012-8415709,5/2/2014,Maddison Newman,"Birmingham,England,United Kingdom",North,Corporate,5/5/2014,Priority,Critical
AZ-2012-907711,5/4/2014,Anna Kelly,"Huddinge,Stockholm,Sweden",North,Corporate,5/6/2014,Economy Plus,
AZ-2012-8367812,5/9/2014,Eden Gooseberry,"Glasgow,Scotland,United Kingdom",North,Corporate,5/14/2014,Economy Plus,
BN-2012-5608207,5/9/2014,Gilbert Montgomery,"Guimarães,Braga,Portugal",South,Consumer,5/15/2014,Economy,
AZ-2012-8884167,5/10/2014,Angie Massengill,"Tremblay-en-France,Ile-de-France,France",Central,Consumer,5/10/2014,Immediate,Critical
AZ-2012-2675559,5/10/2014,Kristen Holland,"La Teste-de-Buch,Aquitaine-Limousin-Poitou-Charentes,France",Central,Consumer,5/14/2014,Economy,
BN-2012-9606343,5/10/2014,Alice Black,"Amsterdam,North Holland,Netherlands",Central,Home Office,5/12/2014,Economy Plus,
AZ-2012-9764957,5/12/2014,Abbie Perry,"Hamburg,Hamburg,Germany",Central,Consumer,5/16/2014,Economy,
AZ-2012-5631186,5/12/2014,Darcy St George,"Velletri,Lazio,Italy",South,Corporate,5/16/2014,Economy,
AZ-2012-4923020,5/12/2014,Ewan O'Neill,"Las Rozas de Madrid,Madrid,Spain",South,Corporate,5/17/2014,Economy Plus,
AZ-2012-2417161,5/13/2014,Nate Dacey,"Las Rozas de Madrid,Madrid,Spain",South,Consumer,5/15/2014,Priority,Critical
AZ-2012-4158616,5/14/2014,Lori Miller,"Manchester,England,United Kingdom",North,Consumer,5/21/2014,Economy,
AZ-2012-4736205,5/15/2014,Lilian Macredie,"Langen,Hesse,Germany",Central,Corporate,5/19/2014,Economy,
AZ-2012-2884340,5/15/2014,Lori Miller,"Cremona,Lombardy,Italy",South,Consumer,5/18/2014,Priority,Critical
AZ-2012-7790652,5/15/2014,Ali Jerger,"Rugby,England,United Kingdom",North,Corporate,5/21/2014,Economy,
AZ-2012-9538044,5/16/2014,Charlie Horrocks,"Walsall,England,United Kingdom",North,Consumer,5/22/2014,Economy,
AZ-2012-2921507,5/16/2014,Millie Franklin,"Milan,Lombardy,Italy",South,Consumer,5/21/2014,Economy Plus,
AZ-2012-799342,5/16/2014,Keith Martinez,"Narbonne,Languedoc-Roussillon-Midi-Pyrénées,France",Central,Consumer,5/20/2014,Economy Plus,
BN-2012-8539408,5/16/2014,Adam Gibbs,"Tours,Centre-Val de Loire,France",Central,Corporate,5/23/2014,Economy,
AZ-2012-6569540,5/17/2014,Janet Broussard,"Parla,Madrid,Spain",South,Consumer,5/22/2014,Economy,
AZ-2012-6620882,5/17/2014,Victoria Bell,"Nottingham,England,United Kingdom",North,Home Office,5/19/2014,Priority,Critical
AZ-2012-9487652,5/18/2014,Harry Nelson,"Barcelona,Catalonia,Spain",South,Consumer,5/22/2014,Economy,
AZ-2012-9364026,5/18/2014,Jacob Varley,"Villemomble,Ile-de-France,France",Central,Corporate,5/23/2014,Economy,
AZ-2012-5310150,5/19/2014,Sienna Williamson,"Espoo,Uusimaa,Finland",North,Corporate,5/23/2014,Economy Plus,
AZ-2012-8617894,5/19/2014,Charlotte Savage,"Irun,Basque Country,Spain",South,Consumer,5/19/2014,Immediate,Critical
BN-2012-3780400,5/19/2014,Maynard Moorman,"Madrid,Madrid,Spain",South,Consumer,5/25/2014,Economy,
AZ-2012-4689385,5/22/2014,Scarlett Pollard,"Espoo,Uusimaa,Finland",North,Corporate,5/26/2014,Economy,
AZ-2012-50424,5/22/2014,Evie Flockhart,"Burgos,Castile and León,Spain",South,Consumer,5/26/2014,Economy Plus,
AZ-2012-3965327,5/22/2014,Sherron Henegar,"Harlow,England,United Kingdom",North,Consumer,5/29/2014,Economy,
AZ-2012-3446417,5/22/2014,Courtney Hancock,"Fareham,England,United Kingdom",North,Consumer,5/22/2014,Immediate,Critical
AZ-2012-8512121,5/22/2014,Charlie Power,"Cercola,Campania,Italy",South,Home Office,5/26/2014,Economy,
BN-2012-1800160,5/22/2014,Jessica Paramor,"Palermo,Sicily,Italy",South,Corporate,5/26/2014,Economy,
AZ-2012-9982238,5/23/2014,Aidan Hayward,"Mantes-la-Jolie,Ile-de-France,France",Central,Corporate,5/25/2014,Economy Plus,
AZ-2012-358335,5/23/2014,Elise Ali,"Vicenza,Veneto,Italy",South,Home Office,5/23/2014,Immediate,Critical
AZ-2012-9503430,5/23/2014,Aidan Hayward,"London,England,United Kingdom",North,Corporate,5/28/2014,Economy Plus,
AZ-2012-2712293,5/24/2014,Maynard Moorman,"Turin,Piedmont,Italy",South,Consumer,5/29/2014,Economy,
AZ-2012-2293554,5/25/2014,Lewis Greenwood,"Coventry,England,United Kingdom",North,Consumer,5/31/2014,Economy,
BN-2012-716723,5/25/2014,Julie Ochoa,"Soissons,Nord-Pas-de-Calais-Picardie,France",Central,Corporate,5/30/2014,Economy,
AZ-2012-1979551,5/26/2014,Jodie Mellor,"Pulheim,North Rhine-Westphalia,Germany",Central,Consumer,5/30/2014,Economy,
AZ-2012-7998703,5/26/2014,Lauren Saunders,"Alicante,Valenciana,Spain",South,Consumer,5/27/2014,Priority,Critical
AZ-2012-2580887,5/27/2014,Molly Palmer,"Drancy,Ile-de-France,France",Central,Corporate,6/1/2014,Economy Plus,
AZ-2012-4640221,5/29/2014,Zachary Disher,"Barletta,Apulia,Italy",South,Consumer,6/1/2014,Priority,Critical
AZ-2012-2449827,5/30/2014,Walter Coley,"San Fernando,Andalusía,Spain",South,Consumer,6/3/2014,Economy,
AZ-2012-5752966,5/30/2014,Harrison Cooke,"Luton,England,United Kingdom",North,Consumer,5/30/2014,Immediate,Critical
BN-2012-7258485,5/31/2014,Harry Nelson,"Schiedam,South Holland,Netherlands",Central,Consumer,6/2/2014,Priority,Critical
AZ-2012-9615606,6/1/2014,Joan Douglas,"Imola,Emilia-Romagna,Italy",South,Corporate,6/3/2014,Economy Plus,
AZ-2012-9385706,6/1/2014,Xavier Burford,"Rotherham,England,United Kingdom",North,Corporate,6/7/2014,Economy,
AZ-2012-3506713,6/1/2014,Gregory Rodriguez,"Herne,North Rhine-Westphalia,Germany",Central,Corporate,6/3/2014,Economy Plus,
BN-2012-1349610,6/1/2014,David To,"Hanover,Lower Saxony,Germany",Central,Home Office,6/3/2014,Economy Plus,
AZ-2012-6550286,6/2/2014,Jeffrey Laird,"Avignon,Provence-Alpes-Côte d'Azur,France",Central,Corporate,6/7/2014,Economy,
AZ-2012-2445606,6/2/2014,Sophie Franklin,"Brest,Brittany,France",Central,Corporate,6/8/2014,Economy,
AZ-2012-5106565,6/2/2014,Rhonda Ford,"Dresden,Saxony,Germany",Central,Consumer,6/4/2014,Economy Plus,
AZ-2012-3249580,6/2/2014,Sarah Cross,"Hamburg,Hamburg,Germany",Central,Consumer,6/7/2014,Economy Plus,
AZ-2012-8028235,6/2/2014,Daniel Howells,"Plymouth,England,United Kingdom",North,Corporate,6/6/2014,Economy,
AZ-2012-9291301,6/2/2014,Sophie Franklin,"Basel,Basel-Stadt,Switzerland",Central,Corporate,6/4/2014,Economy Plus,
AZ-2012-5539179,6/3/2014,Hollie Norris,"Angers,Pays de la Loire,France",Central,Consumer,6/7/2014,Economy,
AZ-2012-3380048,6/3/2014,Bianca Whitford,"Clamart,Ile-de-France,France",Central,Corporate,6/9/2014,Economy,
AZ-2012-3229399,6/3/2014,Zona Meyer,"Oldenburg,Lower Saxony,Germany",Central,Corporate,6/7/2014,Economy,
AZ-2012-9884785,6/5/2014,Jason Roger,"Grigny,Ile-de-France,France",Central,Corporate,6/9/2014,Economy,
AZ-2012-8456579,6/5/2014,Gerald Booth,"Tours,Centre-Val de Loire,France",Central,Consumer,6/9/2014,Economy,
AZ-2012-8884633,6/5/2014,Lester Wimmer,"Newcastle upon Tyne,England,United Kingdom",North,Consumer,6/9/2014,Economy,
AZ-2012-768602,6/6/2014,Joan Douglas,"Nancy,Alsace-Champagne-Ardenne-Lorraine,France",Central,Corporate,6/12/2014,Economy,
AZ-2012-5575176,6/7/2014,Georgina Arnold,"Bologna,Emilia-Romagna,Italy",South,Corporate,6/12/2014,Economy,
AZ-2012-7477983,6/7/2014,Aaron Davey,"Palaiseau,Ile-de-France,France",Central,Consumer,6/11/2014,Economy,
AZ-2012-4828217,6/7/2014,Ebony Northcott,"Heidelberg,Baden-Württemberg,Germany",Central,Consumer,6/12/2014,Economy,
AZ-2012-6744680,6/7/2014,Alexandra Macdonald,"Guyancourt,Ile-de-France,France",Central,Corporate,6/12/2014,Economy Plus,
AZ-2012-5610095,6/7/2014,Claudia Poore,"Berlin,Berlin,Germany",Central,Corporate,6/12/2014,Economy Plus,
AZ-2012-2860153,6/8/2014,Aidan Hayward,"Munich,Bavaria,Germany",Central,Corporate,6/9/2014,Priority,Critical
AZ-2012-6992927,6/8/2014,Ruby Frost,"West Bromwich,England,United Kingdom",North,Home Office,6/10/2014,Priority,Critical
AZ-2012-1968371,6/9/2014,Kian Pollard,"Widnes,England,United Kingdom",North,Consumer,6/14/2014,Economy Plus,
AZ-2012-51069,6/9/2014,Max Ronald,"Bonneuil-sur-Marne,Ile-de-France,France",Central,Corporate,6/14/2014,Economy,
AZ-2012-385874,6/9/2014,Lewis Greenwood,"Mont-Saint-Aignan,Normandy,France",Central,Consumer,6/14/2014,Economy,
BN-2012-6756198,6/9/2014,Makayla Elphinstone,"Turin,Piedmont,Italy",South,Consumer,6/13/2014,Economy,
AZ-2012-7344517,6/10/2014,Rose Heap,"Madrid,Madrid,Spain",South,Consumer,6/14/2014,Economy,
BN-2012-26008,6/10/2014,Mike Obrien,"Uppsala,Uppsala,Sweden",North,Consumer,6/17/2014,Economy,
AZ-2012-7800585,6/12/2014,Charles Carey,"Lyon,Auvergne-Rhône-Alpes,France",Central,Consumer,6/16/2014,Economy,
AZ-2012-7094138,6/12/2014,Daniel Lucas,"Marl,North Rhine-Westphalia,Germany",Central,Home Office,6/16/2014,Economy,
AZ-2012-5071313,6/12/2014,Corey Browne,"Munich,Bavaria,Germany",Central,Consumer,6/16/2014,Economy,
AZ-2012-6341558,6/12/2014,Bryce Efird,"Vienna,Vienna,Austria",Central,Corporate,6/16/2014,Economy,
BN-2012-8691355,6/12/2014,Edward Dolling,"Feira,Aveiro,Portugal",South,Consumer,6/16/2014,Economy,
BN-2012-6248125,6/12/2014,Aidan Rowe,"Rotterdam,South Holland,Netherlands",Central,Consumer,6/17/2014,Economy,
BN-2012-4716466,6/12/2014,Robert Barnes,"Blackburn,England,United Kingdom",North,Consumer,6/17/2014,Economy,
AZ-2012-7754388,6/13/2014,Mark Briggs,"Munster,Lower Saxony,Germany",Central,Consumer,6/17/2014,Economy,
BN-2012-3975378,6/13/2014,Bryce Efird,"Reggio nell'Emilia,Emilia-Romagna,Italy",South,Corporate,6/17/2014,Economy,
AZ-2012-1667717,6/14/2014,Alfonso Gomez,"San Sebastian,Basque Country,Spain",South,Corporate,6/16/2014,Economy Plus,
AZ-2012-8270479,6/14/2014,Jade Daniels,"Montpellier,Languedoc-Roussillon-Midi-Pyrénées,France",Central,Corporate,6/18/2014,Economy,
AZ-2012-2145523,6/15/2014,Gary Crume,"Bayonne,Aquitaine-Limousin-Poitou-Charentes,France",Central,Consumer,6/21/2014,Economy,
AZ-2012-5209012,6/15/2014,Samantha Reynell,"Massy,Ile-de-France,France",Central,Home Office,6/20/2014,Economy Plus,
AZ-2012-6682844,6/16/2014,Maddison Newman,"Aprilia,Lazio,Italy",South,Corporate,6/22/2014,Economy,
AZ-2012-4642183,6/16/2014,Ryan Ackland,"Paris,Ile-de-France,France",Central,Consumer,6/20/2014,Economy,
AZ-2012-4858195,6/16/2014,Scarlett Truchanas,"Mont-de-Marsan,Aquitaine-Limousin-Poitou-Charentes,France",Central,Corporate,6/16/2014,Immediate,Critical
BN-2012-9976090,6/16/2014,Viola Watson,"Birmingham,England,United Kingdom",North,Consumer,6/20/2014,Economy,
BN-2012-834682,6/16/2014,Nelson Olsen,"Rotterdam,South Holland,Netherlands",Central,Home Office,6/22/2014,Economy,
AZ-2012-5685113,6/17/2014,Thomas Thompson,"Brandenburg,Brandenburg,Germany",Central,Corporate,6/20/2014,Priority,Critical
AZ-2012-3045764,6/17/2014,Steven Cordoba,"Remscheid,North Rhine-Westphalia,Germany",Central,Consumer,6/21/2014,Economy,
AZ-2012-252256,6/17/2014,Ginger Owens,"Velletri,Lazio,Italy",South,Consumer,6/21/2014,Economy,
AZ-2012-2961412,6/19/2014,Libby McDonald,"Bradford,England,United Kingdom",North,Home Office,6/22/2014,Economy Plus,
AZ-2012-534231,6/19/2014,Sharon Kerley,"Wolverhampton,England,United Kingdom",North,Consumer,6/26/2014,Economy,
AZ-2012-564106,6/19/2014,Jose Gullo,"Frankfurt,Hesse,Germany",Central,Consumer,6/25/2014,Economy,
AZ-2012-2467107,6/19/2014,William Horton,"Lens,Nord-Pas-de-Calais-Picardie,France",Central,Consumer,6/21/2014,Economy Plus,
AZ-2012-9269920,6/20/2014,Angus De Groot,"Duisburg,North Rhine-Westphalia,Germany",Central,Corporate,6/24/2014,Economy,
AZ-2012-5605130,6/20/2014,Holly Noble,"Le Bouscat,Aquitaine-Limousin-Poitou-Charentes,France",Central,Consumer,6/20/2014,Immediate,Critical
AZ-2012-8935419,6/20/2014,Rachel Goddard,"Vienna,Vienna,Austria",Central,Consumer,6/25/2014,Economy,
AZ-2012-2772170,6/20/2014,Riley Howells,"Antwerp,Antwerp,Belgium",Central,Consumer,6/22/2014,Priority,Critical
AZ-2012-8267693,6/20/2014,Dominic Jordan,"Hamburg,Hamburg,Germany",Central,Consumer,6/27/2014,Economy,
AZ-2012-1629233,6/21/2014,Mason Adams,"Aubervilliers,Ile-de-France,France",Central,Consumer,6/25/2014,Economy,
AZ-2012-910518,6/21/2014,John Town,"Nantes,Pays de la Loire,France",Central,Consumer,6/25/2014,Economy,
AZ-2012-1680064,6/21/2014,Gail Thompson,"Fuengirola,Andalusía,Spain",South,Consumer,6/26/2014,Economy,
AZ-2012-19748,6/21/2014,Aidan Hayward,"Arras,Nord-Pas-de-Calais-Picardie,France",Central,Corporate,6/23/2014,Economy Plus,
AZ-2012-3239511,6/21/2014,Laura Akhtar,"El Escorial,Madrid,Spain",South,Consumer,6/26/2014,Economy,
AZ-2012-5227678,6/21/2014,Kyle Beard,"Jerez de la Frontera,Andalusía,Spain",South,Consumer,6/26/2014,Economy Plus,
BN-2012-9118529,6/21/2014,Julie Ochoa,"Alphen aan den Rijn,South Holland,Netherlands",Central,Corporate,6/25/2014,Economy,
AZ-2012-9180842,6/22/2014,Joel Ortega,"Vienna,Vienna,Austria",Central,Corporate,6/29/2014,Economy,
AZ-2012-1472059,6/22/2014,Amy Pritchard,"Kingswood,England,United Kingdom",North,Consumer,6/26/2014,Economy,
AZ-2012-8926364,6/22/2014,Lilian Macredie,"Herne,North Rhine-Westphalia,Germany",Central,Corporate,6/29/2014,Economy,
AZ-2012-9662305,6/22/2014,Jonathan Franklin,"Torrevieja,Valenciana,Spain",South,Home Office,6/26/2014,Economy,
AZ-2012-1672161,6/22/2014,Leah Derham,"Pessac,Aquitaine-Limousin-Poitou-Charentes,France",Central,Consumer,6/26/2014,Economy,
AZ-2012-1169269,6/23/2014,Ethan Howarth,"Duisburg,North Rhine-Westphalia,Germany",Central,Consumer,6/30/2014,Economy,
AZ-2012-1714781,6/23/2014,Lilly Le Grand,"Villefontaine,Auvergne-Rhône-Alpes,France",Central,Home Office,6/27/2014,Economy,
AZ-2012-9627965,6/23/2014,Norma McCowan,"Bottrop,North Rhine-Westphalia,Germany",Central,Consumer,6/25/2014,Economy Plus,
AZ-2012-5215986,6/24/2014,Dylan Dry,"Watford,England,United Kingdom",North,Consumer,6/29/2014,Economy,
BN-2012-7150629,6/24/2014,Leticia Sorrells,"Boulogne-Billancourt,Ile-de-France,France",Central,Consumer,6/27/2014,Economy Plus,
AZ-2012-3985988,6/26/2014,Michael Watkins,"Pesaro,Marche,Italy",South,Home Office,7/2/2014,Economy,
AZ-2012-4114446,6/26/2014,Alfonso Gomez,"London,England,United Kingdom",North,Corporate,7/2/2014,Economy,
AZ-2012-9624390,6/26/2014,Kiera Chandler,"Wolverhampton,England,United Kingdom",North,Consumer,7/3/2014,Economy,
AZ-2012-569279,6/26/2014,Freya Daniels,"Esbjerg,South Denmark,Denmark",North,Consumer,6/30/2014,Economy,
AZ-2012-9062597,6/26/2014,Liam Mathias,"London,England,United Kingdom",North,Corporate,6/30/2014,Economy,
AZ-2012-9805086,6/26/2014,Ethan Barrett,"Taunton,England,United Kingdom",North,Consumer,7/2/2014,Economy,
BN-2012-7249062,6/26/2014,Faith Chambers,"Edinburgh,Scotland,United Kingdom",North,Consumer,6/28/2014,Priority,Critical
AZ-2012-3603258,6/27/2014,Jayden Ali,"Villiers-le-Bel,Ile-de-France,France",Central,Consumer,6/27/2014,Immediate,Critical
AZ-2012-5304566,6/27/2014,Laura Akhtar,"Ennigerloh,North Rhine-Westphalia,Germany",Central,Consumer,6/27/2014,Immediate,Critical
AZ-2012-5992799,6/27/2014,Everett Dunbar,"Bremen,Bremen,Germany",Central,Corporate,7/2/2014,Economy Plus,
AZ-2012-6372701,6/28/2014,Mary Hough,"Aulnay-sous-Bois,Ile-de-France,France",Central,Home Office,7/4/2014,Economy,
AZ-2012-8255780,6/28/2014,Harriet Chadwick,"Maisons-Alfort,Ile-de-France,France",Central,Corporate,7/4/2014,Economy,
BN-2012-702658,6/28/2014,Eleanor Pollard,"Schiedam,South Holland,Netherlands",Central,Home Office,7/5/2014,Economy,
AZ-2012-1696586,6/29/2014,Mike Langer,"Woking,England,United Kingdom",North,Corporate,7/5/2014,Economy,
AZ-2012-7930986,6/29/2014,Chloe Landale,"London,England,United Kingdom",North,Home Office,7/4/2014,Economy,
AZ-2012-5235693,6/29/2014,Bailey Morris,"Munich,Bavaria,Germany",Central,Consumer,6/29/2014,Immediate,Critical
BN-2012-7504566,6/29/2014,Piper Wilder-Neligan,"Emmen,Drenthe,Netherlands",Central,Consumer,7/6/2014,Economy,
AZ-2012-1999567,6/30/2014,Nathan Allwood,"London,England,United Kingdom",North,Home Office,7/5/2014,Economy Plus,
AZ-2012-2500695,6/30/2014,Toby Rowley,"Granada,Andalusía,Spain",South,Consumer,7/4/2014,Economy,
AZ-2012-2224198,6/30/2014,Minnie Cash,"Gronau,North Rhine-Westphalia,Germany",Central,Corporate,7/2/2014,Priority,Critical
AZ-2012-8940474,6/30/2014,Sienna Williamson,"Espoo,Uusimaa,Finland",North,Corporate,7/4/2014,Economy,
AZ-2012-3373330,6/30/2014,Alex Greenwood,"Berlin,Berlin,Germany",Central,Consumer,7/5/2014,Economy,
BN-2012-8400051,6/30/2014,Kristen Holland,"Solna,Stockholm,Sweden",North,Consumer,7/5/2014,Economy,
AZ-2012-4709370,7/1/2014,Kian Sykes,"Pomezia,Lazio,Italy",South,Consumer,7/5/2014,Economy,
BN-2012-7073852,7/1/2014,Richard Poole,"Madrid,Madrid,Spain",South,Home Office,7/1/2014,Immediate,Critical
AZ-2012-1418024,7/2/2014,Tricia Bustamante,"Edinburgh,Scotland,United Kingdom",North,Corporate,7/7/2014,Economy,
AZ-2012-219498,7/3/2014,Mackenzie Whitford,"Offenbach,Hesse,Germany",Central,Consumer,7/9/2014,Economy,
AZ-2012-364031,7/4/2014,Tom Charlton,"Torrevieja,Valenciana,Spain",South,Corporate,7/8/2014,Economy,
AZ-2012-5139893,7/4/2014,Donna Nash,"Montpellier,Languedoc-Roussillon-Midi-Pyrénées,France",Central,Corporate,7/8/2014,Economy,
BN-2012-2362845,7/4/2014,Georgina Fuller,"Creil,Nord-Pas-de-Calais-Picardie,France",Central,Consumer,7/7/2014,Priority,Critical
AZ-2012-4686001,7/5/2014,Philip Newsom,"Berlin,Berlin,Germany",Central,Corporate,7/10/2014,Economy Plus,
AZ-2012-6962092,7/5/2014,Ryan Price,"Ghent,East Flanders,Belgium",Central,Consumer,7/7/2014,Economy Plus,
AZ-2012-9208057,7/5/2014,Eve Bates,"Birkenhead,England,United Kingdom",North,Consumer,7/11/2014,Economy,
AZ-2012-2839783,7/5/2014,Daniel Burke,"London,England,United Kingdom",North,Home Office,7/11/2014,Economy,
AZ-2012-9551282,7/6/2014,Anna Macdonald,"Paderborn,North Rhine-Westphalia,Germany",Central,Consumer,7/9/2014,Priority,Critical
AZ-2012-2413231,7/6/2014,Rose Heap,"Essen,North Rhine-Westphalia,Germany",Central,Consumer,7/12/2014,Economy,
AZ-2012-1028247,7/7/2014,Molly Palmer,"Valenciennes,Nord-Pas-de-Calais-Picardie,France",Central,Corporate,7/11/2014,Economy,
AZ-2012-3981098,7/7/2014,Bianca Whitford,"Sunderland,England,United Kingdom",North,Corporate,7/13/2014,Economy,
AZ-2012-3093353,7/7/2014,Minnie Cash,"Aix-en-Provence,Provence-Alpes-Côte d'Azur,France",Central,Corporate,7/11/2014,Economy,
AZ-2012-5060433,7/7/2014,Nathan Allwood,"Frontignan,Languedoc-Roussillon-Midi-Pyrénées,France",Central,Home Office,7/14/2014,Economy,
AZ-2012-3906554,7/7/2014,Cynthia Zielinski,"Paris,Ile-de-France,France",Central,Home Office,7/11/2014,Economy,
AZ-2012-7806726,7/7/2014,Gregory Rodriguez,"Oslo,Oslo,Norway",North,Corporate,7/10/2014,Economy Plus,
BN-2012-3187159,7/11/2014,Leroy Samson,"Tallaght,Dublin,Ireland",North,Home Office,7/16/2014,Economy,
AZ-2012-2363041,7/12/2014,Patricia Smith,"Amersfoort,Utrecht,Netherlands",Central,Corporate,7/14/2014,Priority,Critical
AZ-2012-3913480,7/12/2014,William Jolly,"Cottbus,Brandenburg,Germany",Central,Consumer,7/18/2014,Economy,
AZ-2012-8819621,7/12/2014,Alpha Ross,"London,England,United Kingdom",North,Corporate,7/15/2014,Priority,Critical
AZ-2012-9314178,7/12/2014,Darcy St George,"Castrop-Rauxel,North Rhine-Westphalia,Germany",Central,Corporate,7/13/2014,Priority,Critical
AZ-2012-2425717,7/13/2014,Isabelle Gould,"Freiburg,Baden-Württemberg,Germany",Central,Consumer,7/15/2014,Priority,Critical
AZ-2012-5117204,7/14/2014,Angus Reading,"London,England,United Kingdom",North,Corporate,7/18/2014,Economy,
AZ-2012-5894854,7/14/2014,Jett Osman,"Leeds,England,United Kingdom",North,Home Office,7/16/2014,Economy Plus,
AZ-2012-8565263,7/14/2014,Juan Smith,"Espoo,Uusimaa,Finland",North,Consumer,7/17/2014,Economy Plus,
AZ-2012-6757655,7/14/2014,Makayla Elphinstone,"Paris,Ile-de-France,France",Central,Consumer,7/14/2014,Immediate,Critical
BN-2012-9869476,7/14/2014,Alexis Code,"Turin,Piedmont,Italy",South,Corporate,7/18/2014,Economy,
BN-2012-5777866,7/14/2014,Eva Hargraves,"Marignane,Provence-Alpes-Côte d'Azur,France",Central,Consumer,7/18/2014,Economy,
BN-2012-3858400,7/14/2014,Eden Gooseberry,"Birmingham,England,United Kingdom",North,Corporate,7/16/2014,Economy Plus,
AZ-2012-7448408,7/15/2014,Jacob Varley,"Sheffield,England,United Kingdom",North,Corporate,7/20/2014,Economy,
BN-2012-1757975,7/15/2014,Louis Dominguez,"Norderstedt,Schleswig-Holstein,Germany",Central,Corporate,7/17/2014,Priority,Critical
BN-2012-2095072,7/15/2014,Jasper Neighbour,"Neunkirchen,Saarland,Germany",Central,Corporate,7/19/2014,Economy,
AZ-2012-3133492,7/17/2014,Jude Leonard,"Bourges,Centre-Val de Loire,France",Central,Consumer,7/20/2014,Priority,Critical
AZ-2012-2918666,7/18/2014,Jack Holland,"Rome,Lazio,Italy",South,Consumer,7/22/2014,Economy,
BN-2012-8357791,7/18/2014,Ruby Nicholls,"Cartagena,Murcia,Spain",South,Corporate,7/23/2014,Economy,
AZ-2012-3768744,7/19/2014,Jonathan Bottrill,"Sant Boi de Llobregat,Catalonia,Spain",South,Consumer,7/19/2014,Immediate,Critical
AZ-2012-3505985,7/19/2014,Lamar Lockhart,"Berlin,Berlin,Germany",Central,Consumer,7/25/2014,Economy,
AZ-2012-6233786,7/21/2014,Jade Farmer,"Savigny-le-Temple,Ile-de-France,France",Central,Consumer,7/27/2014,Economy,
AZ-2012-9382192,7/21/2014,Toby Starling,"Hanover,Lower Saxony,Germany",Central,Consumer,7/25/2014,Economy Plus,
BN-2012-4720977,7/21/2014,Max Ronald,"Narbonne,Languedoc-Roussillon-Midi-Pyrénées,France",Central,Corporate,7/25/2014,Economy,
AZ-2012-7753558,7/24/2014,John Town,"Madrid,Madrid,Spain",South,Consumer,7/28/2014,Economy,
AZ-2012-909274,7/24/2014,Morgan Dodd,"Berlin,Berlin,Germany",Central,Consumer,7/29/2014,Economy,
BN-2012-4476459,7/24/2014,Alex Greenwood,"Cerignola,Apulia,Italy",South,Consumer,7/31/2014,Economy,
AZ-2012-6544927,7/25/2014,Isabelle Torpy,"London,England,United Kingdom",North,Consumer,7/29/2014,Economy Plus,
AZ-2012-5862496,7/25/2014,Zona Meyer,"Nice,Provence-Alpes-Côte d'Azur,France",Central,Corporate,8/1/2014,Economy,
AZ-2012-1759709,7/26/2014,Maya O'Sullivan,"Abbeville,Nord-Pas-de-Calais-Picardie,France",Central,Corporate,7/31/2014,Economy,
AZ-2012-1021775,7/26/2014,Robert Barnes,"Sale,England,United Kingdom",North,Consumer,7/30/2014,Economy,
AZ-2012-7356615,7/26/2014,Noah Hart,"London,England,United Kingdom",North,Consumer,7/31/2014,Economy,
BN-2012-8602760,7/26/2014,Mia McLean,"Stockholm,Stockholm,Sweden",North,Corporate,7/31/2014,Economy,
BN-2012-4363954,7/27/2014,Will Poynton,"Eastbourne,England,United Kingdom",North,Consumer,7/31/2014,Economy Plus,
AZ-2012-2411878,7/28/2014,Lillian Davis,"Munich,Bavaria,Germany",Central,Consumer,8/3/2014,Economy,
AZ-2012-4260894,7/29/2014,Jose Gullo,"Modena,Emilia-Romagna,Italy",South,Consumer,8/3/2014,Economy,
AZ-2012-5470762,7/29/2014,Audrey Emanuel,"London,England,United Kingdom",North,Consumer,8/2/2014,Economy,
AZ-2012-2100184,7/31/2014,Louie Knight,"Halle,North Rhine-Westphalia,Germany",Central,Consumer,8/4/2014,Economy,
AZ-2012-9636405,7/31/2014,Don Willie,"Bad Waldsee,Baden-Württemberg,Germany",Central,Corporate,8/5/2014,Economy,
BN-2012-4057462,7/31/2014,Maddison Breen,"Bielefeld,North Rhine-Westphalia,Germany",Central,Corporate,8/5/2014,Economy,
BN-2012-7339265,7/31/2014,Ashton Foley,"Dublin,Dublin,Ireland",North,Consumer,8/2/2014,Economy Plus,
AZ-2012-4681403,8/2/2014,Dominic Jordan,"Cottbus,Brandenburg,Germany",Central,Consumer,8/6/2014,Economy,
AZ-2012-3680090,8/2/2014,Lola Hughes,"Milan,Lombardy,Italy",South,Consumer,8/6/2014,Economy,
AZ-2012-5345939,8/2/2014,Charlie Smithies,"Perpignan,Languedoc-Roussillon-Midi-Pyrénées,France",Central,Consumer,8/4/2014,Priority,Critical
AZ-2012-1978129,8/2/2014,Jason Calhoun,"Gummersbach,North Rhine-Westphalia,Germany",Central,Consumer,8/6/2014,Economy,
AZ-2012-250360,8/2/2014,Lara Stoate,"West Bromwich,England,United Kingdom",North,Corporate,8/7/2014,Economy Plus,
AZ-2012-9018898,8/3/2014,Kieran Herbert,"Vichy,Auvergne-Rhône-Alpes,France",Central,Consumer,8/7/2014,Economy,
AZ-2012-3087975,8/3/2014,Patricia Smith,"Helsingborg,Skåne,Sweden",North,Corporate,8/7/2014,Economy,
AZ-2012-5108667,8/3/2014,Holly Black,"Pontivy,Brittany,France",Central,Home Office,8/8/2014,Economy,
AZ-2012-958413,8/4/2014,Tyler Duncan,"Karlsruhe,Baden-Württemberg,Germany",Central,Home Office,8/10/2014,Economy,
AZ-2012-130560,8/4/2014,Ruby Frost,"Bilbao,Basque Country,Spain",South,Home Office,8/8/2014,Economy,
AZ-2012-4818460,8/4/2014,Maddison Breen,"Bondy,Ile-de-France,France",Central,Corporate,8/9/2014,Economy,
AZ-2012-4064323,8/4/2014,Charlotte Taylor,"Rovigo,Veneto,Italy",South,Consumer,8/8/2014,Economy,
AZ-2012-1437670,8/4/2014,Sue Castaneda,"Palermo,Sicily,Italy",South,Home Office,8/8/2014,Economy,
AZ-2012-6280455,8/4/2014,Rory Jess,"Venice,Veneto,Italy",South,Home Office,8/6/2014,Economy Plus,
AZ-2012-3477100,8/4/2014,Aaron Davey,"Cork,Cork,Ireland",North,Consumer,8/8/2014,Economy,
BN-2012-8901180,8/4/2014,Caitlyn Willoughby,"Stockholm,Stockholm,Sweden",North,Home Office,8/6/2014,Economy Plus,
AZ-2012-5292659,8/5/2014,Lilly Akhtar,"Cuneo,Piedmont,Italy",South,Home Office,8/8/2014,Priority,Critical
AZ-2012-8516035,8/5/2014,Adam Harte,"Flers,Normandy,France",Central,Corporate,8/7/2014,Priority,Critical
AZ-2012-3240635,8/5/2014,Henry Pedder,"Poole,England,United Kingdom",North,Consumer,8/11/2014,Economy,
BN-2012-282607,8/5/2014,Patricia Smith,"Aulnay-sous-Bois,Ile-de-France,France",Central,Corporate,8/11/2014,Economy,
BN-2012-4235969,8/6/2014,Callum Hagai,"Emden,Lower Saxony,Germany",Central,Home Office,8/12/2014,Economy,
AZ-2012-3458834,8/7/2014,Charles Builder,"Brindisi,Apulia,Italy",South,Consumer,8/12/2014,Economy Plus,
AZ-2012-6534891,8/7/2014,Evan Allen,"Colomiers,Languedoc-Roussillon-Midi-Pyrénées,France",Central,Corporate,8/14/2014,Economy,
AZ-2012-6013472,8/7/2014,Isabella Fowler,"Montesson,Ile-de-France,France",Central,Consumer,8/12/2014,Economy,
AZ-2012-1964182,8/7/2014,Tyson Jonathan,"Aachen,North Rhine-Westphalia,Germany",Central,Consumer,8/12/2014,Economy,
AZ-2012-3604436,8/7/2014,Elisabeth Manson,"Annemasse,Auvergne-Rhône-Alpes,France",Central,Consumer,8/11/2014,Economy,
AZ-2012-7560485,8/7/2014,Florence Wark,"Rome,Lazio,Italy",South,Consumer,8/12/2014,Economy,
BN-2012-3874794,8/7/2014,Isabelle Norton,"Enschede,Overijssel,Netherlands",Central,Consumer,8/9/2014,Economy Plus,
BN-2012-3544150,8/7/2014,Jamie Le Grand,"Granollers,Catalonia,Spain",South,Home Office,8/8/2014,Priority,Critical
AZ-2012-3783663,8/8/2014,Ewan Walton,"Milan,Lombardy,Italy",South,Consumer,8/13/2014,Economy,
AZ-2012-8884308,8/8/2014,Phoebe Lindsay,"Chesterfield,England,United Kingdom",North,Consumer,8/12/2014,Economy,
AZ-2012-6749247,8/8/2014,George Bryan,"Lippstadt,North Rhine-Westphalia,Germany",Central,Consumer,8/10/2014,Priority,Critical
AZ-2012-7693898,8/8/2014,Michael Halcomb,"Nice,Provence-Alpes-Côte d'Azur,France",Central,Corporate,8/13/2014,Economy Plus,
BN-2012-7736321,8/8/2014,Nicole Johns,"The Hague,South Holland,Netherlands",Central,Consumer,8/11/2014,Economy Plus,
AZ-2012-8266486,8/9/2014,Angus Reading,"Berlin,Berlin,Germany",Central,Corporate,8/13/2014,Economy Plus,
AZ-2012-2652453,8/9/2014,Jesse Godson,"Taranto,Apulia,Italy",South,Corporate,8/11/2014,Economy Plus,
AZ-2012-5450030,8/9/2014,Georgina Fuller,"Vienna,Vienna,Austria",Central,Consumer,8/13/2014,Economy,
AZ-2012-5646456,8/10/2014,Imogen Symon,"Rimini,Emilia-Romagna,Italy",South,Consumer,8/14/2014,Economy,
AZ-2012-7045480,8/10/2014,Eloise Sykes,"Edinburgh,Scotland,United Kingdom",North,Consumer,8/15/2014,Economy,
AZ-2012-8524723,8/10/2014,Daniel Lucas,"La Teste-de-Buch,Aquitaine-Limousin-Poitou-Charentes,France",Central,Home Office,8/14/2014,Economy,
AZ-2012-5782432,8/10/2014,Harry Marion,"Duisburg,North Rhine-Westphalia,Germany",Central,Consumer,8/16/2014,Economy,
AZ-2012-8652338,8/11/2014,Christopher Goold,"Mâcon,Bourgogne-Franche-Comté,France",Central,Corporate,8/15/2014,Economy,
AZ-2012-7235775,8/11/2014,David Harney,"Cannes,Provence-Alpes-Côte d'Azur,France",Central,Corporate,8/13/2014,Economy Plus,
AZ-2012-4249351,8/11/2014,Niki Peirce,"Sorgues,Provence-Alpes-Côte d'Azur,France",Central,Consumer,8/15/2014,Economy,
AZ-2012-5539647,8/11/2014,Sophia Owen,"Bedford,England,United Kingdom",North,Corporate,8/15/2014,Economy,
AZ-2012-943322,8/11/2014,Samuel Thomas,"Cologne,North Rhine-Westphalia,Germany",Central,Consumer,8/13/2014,Priority,Critical
AZ-2012-7429996,8/11/2014,Edward Martinez,"Bremen,Bremen,Germany",Central,Corporate,8/15/2014,Economy,
AZ-2012-7971631,8/11/2014,Freddie Kaur,"Domont,Ile-de-France,France",Central,Consumer,8/18/2014,Economy,
AZ-2012-3365059,8/12/2014,Brian Garcia,"Berlin,Berlin,Germany",Central,Consumer,8/17/2014,Economy,
AZ-2012-2938834,8/13/2014,Gail Thompson,"Graz,Styria,Austria",Central,Consumer,8/17/2014,Economy Plus,
AZ-2012-5262260,8/14/2014,Niamh Mann,"Millau,Languedoc-Roussillon-Midi-Pyrénées,France",Central,Consumer,8/20/2014,Economy,
AZ-2012-7087308,8/14/2014,Terence Welch,"Eastbourne,England,United Kingdom",North,Consumer,8/19/2014,Economy,
AZ-2012-9985308,8/14/2014,Richard Poole,"Brive-la-Gaillarde,Aquitaine-Limousin-Poitou-Charentes,France",Central,Home Office,8/20/2014,Economy,
AZ-2012-4853423,8/14/2014,Chloe O'Dea,"Douai,Nord-Pas-de-Calais-Picardie,France",Central,Consumer,8/16/2014,Priority,Critical
AZ-2012-4532840,8/14/2014,Jasmine Hanson,"Altamura,Apulia,Italy",South,Consumer,8/16/2014,Priority,Critical
AZ-2012-1789531,8/14/2014,Robert Quick,"London,England,United Kingdom",North,Consumer,8/15/2014,Priority,Critical
AZ-2012-6369944,8/15/2014,Brandon Kirby,"Mont-de-Marsan,Aquitaine-Limousin-Poitou-Charentes,France",Central,Home Office,8/18/2014,Priority,Critical
AZ-2012-6417191,8/15/2014,Ben Summerville,"Helsinki,Uusimaa,Finland",North,Consumer,8/20/2014,Economy,
AZ-2012-7850198,8/15/2014,Faith Greenwood,"Lincoln,England,United Kingdom",North,Consumer,8/22/2014,Economy,
AZ-2012-2970891,8/15/2014,Kai Bolden,"Paris,Ile-de-France,France",Central,Consumer,8/19/2014,Economy,
BN-2012-8662125,8/15/2014,Craig Rayner,"Winterthur,Zürich,Switzerland",Central,Consumer,8/19/2014,Economy,
BN-2012-8860011,8/15/2014,Sam Rees,"Chemnitz,Saxony,Germany",Central,Home Office,8/21/2014,Economy,
BN-2012-5394527,8/15/2014,Laura Elizabeth,"Zurich,Zürich,Switzerland",Central,Consumer,8/21/2014,Economy,
AZ-2012-8465046,8/16/2014,Andres Woodruff,"Zeist,Utrecht,Netherlands",Central,Home Office,8/20/2014,Economy,
AZ-2012-7029470,8/16/2014,Elise Godfrey,"Marseille,Provence-Alpes-Côte d'Azur,France",Central,Consumer,8/23/2014,Economy,
AZ-2012-7677326,8/16/2014,Spencer Wallis,"London,England,United Kingdom",North,Consumer,8/20/2014,Economy Plus,
BN-2012-5195866,8/16/2014,Vaughn Gibbs,"Amsterdam,North Holland,Netherlands",Central,Home Office,8/19/2014,Priority,Critical
AZ-2012-7523947,8/17/2014,Dominic Elliott,"Turku,Finland Proper,Finland",North,Consumer,8/22/2014,Economy,
AZ-2012-6921554,8/17/2014,Abigail Humffray,"Wolfsburg,Lower Saxony,Germany",Central,Consumer,8/22/2014,Economy,
AZ-2012-3490353,8/17/2014,Travis Corchado,"Leicester,England,United Kingdom",North,Corporate,8/22/2014,Economy,
BN-2012-3059145,8/17/2014,Archie Springfield,"Berlin,Berlin,Germany",Central,Home Office,8/23/2014,Economy,
AZ-2012-1810265,8/18/2014,Ngoc Orozco,"Evreux,Normandy,France",Central,Home Office,8/23/2014,Economy,
BN-2012-4184699,8/18/2014,Eva Hargraves,"Berlin,Berlin,Germany",Central,Consumer,8/23/2014,Economy,
AZ-2012-951643,8/19/2014,Mary Hough,"Landerneau,Brittany,France",Central,Home Office,8/21/2014,Economy Plus,
AZ-2012-1651078,8/19/2014,Mark Washington,"Molina de Segura,Murcia,Spain",South,Home Office,8/20/2014,Priority,Critical
AZ-2012-7311439,8/19/2014,Thomas McCallum,"Dortmund,North Rhine-Westphalia,Germany",Central,Consumer,8/23/2014,Economy,
BN-2012-2820764,8/19/2014,James Groom,"Waiblingen,Baden-Württemberg,Germany",Central,Corporate,8/23/2014,Economy,
AZ-2012-4813985,8/21/2014,Madison Chadwick,"Colchester,England,United Kingdom",North,Consumer,8/25/2014,Economy,
AZ-2012-7461452,8/21/2014,Mariam McMeckan,"Prato,Tuscany,Italy",South,Corporate,8/23/2014,Economy Plus,
AZ-2012-9211043,8/22/2014,Robert Barnes,"Kerpen,North Rhine-Westphalia,Germany",Central,Consumer,8/27/2014,Economy,
AZ-2012-6992857,8/22/2014,Robert Quick,"Lagny-sur-Marne,Ile-de-France,France",Central,Consumer,8/25/2014,Priority,Critical
BN-2012-6348676,8/22/2014,Aaron Bootman,"Breda,North Brabant,Netherlands",Central,Consumer,8/22/2014,Immediate,Critical
BN-2012-5288178,8/22/2014,Anna Moreton,"Porto,Porto,Portugal",South,Corporate,8/29/2014,Economy,
BN-2012-8200042,8/22/2014,Sarah Smorgon,"Porto,Porto,Portugal",South,Consumer,8/26/2014,Economy,
AZ-2012-7889510,8/23/2014,Thomas Shepherd,"Getxo,Basque Country,Spain",South,Corporate,8/29/2014,Economy,
BN-2012-256121,8/23/2014,Anthony Spooner,"Berlin,Berlin,Germany",Central,Corporate,8/29/2014,Economy,
AZ-2012-1384940,8/24/2014,Jay Johnson,"Gonesse,Ile-de-France,France",Central,Consumer,8/28/2014,Economy Plus,
AZ-2012-874954,8/24/2014,Mackenzie Whitford,"Bury,England,United Kingdom",North,Consumer,8/28/2014,Economy,
AZ-2012-1406543,8/24/2014,Edward Martinez,"Boulogne-Billancourt,Ile-de-France,France",Central,Corporate,8/30/2014,Economy,
AZ-2012-8434539,8/24/2014,Jay Johnson,"Livry-Gargan,Ile-de-France,France",Central,Consumer,8/28/2014,Economy,
AZ-2012-2751924,8/24/2014,Judy Rodriquez,"Hagen,North Rhine-Westphalia,Germany",Central,Consumer,8/29/2014,Economy Plus,
BN-2012-183691,8/24/2014,Kimberly Jones,"Toulouse,Languedoc-Roussillon-Midi-Pyrénées,France",Central,Corporate,8/26/2014,Economy Plus,
BN-2012-8414953,8/24/2014,Ella Troy,"London,England,United Kingdom",North,Home Office,8/30/2014,Economy,
AZ-2012-7631532,8/25/2014,Adam Walpole,"Molina de Segura,Murcia,Spain",South,Corporate,8/29/2014,Economy,
AZ-2012-957579,8/25/2014,Angie Massengill,"Bochum,North Rhine-Westphalia,Germany",Central,Consumer,8/30/2014,Economy,
AZ-2012-1345177,8/25/2014,Dylan Disney,"Montargis,Centre-Val de Loire,France",Central,Home Office,8/27/2014,Economy Plus,
AZ-2012-6591683,8/25/2014,Sophie Watson,"Reggio nell'Emilia,Emilia-Romagna,Italy",South,Corporate,8/27/2014,Economy Plus,
AZ-2012-302918,8/25/2014,Archie Whittaker,"Tulle,Aquitaine-Limousin-Poitou-Charentes,France",Central,Home Office,8/27/2014,Economy Plus,
BN-2012-9605116,8/25/2014,Scarlett Pollard,"Leeuwarden,Friesland,Netherlands",Central,Corporate,8/29/2014,Economy,
BN-2012-7104016,8/25/2014,Daniel Burke,"The Hague,South Holland,Netherlands",Central,Home Office,8/29/2014,Economy,
BN-2012-5433967,8/25/2014,Holly Noble,"Gothenburg,Västra Götaland,Sweden",North,Consumer,8/29/2014,Economy,
AZ-2012-1500509,8/26/2014,Lauren Knight,"Marseille,Provence-Alpes-Côte d'Azur,France",Central,Consumer,8/30/2014,Economy,
AZ-2012-6376092,8/26/2014,Chelsea Bannister,"Rennes,Brittany,France",Central,Consumer,8/30/2014,Economy,
AZ-2012-8368364,8/28/2014,Owen Howell,"Valladolid,Castile and León,Spain",South,Home Office,9/3/2014,Economy,
AZ-2012-9231454,8/28/2014,Sandra Hooks,"Rome,Lazio,Italy",South,Corporate,8/29/2014,Priority,Critical
BN-2012-1644074,8/28/2014,Leo Jenkins,"Amsterdam,North Holland,Netherlands",Central,Home Office,9/1/2014,Economy,
AZ-2012-7674901,8/29/2014,Eloise Sykes,"Mitry-Mory,Ile-de-France,France",Central,Consumer,9/1/2014,Priority,Critical
AZ-2012-771628,8/29/2014,Luz Reilly,"Perugia,Umbria,Italy",South,Consumer,9/2/2014,Economy,
AZ-2012-5907386,8/30/2014,Louie Knight,"Mechelen,Antwerp,Belgium",Central,Consumer,9/6/2014,Economy,
AZ-2012-451470,8/30/2014,Amy Nixon,"Vienna,Vienna,Austria",Central,Consumer,9/1/2014,Priority,Critical
AZ-2012-2003221,8/30/2014,Liam Mathias,"Duisburg,North Rhine-Westphalia,Germany",Central,Corporate,9/4/2014,Economy,
AZ-2012-1537388,8/30/2014,Winnie Moss,"Dewsbury,England,United Kingdom",North,Consumer,9/5/2014,Economy,
AZ-2012-9501435,8/30/2014,Rita McCann,"London,England,United Kingdom",North,Consumer,8/31/2014,Priority,Critical
AZ-2012-9667148,8/30/2014,Eva Sanderson,"Capua,Campania,Italy",South,Consumer,9/4/2014,Economy,
AZ-2012-1031006,8/30/2014,Kayleigh Farmer,"Ulm,Baden-Württemberg,Germany",Central,Consumer,9/4/2014,Economy,
BN-2012-9505368,8/30/2014,Katherine Grant,"Santander,Cantabria,Spain",South,Consumer,9/2/2014,Priority,Critical
BN-2012-7217893,8/30/2014,Aubrey Shedd,"Dublin,Dublin,Ireland",North,Corporate,9/4/2014,Economy,
AZ-2012-73919,8/31/2014,Jonathan Loftus,"Aylesbury,England,United Kingdom",North,Home Office,8/31/2014,Immediate,Critical
AZ-2012-5001546,8/31/2014,Lloyd Barnes,"Vienna,Vienna,Austria",Central,Corporate,9/2/2014,Priority,Critical
AZ-2012-1722758,8/31/2014,Tahlia Coughlan,"Nuremberg,Bavaria,Germany",Central,Corporate,9/3/2014,Economy Plus,
AZ-2012-7064171,8/31/2014,Jammie Gibbs,"Espoo,Uusimaa,Finland",North,Consumer,9/5/2014,Economy Plus,
AZ-2012-2626732,8/31/2014,Ruby Patel,"Bottrop,North Rhine-Westphalia,Germany",Central,Home Office,9/6/2014,Economy,
BN-2012-720460,8/31/2014,Isabelle Vaughan,"Le Plessis-Robinson,Ile-de-France,France",Central,Consumer,9/3/2014,Economy Plus,
AZ-2012-2462721,9/1/2014,Evie Rees,"Vitry-sur-Seine,Ile-de-France,France",Central,Consumer,9/3/2014,Economy Plus,
AZ-2012-3435538,9/1/2014,Erin Wallis,"Saint-Priest,Auvergne-Rhône-Alpes,France",Central,Corporate,9/3/2014,Economy Plus,
AZ-2012-464926,9/1/2014,Aaron Cunningham,"Meudon,Ile-de-France,France",Central,Consumer,9/4/2014,Economy Plus,
BN-2012-3388525,9/1/2014,Melissa Bean,"Stockholm,Stockholm,Sweden",North,Home Office,9/5/2014,Economy,
AZ-2012-2827318,9/2/2014,Lauren Saunders,"Cagliari,Sardinia,Italy",South,Consumer,9/7/2014,Economy,
AZ-2012-869574,9/2/2014,Spencer Akhtar,"Basingstoke,England,United Kingdom",North,Consumer,9/9/2014,Economy,
AZ-2012-2513839,9/2/2014,Henry Chandler,"Paris,Ile-de-France,France",Central,Home Office,9/6/2014,Economy Plus,
AZ-2012-6371267,9/3/2014,Charles Carey,"Sesto San Giovanni,Lombardy,Italy",South,Consumer,9/7/2014,Economy,
AZ-2012-8403206,9/3/2014,Joseph Ford,"Montecatini Terme,Tuscany,Italy",South,Corporate,9/5/2014,Priority,Critical
AZ-2012-7989750,9/4/2014,Philip Newsom,"Stuttgart,Baden-Württemberg,Germany",Central,Corporate,9/7/2014,Priority,Critical
AZ-2012-9237127,9/4/2014,Dakota Green,"Vigo,Galicia,Spain",South,Consumer,9/8/2014,Economy Plus,
AZ-2012-1627785,9/4/2014,Felicia Cooley,"Leipzig,Saxony,Germany",Central,Consumer,9/10/2014,Economy,
AZ-2012-4411844,9/4/2014,Thomas Thompson,"Ghent,East Flanders,Belgium",Central,Corporate,9/7/2014,Priority,Critical
BN-2012-9077460,9/4/2014,Erin Gill,"London,England,United Kingdom",North,Home Office,9/7/2014,Priority,Critical
BN-2012-9196475,9/4/2014,Dominic Jordan,"Amsterdam,North Holland,Netherlands",Central,Consumer,9/8/2014,Economy,
AZ-2012-7586944,9/5/2014,Elijah Sodeman,"Huelva,Andalusía,Spain",South,Consumer,9/7/2014,Economy Plus,
AZ-2012-827677,9/5/2014,Riley Howells,"Swindon,England,United Kingdom",North,Consumer,9/7/2014,Economy Plus,
AZ-2012-9800130,9/5/2014,Angie Massengill,"Genoa,Liguria,Italy",South,Consumer,9/9/2014,Economy,
AZ-2012-1648520,9/5/2014,Georgia Blackburn,"Genoa,Liguria,Italy",South,Corporate,9/7/2014,Economy Plus,
AZ-2012-1100963,9/5/2014,Ewan Walton,"Vienna,Vienna,Austria",Central,Consumer,9/5/2014,Immediate,Critical
BN-2012-3390552,9/5/2014,Minnie Cash,"Erfurt,Thuringia,Germany",Central,Corporate,9/10/2014,Economy,
AZ-2012-8169593,9/6/2014,Darcy Medley,"London,England,United Kingdom",North,Corporate,9/7/2014,Priority,Critical
AZ-2012-1234027,9/6/2014,Kristen Holland,"Bordeaux,Aquitaine-Limousin-Poitou-Charentes,France",Central,Consumer,9/9/2014,Economy Plus,
AZ-2012-1850952,9/6/2014,Frances Matthias,"Bagneux,Ile-de-France,France",Central,Corporate,9/10/2014,Economy,
AZ-2012-6068196,9/6/2014,Lily Tyler,"Kiel,Schleswig-Holstein,Germany",Central,Home Office,9/11/2014,Economy,
BN-2012-4253204,9/6/2014,Naomi Hancock,"Lausanne,Vaud,Switzerland",Central,Corporate,9/10/2014,Economy,
AZ-2012-4141307,9/7/2014,Mohammed Arnold,"Paris,Ile-de-France,France",Central,Consumer,9/12/2014,Economy,
AZ-2012-8726889,9/7/2014,Eva Arnold,"London,England,United Kingdom",North,Consumer,9/9/2014,Economy Plus,
AZ-2012-6617050,9/7/2014,Arnold Jones,"Carcassonne,Languedoc-Roussillon-Midi-Pyrénées,France",Central,Corporate,9/10/2014,Economy Plus,
BN-2012-141614,9/7/2014,Demi Hodgson,"Gothenburg,Västra Götaland,Sweden",North,Consumer,9/11/2014,Economy,
AZ-2012-2222436,9/8/2014,Spencer Calvert,"Gateshead,England,United Kingdom",North,Corporate,9/15/2014,Economy,
AZ-2012-7237498,9/8/2014,Kimberly Jones,"Gillingham,England,United Kingdom",North,Corporate,9/13/2014,Economy,
AZ-2012-6416816,9/8/2014,Patrick Townson,"Les Mureaux,Ile-de-France,France",Central,Home Office,9/12/2014,Economy,
AZ-2012-5904307,9/8/2014,Hayley Swanston,"Genoa,Liguria,Italy",South,Home Office,9/13/2014,Economy,
AZ-2012-9669717,9/8/2014,Josh Wilkinson,"Schiltigheim,Alsace-Champagne-Ardenne-Lorraine,France",Central,Corporate,9/10/2014,Priority,Critical
AZ-2012-2184754,9/8/2014,Robert James,"Günzburg,Bavaria,Germany",Central,Home Office,9/13/2014,Economy,
BN-2012-8675695,9/9/2014,Ewan Lee,"Unna,North Rhine-Westphalia,Germany",Central,Consumer,9/13/2014,Economy Plus,
BN-2012-7755774,9/10/2014,Max Craig,"Coudekerque-Branche,Nord-Pas-de-Calais-Picardie,France",Central,Corporate,9/15/2014,Economy,
AZ-2012-9071666,9/11/2014,Ryan Price,"Madrid,Madrid,Spain",South,Consumer,9/15/2014,Economy,
AZ-2012-9453588,9/11/2014,Ethan Cover,"Munich,Bavaria,Germany",Central,Home Office,9/18/2014,Economy,
AZ-2012-4300696,9/11/2014,Kai Leonard,"Erlangen,Bavaria,Germany",Central,Corporate,9/13/2014,Economy Plus,
AZ-2012-2814232,9/11/2014,Callum Hagai,"Caen,Normandy,France",Central,Home Office,9/12/2014,Priority,Critical
AZ-2012-4005436,9/11/2014,Thomas McCallum,"Glasgow,Scotland,United Kingdom",North,Consumer,9/16/2014,Economy,
BN-2012-1029771,9/11/2014,Lucas Breillat,"Deventer,Overijssel,Netherlands",Central,Home Office,9/15/2014,Economy Plus,
AZ-2012-7489217,9/12/2014,Edward Martinez,"Saint-Nazaire,Pays de la Loire,France",Central,Corporate,9/17/2014,Economy,
AZ-2012-3104391,9/12/2014,Thomas McCallum,"Leicester,England,United Kingdom",North,Consumer,9/16/2014,Economy,
AZ-2012-873456,9/13/2014,James Fleming,"Utrecht,Utrecht,Netherlands",Central,Corporate,9/15/2014,Economy Plus,
AZ-2012-171194,9/13/2014,Nathan Noble,"Calais,Nord-Pas-de-Calais-Picardie,France",Central,Corporate,9/16/2014,Economy Plus,
AZ-2012-9553455,9/13/2014,Thomas Thompson,"Sant Boi de Llobregat,Catalonia,Spain",South,Corporate,9/18/2014,Economy,
AZ-2012-7671653,9/13/2014,Eve Spencer,"Wuppertal,North Rhine-Westphalia,Germany",Central,Consumer,9/17/2014,Economy,
BN-2012-1365055,9/13/2014,Richard Harvey,"Bari,Apulia,Italy",South,Corporate,9/15/2014,Economy Plus,
AZ-2012-2976788,9/14/2014,Ethan Cover,"Catania,Sicily,Italy",South,Home Office,9/18/2014,Economy,
AZ-2012-4302372,9/14/2014,Adam Harte,"Namur,Namur,Belgium",Central,Corporate,9/18/2014,Economy,
AZ-2012-7556603,9/14/2014,Donald Pak,"Le Mans,Pays de la Loire,France",Central,Corporate,9/20/2014,Economy,
AZ-2012-8910034,9/14/2014,Spencer Oliver,"Coventry,England,United Kingdom",North,Consumer,9/16/2014,Priority,Critical
AZ-2012-3052351,9/15/2014,Laura Akhtar,"Sesto San Giovanni,Lombardy,Italy",South,Consumer,9/19/2014,Economy,
AZ-2012-4423146,9/15/2014,Kimberly Boyd,"Bayreuth,Bavaria,Germany",Central,Corporate,9/22/2014,Economy,
AZ-2012-6815344,9/17/2014,Jose Gambino,"Rome,Lazio,Italy",South,Corporate,9/24/2014,Economy,
AZ-2012-6540731,9/18/2014,Elise Godfrey,"Viersen,North Rhine-Westphalia,Germany",Central,Consumer,9/24/2014,Economy,
AZ-2012-9049476,9/18/2014,Layla Furnell,"Florence,Tuscany,Italy",South,Consumer,9/20/2014,Priority,Critical
AZ-2012-4096327,9/18/2014,Tia Metcalfe,"Aachen,North Rhine-Westphalia,Germany",Central,Consumer,9/18/2014,Immediate,Critical
BN-2012-1840442,9/18/2014,Melissa Bean,"Rouen,Normandy,France",Central,Home Office,9/18/2014,Immediate,Critical
BN-2012-2024593,9/18/2014,Esther Henderson,"Evry,Ile-de-France,France",Central,Consumer,9/23/2014,Economy Plus,
AZ-2012-1125061,9/19/2014,Jeremy Pilcher,"Dortmund,North Rhine-Westphalia,Germany",Central,Corporate,9/24/2014,Economy,
AZ-2012-398573,9/19/2014,Thomas Stephens,"Swansea,Wales,United Kingdom",North,Corporate,9/26/2014,Economy,
AZ-2012-561051,9/20/2014,Paige Hopley,"Talence,Aquitaine-Limousin-Poitou-Charentes,France",Central,Consumer,9/23/2014,Economy Plus,
AZ-2012-1264842,9/20/2014,Justin Armit,"Margate,England,United Kingdom",North,Consumer,9/20/2014,Immediate,Critical
AZ-2012-9799805,9/21/2014,Florence Wark,"Vantaa,Uusimaa,Finland",North,Consumer,9/26/2014,Economy Plus,
AZ-2012-1814143,9/21/2014,Noah Hart,"Noisy-le-Sec,Ile-de-France,France",Central,Consumer,9/28/2014,Economy,
AZ-2012-925819,9/21/2014,Walter Coley,"London,England,United Kingdom",North,Consumer,9/23/2014,Economy Plus,
AZ-2012-9490476,9/21/2014,Kayleigh Summers,"Mantes-la-Jolie,Ile-de-France,France",Central,Consumer,9/26/2014,Economy,
AZ-2012-9427035,9/21/2014,Jade Howe,"Bondy,Ile-de-France,France",Central,Corporate,9/25/2014,Economy,
AZ-2012-6079370,9/21/2014,Kayla Tearle,"Faches-Thumesnil,Nord-Pas-de-Calais-Picardie,France",Central,Corporate,9/25/2014,Economy,
AZ-2012-1210526,9/22/2014,Aidan Rowe,"Palermo,Sicily,Italy",South,Consumer,9/27/2014,Economy,
AZ-2012-9160965,9/22/2014,Ethan Howarth,"Bochum,North Rhine-Westphalia,Germany",Central,Consumer,9/25/2014,Priority,Critical
AZ-2012-7761604,9/22/2014,Leroy Samson,"Birmingham,England,United Kingdom",North,Home Office,9/26/2014,Economy,
AZ-2012-3182076,9/22/2014,Isabelle Torpy,"Bergheim,North Rhine-Westphalia,Germany",Central,Consumer,9/24/2014,Economy Plus,
AZ-2012-3813896,9/22/2014,Robert Quick,"Fontainebleau,Ile-de-France,France",Central,Consumer,9/22/2014,Immediate,Critical
BN-2012-7987412,9/22/2014,Ashley Baldwinson,"Birmingham,England,United Kingdom",North,Corporate,9/26/2014,Economy,
AZ-2012-5610713,9/23/2014,James Groom,"Utrecht,Utrecht,Netherlands",Central,Corporate,9/25/2014,Priority,Critical
AZ-2012-4161801,9/23/2014,Caleb Kenyon,"Birkenhead,England,United Kingdom",North,Corporate,9/28/2014,Economy,
AZ-2012-4808160,9/23/2014,Ginger Owens,"Seville,Andalusía,Spain",South,Consumer,9/27/2014,Economy,
AZ-2012-37215,9/25/2014,Nicole Johns,"Berlin,Berlin,Germany",Central,Consumer,9/29/2014,Economy Plus,
AZ-2012-9304844,9/25/2014,Sandra Cook,"Hamme,East Flanders,Belgium",Central,Consumer,9/30/2014,Economy,
AZ-2012-2227616,9/25/2014,John Harris,"Milan,Lombardy,Italy",South,Corporate,9/29/2014,Economy Plus,
BN-2012-7240284,9/25/2014,Zoe Lowin,"Worms,Rhineland-Palatinate,Germany",Central,Consumer,10/1/2014,Economy,
AZ-2012-1949462,9/26/2014,Blake Lymburner,"Halle,North Rhine-Westphalia,Germany",Central,Consumer,10/2/2014,Economy,
BN-2012-873448,9/26/2014,Isabella Secombe,"Stockholm,Stockholm,Sweden",North,Consumer,10/1/2014,Economy,
AZ-2012-3772420,9/27/2014,Chelsea Howell,"Essen,North Rhine-Westphalia,Germany",Central,Consumer,10/1/2014,Economy,
AZ-2012-7250654,9/27/2014,Pearl Summers,"Clermont-Ferrand,Auvergne-Rhône-Alpes,France",Central,Consumer,9/29/2014,Economy Plus,
BN-2012-723325,9/27/2014,Madeline Crooks,"Rotterdam,South Holland,Netherlands",Central,Consumer,10/4/2014,Economy,
AZ-2012-1214247,9/28/2014,Faith Chambers,"Chester,England,United Kingdom",North,Consumer,9/30/2014,Priority,Critical
AZ-2012-7938746,9/28/2014,Leo Jenkins,"Pontault-Combault,Ile-de-France,France",Central,Home Office,10/4/2014,Economy,
AZ-2012-1176951,9/28/2014,Donald Molina,"Eggenstein-Leopoldshafen,Baden-Württemberg,Germany",Central,Home Office,10/2/2014,Economy,
AZ-2012-490653,9/28/2014,Carl Proctor,"Grevenbroich,North Rhine-Westphalia,Germany",Central,Consumer,10/2/2014,Economy Plus,
AZ-2012-3973633,9/28/2014,Lillian Davis,"Rome,Lazio,Italy",South,Consumer,10/3/2014,Economy,
AZ-2012-982062,9/29/2014,Leah Derham,"Vienna,Vienna,Austria",Central,Consumer,10/3/2014,Economy Plus,
AZ-2012-9340970,9/29/2014,Mia Pugh,"Trieste,Friuli-Venezia Giulia,Italy",South,Consumer,10/5/2014,Economy,
AZ-2012-3294671,9/29/2014,Kenneth Gonzales,"Paris,Ile-de-France,France",Central,Consumer,10/3/2014,Economy,
AZ-2012-2050353,9/29/2014,Leroy Dudley,"Munich,Bavaria,Germany",Central,Consumer,10/3/2014,Economy,
BN-2012-9322615,9/29/2014,William Horton,"Neuilly-Plaisance,Ile-de-France,France",Central,Consumer,9/29/2014,Immediate,Critical
BN-2012-8336784,9/29/2014,Lori Miller,"Zurich,Zürich,Switzerland",Central,Consumer,10/1/2014,Priority,Critical
BN-2012-2769143,9/29/2014,Joel McKean,"Sittard,Limburg,Netherlands",Central,Home Office,10/3/2014,Economy,
BN-2012-1710489,9/29/2014,Samantha Reynell,"Spijkenisse,South Holland,Netherlands",Central,Home Office,10/1/2014,Economy Plus,
AZ-2012-3601642,9/30/2014,Rebecca Cook,"Vienna,Vienna,Austria",Central,Corporate,10/5/2014,Economy Plus,
AZ-2012-3486509,9/30/2014,Amelie North,"Le Mans,Pays de la Loire,France",Central,Corporate,10/2/2014,Economy Plus,
BN-2012-2590237,9/30/2014,Madison Rowley,"Boulogne-Billancourt,Ile-de-France,France",Central,Consumer,9/30/2014,Immediate,Critical
AZ-2012-424456,10/2/2014,Chelsea Bannister,"Orihuela,Valenciana,Spain",South,Consumer,10/9/2014,Economy,
AZ-2012-1643154,10/2/2014,Philip Newsom,"Bordeaux,Aquitaine-Limousin-Poitou-Charentes,France",Central,Corporate,10/8/2014,Economy,
BN-2012-847015,10/2/2014,Georgina Fuller,"Dublin,Dublin,Ireland",North,Consumer,10/4/2014,Priority,Critical
BN-2012-2480947,10/2/2014,Evan Allen,"Cagliari,Sardinia,Italy",South,Corporate,10/6/2014,Economy,
AZ-2012-7357839,10/3/2014,Julian Corbin,"Les Ulis,Ile-de-France,France",Central,Home Office,10/8/2014,Economy,
BN-2012-2793223,10/4/2014,Jeffrey Laird,"Trier,Rhineland-Palatinate,Germany",Central,Corporate,10/11/2014,Economy,
AZ-2012-2357034,10/5/2014,Evie Morton,"Marseille,Provence-Alpes-Côte d'Azur,France",Central,Consumer,10/11/2014,Economy,
AZ-2012-7297045,10/5/2014,Anthony Stewart,"Boulogne-Billancourt,Ile-de-France,France",Central,Home Office,10/7/2014,Economy Plus,
AZ-2012-1063312,10/5/2014,Audrey Knowles,"Paris,Ile-de-France,France",Central,Consumer,10/11/2014,Economy,
BN-2012-9454335,10/5/2014,Lester Wimmer,"Palma de Mallorca,Balearic Islands,Spain",South,Consumer,10/5/2014,Immediate,Critical
AZ-2012-629185,10/6/2014,Louise Walsh,"Munich,Bavaria,Germany",Central,Consumer,10/10/2014,Economy,
BN-2012-3932885,10/6/2014,Gemma Curlewis,"Lausanne,Vaud,Switzerland",Central,Corporate,10/13/2014,Economy,
BN-2012-8901808,10/9/2014,Spencer Oliver,"Birmingham,England,United Kingdom",North,Consumer,10/11/2014,Economy Plus,
AZ-2012-6007479,10/10/2014,Nicole Howard,"Chelmsford,England,United Kingdom",North,Consumer,10/12/2014,Economy Plus,
AZ-2012-5171390,10/11/2014,Eloise Mahmood,"Ferndown,England,United Kingdom",North,Corporate,10/16/2014,Economy,
AZ-2012-2450675,10/11/2014,Sam Wood,"Bolton,England,United Kingdom",North,Home Office,10/18/2014,Economy,
BN-2012-6728317,10/11/2014,Jason Calhoun,"Saint-Cloud,Ile-de-France,France",Central,Consumer,10/16/2014,Economy,
AZ-2012-3337220,10/12/2014,Tahlia Coughlan,"Heilbronn,Baden-Württemberg,Germany",Central,Corporate,10/14/2014,Priority,Critical
AZ-2012-2434811,10/13/2014,Mark Washington,"Waiblingen,Baden-Württemberg,Germany",Central,Home Office,10/15/2014,Economy Plus,
BN-2012-3254922,10/14/2014,Robert Ramsey,"Weimar,Thuringia,Germany",Central,Consumer,10/18/2014,Economy,
AZ-2012-3935458,10/16/2014,Jonathan Barbee,"Choisy-le-Roi,Ile-de-France,France",Central,Consumer,10/21/2014,Economy,
AZ-2012-3515644,10/16/2014,Jessica Paramor,"Agde,Languedoc-Roussillon-Midi-Pyrénées,France",Central,Corporate,10/23/2014,Economy,
AZ-2012-7755633,10/16/2014,Hayden Perkins,"Valencia,Valenciana,Spain",South,Consumer,10/18/2014,Priority,Critical
BN-2012-2247108,10/16/2014,Donna Nash,"Saint-Louis,Alsace-Champagne-Ardenne-Lorraine,France",Central,Corporate,10/18/2014,Economy Plus,
BN-2012-4439076,10/17/2014,Alannah Callaway,"Como,Lombardy,Italy",South,Consumer,10/21/2014,Economy,
AZ-2012-661541,10/18/2014,Kevin O'Neill,"Kiel,Schleswig-Holstein,Germany",Central,Corporate,10/23/2014,Economy,
AZ-2012-9763714,10/18/2014,Audrey Emanuel,"Innsbruck,Tyrol,Austria",Central,Consumer,10/22/2014,Economy,
AZ-2012-1383136,10/18/2014,Caitlyn Willoughby,"Freiburg,Baden-Württemberg,Germany",Central,Home Office,10/23/2014,Economy Plus,
AZ-2012-2040826,10/18/2014,Francesca Bowen,"Cagliari,Sardinia,Italy",South,Consumer,10/22/2014,Economy,
AZ-2012-1116063,10/18/2014,Kimberly Jones,"Hazebrouck,Nord-Pas-de-Calais-Picardie,France",Central,Corporate,10/25/2014,Economy,
BN-2012-6872089,10/18/2014,Isla Vogel,"Barcelona,Catalonia,Spain",South,Home Office,10/22/2014,Economy Plus,
AZ-2012-6923537,10/19/2014,Jayden Ali,"Marseille,Provence-Alpes-Côte d'Azur,France",Central,Consumer,10/20/2014,Immediate,Critical
AZ-2012-3505333,10/19/2014,Lilly Le Grand,"Montrouge,Ile-de-France,France",Central,Home Office,10/22/2014,Priority,Critical
BN-2012-8465535,10/19/2014,Evie Newton,"Badajoz,Extremadura,Spain",South,Home Office,10/23/2014,Economy,
AZ-2012-3689624,10/20/2014,Owen Howell,"Elx,Valenciana,Spain",South,Home Office,10/22/2014,Priority,Critical
AZ-2012-6510788,10/20/2014,Chloe Miller,"Madrid,Madrid,Spain",South,Consumer,10/22/2014,Economy Plus,
BN-2012-8886681,10/21/2014,Toby Labilliere,"Moncalieri,Piedmont,Italy",South,Consumer,10/24/2014,Economy Plus,
AZ-2012-3520474,10/23/2014,Elijah Ruatoka,"Northampton,England,United Kingdom",North,Home Office,10/27/2014,Economy Plus,
AZ-2012-8938202,10/23/2014,Eden Gooseberry,"Stockton-on-Tees,England,United Kingdom",North,Corporate,10/27/2014,Economy,
AZ-2012-9396037,10/23/2014,Alexandra Whitehouse,"Stavanger,Rogaland,Norway",North,Consumer,10/27/2014,Economy Plus,
AZ-2012-1577687,10/24/2014,Aubrey Shedd,"Outreau,Nord-Pas-de-Calais-Picardie,France",Central,Corporate,10/29/2014,Economy Plus,
BN-2012-7860696,10/24/2014,Scarlett Truchanas,"Echirolles,Auvergne-Rhône-Alpes,France",Central,Corporate,10/28/2014,Economy Plus,
AZ-2012-2424025,10/25/2014,Bethany Hunt,"Vittoria,Sicily,Italy",South,Corporate,10/27/2014,Economy Plus,
AZ-2012-4874543,10/25/2014,Dominic Joyce,"Watford,England,United Kingdom",North,Corporate,10/29/2014,Economy,
AZ-2012-7520168,10/25/2014,Frances Matthias,"Vigo,Galicia,Spain",South,Corporate,10/28/2014,Priority,Critical
AZ-2012-9394311,10/26/2014,Audrey Prentice,"Amiens,Nord-Pas-de-Calais-Picardie,France",Central,Home Office,10/26/2014,Immediate,Critical
AZ-2012-7919295,10/27/2014,Ethel Cole,"Edinburgh,Scotland,United Kingdom",North,Home Office,10/31/2014,Economy,
AZ-2012-9601062,10/27/2014,Robert James,"Madrid,Madrid,Spain",South,Home Office,10/27/2014,Immediate,Critical
AZ-2012-6343477,10/28/2014,Chelsea Bannister,"Naples,Campania,Italy",South,Consumer,11/1/2014,Economy,
AZ-2012-2345149,10/28/2014,Georgia Arundale,"Acireale,Sicily,Italy",South,Corporate,10/28/2014,Immediate,Critical
AZ-2012-9818400,10/28/2014,Erick Tanner,"Bremen,Bremen,Germany",Central,Corporate,11/2/2014,Economy,
AZ-2012-4863175,10/30/2014,Judy Rodriquez,"Paderborn,North Rhine-Westphalia,Germany",Central,Consumer,11/5/2014,Economy,
AZ-2012-3919315,10/31/2014,Dominic Joyce,"Dudley,England,United Kingdom",North,Corporate,11/4/2014,Economy,
AZ-2012-5240819,10/31/2014,Ebony Northcott,"Edinburgh,Scotland,United Kingdom",North,Consumer,11/2/2014,Priority,Critical
AZ-2012-7281587,10/31/2014,Caitlyn Willoughby,"Strasbourg,Alsace-Champagne-Ardenne-Lorraine,France",Central,Home Office,11/5/2014,Economy,
AZ-2012-1751005,10/31/2014,Britney Basaldua,"Mulhouse,Alsace-Champagne-Ardenne-Lorraine,France",Central,Corporate,11/5/2014,Economy,
BN-2012-3616374,10/31/2014,Jake Barry,"London,England,United Kingdom",North,Home Office,11/6/2014,Economy,
AZ-2012-2201530,11/1/2014,Samuel Thomas,"Villeurbanne,Auvergne-Rhône-Alpes,France",Central,Consumer,11/5/2014,Economy,
AZ-2012-7606477,11/1/2014,Natasha Sykes,"Dortmund,North Rhine-Westphalia,Germany",Central,Consumer,11/5/2014,Economy,
AZ-2012-3736709,11/1/2014,Holly Doyle,"Sheffield,England,United Kingdom",North,Consumer,11/5/2014,Economy,
BN-2012-2836237,11/1/2014,Lily Dallachy,"San Sebastian,Basque Country,Spain",South,Corporate,11/6/2014,Economy,
AZ-2012-1774034,11/2/2014,Sarah Cross,"Troisdorf,North Rhine-Westphalia,Germany",Central,Consumer,11/6/2014,Economy,
AZ-2012-2742520,11/2/2014,Alexis Code,"Stuttgart,Baden-Württemberg,Germany",Central,Corporate,11/8/2014,Economy,
AZ-2012-9615628,11/2/2014,Adam Gibbs,"Reims,Alsace-Champagne-Ardenne-Lorraine,France",Central,Corporate,11/6/2014,Economy,
AZ-2012-2342130,11/2/2014,Laura Elizabeth,"Roubaix,Nord-Pas-de-Calais-Picardie,France",Central,Consumer,11/5/2014,Priority,Critical
BN-2012-5098114,11/2/2014,Michael Myers,"Hilversum,North Holland,Netherlands",Central,Home Office,11/8/2014,Economy,
AZ-2012-3621371,11/3/2014,Sofia de Castella,"Marseille,Provence-Alpes-Côte d'Azur,France",Central,Consumer,11/7/2014,Economy Plus,
AZ-2012-7003401,11/3/2014,Toby Rowley,"Hamburg,Hamburg,Germany",Central,Consumer,11/8/2014,Economy,
AZ-2012-5149615,11/3/2014,Desiree Hurt,"Vigo,Galicia,Spain",South,Home Office,11/9/2014,Economy,
AZ-2012-9266108,11/3/2014,Archer Hort,"Birkenhead,England,United Kingdom",North,Consumer,11/7/2014,Economy Plus,
BN-2012-9201500,11/3/2014,Michael Halcomb,"Clichy,Ile-de-France,France",Central,Corporate,11/6/2014,Economy Plus,
BN-2012-7331747,11/3/2014,Tia Metcalfe,"Groningen,Groningen,Netherlands",Central,Consumer,11/9/2014,Economy,
AZ-2012-2928633,11/4/2014,Desiree Hurt,"Leeds,England,United Kingdom",North,Home Office,11/11/2014,Economy,
BN-2012-6776208,11/4/2014,Matthew Gill,"Albertville,Auvergne-Rhône-Alpes,France",Central,Home Office,11/9/2014,Economy,
AZ-2012-8977452,11/6/2014,Thomas Stephens,"Saint-Priest,Auvergne-Rhône-Alpes,France",Central,Corporate,11/7/2014,Priority,Critical
AZ-2012-7541592,11/6/2014,Joel Peters,"Herten,North Rhine-Westphalia,Germany",Central,Home Office,11/10/2014,Economy,
AZ-2012-3319820,11/6/2014,Gerald Galvan,"Barcelona,Catalonia,Spain",South,Corporate,11/10/2014,Economy,
AZ-2012-6771393,11/6/2014,Maya Pamphlett,"Essen,North Rhine-Westphalia,Germany",Central,Consumer,11/11/2014,Economy,
AZ-2012-231557,11/6/2014,Georgina Garner,"Marseille,Provence-Alpes-Côte d'Azur,France",Central,Consumer,11/10/2014,Economy,
BN-2012-5924250,11/6/2014,Samantha Reynell,"Bourgoin-Jallieu,Auvergne-Rhône-Alpes,France",Central,Home Office,11/12/2014,Economy,
BN-2012-1899005,11/6/2014,Eve Spencer,"Potenza,Basilicata,Italy",South,Consumer,11/9/2014,Priority,Critical
BN-2012-2859284,11/6/2014,Oscar Serena,"Lisbon,Lisboa,Portugal",South,Consumer,11/13/2014,Economy,
AZ-2012-2540881,11/7/2014,Jessie White,"Imola,Emilia-Romagna,Italy",South,Consumer,11/11/2014,Economy,
AZ-2012-3409948,11/7/2014,Faith Chambers,"Luton,England,United Kingdom",North,Consumer,11/13/2014,Economy,
AZ-2012-7160748,11/7/2014,Imogen Symon,"Bari,Apulia,Italy",South,Consumer,11/8/2014,Priority,Critical
AZ-2012-1883755,11/7/2014,Rebecca Cook,"Berlin,Berlin,Germany",Central,Corporate,11/8/2014,Priority,Critical
AZ-2012-331125,11/8/2014,Amber Adams,"Vienna,Vienna,Austria",Central,Corporate,11/10/2014,Economy Plus,
AZ-2012-4857966,11/8/2014,Freddie Kaur,"Graz,Styria,Austria",Central,Consumer,11/12/2014,Economy,
AZ-2012-2823287,11/8/2014,Andy Henderson,"Utrecht,Utrecht,Netherlands",Central,Home Office,11/15/2014,Economy,
AZ-2012-9614824,11/9/2014,Amanda Hutcherson,"Aix-en-Provence,Provence-Alpes-Côte d'Azur,France",Central,Corporate,11/16/2014,Economy,
AZ-2012-1561905,11/9/2014,Jasmine Slater,"Friedrichshafen,Baden-Württemberg,Germany",Central,Corporate,11/14/2014,Economy,
AZ-2012-3853973,11/9/2014,Nicole Nash,"Torre del Greco,Campania,Italy",South,Consumer,11/13/2014,Economy,
BN-2012-205322,11/9/2014,Rory Martindale,"Nanterre,Ile-de-France,France",Central,Consumer,11/12/2014,Economy Plus,
BN-2012-8746032,11/9/2014,Riley Howells,"Verdun,Alsace-Champagne-Ardenne-Lorraine,France",Central,Consumer,11/15/2014,Economy,
BN-2012-4615996,11/9/2014,Craig Rayner,"Birmingham,England,United Kingdom",North,Consumer,11/10/2014,Priority,Critical
BN-2012-6784776,11/9/2014,Mike Obrien,"Zurich,Zürich,Switzerland",Central,Consumer,11/16/2014,Economy,
AZ-2012-1952755,11/10/2014,Mary Parker,"Dortmund,North Rhine-Westphalia,Germany",Central,Corporate,11/15/2014,Economy,
AZ-2012-6376256,11/10/2014,Rory Gunson,"Huelva,Andalusía,Spain",South,Consumer,11/15/2014,Economy,
AZ-2012-2667819,11/10/2014,Ralph Holmes,"Taranto,Apulia,Italy",South,Consumer,11/14/2014,Economy,
AZ-2012-6580812,11/11/2014,Michael Flores,"Caen,Normandy,France",Central,Corporate,11/17/2014,Economy,
AZ-2012-1381532,11/11/2014,Zachary Warner,"Marseille,Provence-Alpes-Côte d'Azur,France",Central,Consumer,11/13/2014,Economy Plus,
AZ-2012-2408041,11/11/2014,Louis Dominguez,"Leipzig,Saxony,Germany",Central,Corporate,11/17/2014,Economy,
AZ-2012-4238116,11/11/2014,Richard Harvey,"Kingswood,England,United Kingdom",North,Corporate,11/16/2014,Economy,
AZ-2012-8875162,11/11/2014,Lori Miller,"Oldham,England,United Kingdom",North,Consumer,11/16/2014,Economy,
AZ-2012-2744098,11/11/2014,Casey Forte,"Wattrelos,Nord-Pas-de-Calais-Picardie,France",Central,Consumer,11/15/2014,Economy,
AZ-2012-3581207,11/11/2014,Walter Coley,"Barcelona,Catalonia,Spain",South,Consumer,11/18/2014,Economy,
AZ-2012-3293299,11/11/2014,Bonnie Wilson,"Saint-Denis,Ile-de-France,France",Central,Corporate,11/14/2014,Priority,Critical
AZ-2012-7403782,11/13/2014,Koby Tompson,"Madrid,Madrid,Spain",South,Consumer,11/17/2014,Economy,
AZ-2012-6409303,11/13/2014,Britney Basaldua,"Liverpool,England,United Kingdom",North,Corporate,11/20/2014,Economy,
AZ-2012-9037690,11/13/2014,Hayley Swanston,"Ravenna,Emilia-Romagna,Italy",South,Home Office,11/17/2014,Economy,
AZ-2012-5626763,11/13/2014,Leroy Dudley,"Sabadell,Catalonia,Spain",South,Consumer,11/18/2014,Economy,
BN-2012-9766110,11/13/2014,Richard Poole,"Toulouse,Languedoc-Roussillon-Midi-Pyrénées,France",Central,Home Office,11/17/2014,Economy,
AZ-2012-8078342,11/14/2014,Jonathan Franklin,"Madrid,Madrid,Spain",South,Home Office,11/16/2014,Priority,Critical
AZ-2012-3630447,11/14/2014,Demi Hodgson,"Aachen,North Rhine-Westphalia,Germany",Central,Consumer,11/15/2014,Priority,Critical
AZ-2012-9492180,11/14/2014,Madelyn Anderson,"Trieste,Friuli-Venezia Giulia,Italy",South,Corporate,11/18/2014,Economy,
AZ-2012-1071791,11/14/2014,Kian Sykes,"Berlin,Berlin,Germany",Central,Consumer,11/18/2014,Economy,
AZ-2012-2185703,11/14/2014,Zachary Warner,"Ghent,East Flanders,Belgium",Central,Consumer,11/18/2014,Economy,
AZ-2012-6827318,11/14/2014,Lilly Le Grand,"Espoo,Uusimaa,Finland",North,Home Office,11/17/2014,Priority,Critical
AZ-2012-8939164,11/14/2014,Angelina Beeton,"Berlin,Berlin,Germany",Central,Consumer,11/17/2014,Economy Plus,
AZ-2012-4522035,11/14/2014,Louis Dominguez,"Irun,Basque Country,Spain",South,Corporate,11/20/2014,Economy,
AZ-2012-9836738,11/15/2014,Kazuko Mason,"Madrid,Madrid,Spain",South,Home Office,11/15/2014,Immediate,Critical
AZ-2012-7407421,11/15/2014,Melissa Bean,"Turku,Finland Proper,Finland",North,Home Office,11/20/2014,Economy Plus,
AZ-2012-664111,11/15/2014,Betty Reynolds,"Madrid,Madrid,Spain",South,Corporate,11/17/2014,Priority,Critical
BN-2012-5381064,11/15/2014,Lilly Le Grand,"Montmorency,Ile-de-France,France",Central,Home Office,11/19/2014,Economy,
AZ-2012-6596978,11/16/2014,Caitlin Schmidt,"Bristol,England,United Kingdom",North,Corporate,11/20/2014,Economy,
AZ-2012-7198140,11/16/2014,Rachel Norton,"Valencia,Valenciana,Spain",South,Corporate,11/20/2014,Economy,
AZ-2012-1988121,11/16/2014,Lucas Northcott,"Stoke-on-Trent,England,United Kingdom",North,Consumer,11/21/2014,Economy Plus,
AZ-2012-7062936,11/16/2014,Amanda Hutcherson,"Albacete,Castile-La Mancha,Spain",South,Corporate,11/18/2014,Priority,Critical
AZ-2012-3487079,11/17/2014,Owen Howell,"Auxerre,Bourgogne-Franche-Comté,France",Central,Home Office,11/19/2014,Economy Plus,
AZ-2012-7273357,11/17/2014,Chelsea Howell,"Milan,Lombardy,Italy",South,Consumer,11/21/2014,Economy,
AZ-2012-5515601,11/17/2014,Juan Smith,"Krefeld,North Rhine-Westphalia,Germany",Central,Consumer,11/23/2014,Economy,
AZ-2012-8439638,11/18/2014,Dominic Stephenson,"Talavera de la Reina,Castile-La Mancha,Spain",South,Home Office,11/20/2014,Economy Plus,
AZ-2012-8903845,11/18/2014,Tyson Brookman,"Molina de Segura,Murcia,Spain",South,Consumer,11/22/2014,Economy,
BN-2012-7235703,11/18/2014,Maddison Newman,"Sheffield,England,United Kingdom",North,Corporate,11/20/2014,Priority,Critical
BN-2012-7644341,11/18/2014,Angelina Hurst,"Bisceglie,Apulia,Italy",South,Consumer,11/22/2014,Economy,
AZ-2012-1821964,11/20/2014,Dominic Stephenson,"Edinburgh,Scotland,United Kingdom",North,Home Office,11/22/2014,Economy Plus,
AZ-2012-517660,11/20/2014,Leah Barrett,"Angers,Pays de la Loire,France",Central,Consumer,11/27/2014,Economy,
AZ-2012-8186221,11/20/2014,Edward Webber,"Munich,Bavaria,Germany",Central,Home Office,11/24/2014,Economy,
AZ-2012-9672099,11/20/2014,Jasmine Hanson,"London,England,United Kingdom",North,Consumer,11/22/2014,Priority,Critical
AZ-2012-7505470,11/21/2014,John Kemp,"Northwich,England,United Kingdom",North,Home Office,11/22/2014,Priority,Critical
AZ-2012-1801212,11/21/2014,Mark Westfall,"Regensburg,Bavaria,Germany",Central,Consumer,11/26/2014,Economy,
AZ-2012-2193596,11/21/2014,Millie Newman,"Paris,Ile-de-France,France",Central,Consumer,11/25/2014,Economy,
AZ-2012-2590055,11/21/2014,Sophie Franklin,"Issy-les-Moulineaux,Ile-de-France,France",Central,Corporate,11/26/2014,Economy,
BN-2012-2613317,11/21/2014,Kimberly Russo,"Zurich,Zürich,Switzerland",Central,Corporate,11/23/2014,Economy Plus,
BN-2012-8846248,11/21/2014,Alannah Langridge,"Gothenburg,Västra Götaland,Sweden",North,Consumer,11/25/2014,Economy,
BN-2012-1453436,11/21/2014,Aidan Hayward,"Jena,Thuringia,Germany",Central,Corporate,11/24/2014,Economy Plus,
AZ-2012-415740,11/22/2014,Mia Pugh,"London,England,United Kingdom",North,Consumer,11/28/2014,Economy,
AZ-2012-2676448,11/22/2014,William Martin,"Bracknell,England,United Kingdom",North,Corporate,11/27/2014,Economy,
AZ-2012-8282656,11/22/2014,Georgina Fuller,"Nantes,Pays de la Loire,France",Central,Consumer,11/25/2014,Economy Plus,
BN-2012-4774400,11/22/2014,Noah Chamberlain,"Trier,Rhineland-Palatinate,Germany",Central,Consumer,11/26/2014,Economy,
AZ-2012-4011569,11/23/2014,Zara Money,"Pforzheim,Baden-Württemberg,Germany",Central,Corporate,11/28/2014,Economy Plus,
AZ-2012-514342,11/23/2014,Owen Howell,"Madrid,Madrid,Spain",South,Home Office,11/27/2014,Economy,
AZ-2012-7207292,11/23/2014,Hayden Perkins,"York,England,United Kingdom",North,Consumer,11/28/2014,Economy,
AZ-2012-5159296,11/23/2014,Freya Daniels,"Rome,Lazio,Italy",South,Consumer,11/25/2014,Priority,Critical
AZ-2012-7579239,11/23/2014,Stacy Cummings,"Genk,Limburg,Belgium",Central,Consumer,11/25/2014,Priority,Critical
AZ-2012-9886998,11/24/2014,Claudia Poore,"Littlehampton,England,United Kingdom",North,Corporate,11/28/2014,Economy,
AZ-2012-9482146,11/24/2014,Victoria Burke,"Issy-les-Moulineaux,Ile-de-France,France",Central,Corporate,11/30/2014,Economy,
AZ-2012-8459851,11/24/2014,Adam Harte,"Brest,Brittany,France",Central,Corporate,11/27/2014,Priority,Critical
AZ-2012-3181523,11/24/2014,Molly Crawford,"Vitoria,Basque Country,Spain",South,Corporate,11/29/2014,Economy,
BN-2012-5546436,11/24/2014,Alexandra Whitehouse,"Istres,Provence-Alpes-Côte d'Azur,France",Central,Consumer,11/26/2014,Economy Plus,
AZ-2012-6998703,11/25/2014,Tyson Jonathan,"Saint-Denis,Ile-de-France,France",Central,Consumer,11/29/2014,Economy,
AZ-2012-7027662,11/25/2014,Debbie Fisk,"Pforzheim,Baden-Württemberg,Germany",Central,Corporate,11/30/2014,Economy,
AZ-2012-8144166,11/25/2014,Nicholas Carey,"El Ejido,Andalusía,Spain",South,Consumer,11/30/2014,Economy,
BN-2012-7559738,11/26/2014,Bryce Efird,"Lisbon,Lisboa,Portugal",South,Corporate,12/2/2014,Economy,
AZ-2012-8057187,11/27/2014,Jasper Neighbour,"Las Rozas de Madrid,Madrid,Spain",South,Corporate,11/29/2014,Priority,Critical
AZ-2012-1946640,11/27/2014,Robert Quick,"El Ejido,Andalusía,Spain",South,Consumer,12/1/2014,Economy,
AZ-2012-649992,11/27/2014,Ethel Cole,"Berlin,Berlin,Germany",Central,Home Office,12/1/2014,Economy,
AZ-2012-8723152,11/27/2014,Jason Calhoun,"Berlin,Berlin,Germany",Central,Consumer,12/1/2014,Economy,
AZ-2012-8733795,11/28/2014,Sophie Watson,"London,England,United Kingdom",North,Corporate,12/3/2014,Economy,
AZ-2012-5152907,11/28/2014,Cerys Edwards,"Erlangen,Bavaria,Germany",Central,Consumer,12/4/2014,Economy,
AZ-2012-5322178,11/28/2014,Declan Dundas,"London,England,United Kingdom",North,Corporate,12/4/2014,Economy,
AZ-2012-506999,11/29/2014,Linda Dennis,"Turin,Piedmont,Italy",South,Consumer,12/5/2014,Economy,
AZ-2012-6202346,11/29/2014,Rory Braim,"Harrow,England,United Kingdom",North,Consumer,12/4/2014,Economy,
AZ-2012-3655413,11/30/2014,Abigail Humffray,"Bolzano,Trentino-Alto Adige,Italy",South,Consumer,11/30/2014,Immediate,Critical
AZ-2012-1291108,11/30/2014,Marcus Leon,"Espoo,Uusimaa,Finland",North,Corporate,12/5/2014,Economy,
AZ-2012-2904256,11/30/2014,Ralph Holmes,"Helsinki,Uusimaa,Finland",North,Consumer,12/4/2014,Economy,
AZ-2012-8881381,11/30/2014,Alex Greenwood,"Ghent,East Flanders,Belgium",Central,Consumer,12/5/2014,Economy,
AZ-2012-7965791,11/30/2014,Brandon Preston,"Luton,England,United Kingdom",North,Consumer,12/4/2014,Economy,
BN-2012-3586666,11/30/2014,Kian Sykes,"Milan,Lombardy,Italy",South,Consumer,12/2/2014,Economy Plus,
BN-2012-2217605,11/30/2014,Edward Martinez,"Neunkirchen,Saarland,Germany",Central,Corporate,12/4/2014,Economy,
AZ-2012-9295804,12/1/2014,Archie Whittaker,"Livry-Gargan,Ile-de-France,France",Central,Home Office,12/6/2014,Economy,
AZ-2012-4697913,12/2/2014,Lauren Saunders,"Saint-Malo,Brittany,France",Central,Consumer,12/8/2014,Economy,
AZ-2012-9695675,12/2/2014,Lauren Saunders,"Toulon,Provence-Alpes-Côte d'Azur,France",Central,Consumer,12/6/2014,Economy,
AZ-2012-9714156,12/2/2014,Dakota Green,"Edinburgh,Scotland,United Kingdom",North,Consumer,12/6/2014,Economy,
AZ-2012-4476196,12/4/2014,Samuel Thomas,"Latina,Lazio,Italy",South,Consumer,12/8/2014,Economy,
AZ-2012-6999743,12/4/2014,Scott Higgins,"Vienna,Vienna,Austria",Central,Home Office,12/9/2014,Economy,
AZ-2012-4956361,12/4/2014,Makayla Elphinstone,"Alfortville,Ile-de-France,France",Central,Consumer,12/7/2014,Priority,Critical
AZ-2012-5156362,12/4/2014,Matilda Jackson,"Berlin,Berlin,Germany",Central,Corporate,12/9/2014,Economy,
AZ-2012-3030732,12/4/2014,Archer Hort,"Naples,Campania,Italy",South,Consumer,12/7/2014,Economy Plus,
BN-2012-9634659,12/4/2014,Kayleigh Farmer,"Trieste,Friuli-Venezia Giulia,Italy",South,Consumer,12/6/2014,Priority,Critical
BN-2012-704979,12/4/2014,Melody Nelson,"Toulouse,Languedoc-Roussillon-Midi-Pyrénées,France",Central,Corporate,12/8/2014,Economy,
BN-2012-4750589,12/4/2014,Eloise Sykes,"Zurich,Zürich,Switzerland",Central,Consumer,12/4/2014,Immediate,Critical
AZ-2012-7826835,12/5/2014,Jessica Paramor,"Watford,England,United Kingdom",North,Corporate,12/10/2014,Economy Plus,
AZ-2012-3542766,12/5/2014,Alana Zahel,"Nantes,Pays de la Loire,France",Central,Consumer,12/10/2014,Economy,
AZ-2012-4475228,12/5/2014,Leo Bannister,"Barcelona,Catalonia,Spain",South,Home Office,12/11/2014,Economy,
AZ-2012-4110673,12/6/2014,Jose Gambino,"Milan,Lombardy,Italy",South,Corporate,12/12/2014,Economy,
AZ-2012-8203288,12/6/2014,Molly Bidmead,"Hamburg,Hamburg,Germany",Central,Home Office,12/9/2014,Economy Plus,
AZ-2012-5677067,12/7/2014,Angus Blacklock,"Antony,Ile-de-France,France",Central,Home Office,12/11/2014,Economy,
AZ-2012-9667872,12/7/2014,Hubert Lindahl,"Manchester,England,United Kingdom",North,Corporate,12/14/2014,Economy,
AZ-2012-2492016,12/7/2014,Lara Giles,"London,England,United Kingdom",North,Consumer,12/12/2014,Economy,
AZ-2012-6849186,12/7/2014,Gilbert Montgomery,"Copenhagen,Hovedstaden,Denmark",North,Consumer,12/12/2014,Economy,
AZ-2012-8594420,12/8/2014,Hayley Swanston,"Nancy,Alsace-Champagne-Ardenne-Lorraine,France",Central,Home Office,12/12/2014,Economy Plus,
AZ-2012-9568691,12/8/2014,Max Ronald,"Angers,Pays de la Loire,France",Central,Corporate,12/8/2014,Immediate,Critical
AZ-2012-5345819,12/11/2014,Samuel Thomas,"Venice,Veneto,Italy",South,Consumer,12/18/2014,Economy,
AZ-2012-9695680,12/11/2014,Dakota Green,"Eastbourne,England,United Kingdom",North,Consumer,12/16/2014,Economy,
AZ-2012-4295512,12/11/2014,Ryan Price,"Albacete,Castile-La Mancha,Spain",South,Consumer,12/13/2014,Economy Plus,
BN-2012-5235774,12/11/2014,Adam Walpole,"Rhondda,Wales,United Kingdom",North,Corporate,12/15/2014,Economy,
AZ-2012-1605480,12/12/2014,Spencer Wallis,"Munich,Bavaria,Germany",Central,Consumer,12/13/2014,Priority,Critical
AZ-2012-9819217,12/12/2014,Eva Hargraves,"Viersen,North Rhine-Westphalia,Germany",Central,Consumer,12/17/2014,Economy,
AZ-2012-9222896,12/13/2014,Angus De Groot,"Paris,Ile-de-France,France",Central,Corporate,12/14/2014,Priority,Critical
AZ-2012-4561991,12/13/2014,Maya Pamphlett,"Marseille,Provence-Alpes-Côte d'Azur,France",Central,Consumer,12/16/2014,Priority,Critical
AZ-2012-1411846,12/13/2014,Mary Parker,"Marseille,Provence-Alpes-Côte d'Azur,France",Central,Corporate,12/15/2014,Priority,Critical
AZ-2012-6696550,12/13/2014,Bailey Morris,"Hilden,North Rhine-Westphalia,Germany",Central,Consumer,12/15/2014,Priority,Critical
BN-2012-4383026,12/13/2014,Eva Hargraves,"Hamar,Hedmark,Norway",North,Consumer,12/17/2014,Economy,
BN-2012-4385280,12/13/2014,Melissa Bean,"Milan,Lombardy,Italy",South,Home Office,12/17/2014,Economy,
BN-2012-4936189,12/13/2014,Kazuko Mason,"Nacka,Stockholm,Sweden",North,Home Office,12/16/2014,Priority,Critical
AZ-2012-5408714,12/14/2014,Georgina Garner,"Essen,North Rhine-Westphalia,Germany",Central,Consumer,12/21/2014,Economy,
AZ-2012-9218935,12/14/2014,Lara Giles,"Huddersfield,England,United Kingdom",North,Consumer,12/18/2014,Economy,
AZ-2012-6193162,12/15/2014,Isabella Secombe,"Euskirchen,North Rhine-Westphalia,Germany",Central,Consumer,12/19/2014,Economy,
AZ-2012-2187904,12/15/2014,Gilbert Montgomery,"Grigny,Ile-de-France,France",Central,Consumer,12/17/2014,Priority,Critical
AZ-2012-5466506,12/15/2014,Louis Wilson,"Reggio nell'Emilia,Emilia-Romagna,Italy",South,Consumer,12/18/2014,Economy Plus,
AZ-2012-5728837,12/15/2014,Edward Webber,"Faches-Thumesnil,Nord-Pas-de-Calais-Picardie,France",Central,Home Office,12/17/2014,Economy Plus,
AZ-2012-1817772,12/15/2014,Harry Marion,"Madrid,Madrid,Spain",South,Consumer,12/19/2014,Economy,
AZ-2012-3082867,12/16/2014,William Reichert,"Castelldefels,Catalonia,Spain",South,Consumer,12/20/2014,Economy,
AZ-2012-3246904,12/16/2014,Joe Gilbert,"Sanary-sur-Mer,Provence-Alpes-Côte d'Azur,France",Central,Home Office,12/18/2014,Economy Plus,
AZ-2012-6918237,12/16/2014,Tricia Bustamante,"Hildesheim,Lower Saxony,Germany",Central,Corporate,12/17/2014,Immediate,Critical
AZ-2012-3970156,12/18/2014,Mariam McMeckan,"Newcastle upon Tyne,England,United Kingdom",North,Corporate,12/20/2014,Economy Plus,
AZ-2012-7085203,12/18/2014,Anthony Spooner,"Getxo,Basque Country,Spain",South,Corporate,12/18/2014,Immediate,Critical
AZ-2012-568534,12/18/2014,Naomi Hancock,"Worthing,England,United Kingdom",North,Corporate,12/22/2014,Economy,
AZ-2012-1622139,12/18/2014,Joel McKean,"London,England,United Kingdom",North,Home Office,12/24/2014,Economy,
AZ-2012-9860400,12/18/2014,Morgan Anderson,"Bolton,England,United Kingdom",North,Corporate,12/22/2014,Economy Plus,
BN-2012-8141074,12/18/2014,Jason Roger,"Majadahonda,Madrid,Spain",South,Corporate,12/20/2014,Economy Plus,
BN-2012-8498920,12/18/2014,Nathan Niland,"Torre del Greco,Campania,Italy",South,Consumer,12/21/2014,Priority,Critical
BN-2012-6027160,12/18/2014,Evie Flockhart,"Lisbon,Lisboa,Portugal",South,Consumer,12/22/2014,Economy,
AZ-2012-5380367,12/19/2014,Angelina Hurst,"Jerez de la Frontera,Andalusía,Spain",South,Consumer,12/22/2014,Economy Plus,
AZ-2012-6814882,12/19/2014,Patrick Townson,"Cártama,Andalusía,Spain",South,Home Office,12/23/2014,Economy,
AZ-2012-334946,12/19/2014,John Harris,"Murcia,Murcia,Spain",South,Corporate,12/23/2014,Economy Plus,
BN-2012-1971141,12/19/2014,Edward Hodges,"Toulouse,Languedoc-Roussillon-Midi-Pyrénées,France",Central,Consumer,12/26/2014,Economy,
AZ-2012-2807686,12/20/2014,Liam Marshall,"London,England,United Kingdom",North,Home Office,12/26/2014,Economy,
AZ-2012-6411999,12/20/2014,James Brown,"Saint-Denis,Ile-de-France,France",Central,Corporate,12/24/2014,Economy Plus,
AZ-2012-5770966,12/20/2014,Kevin Madigan,"Toulon,Provence-Alpes-Côte d'Azur,France",Central,Consumer,12/23/2014,Economy Plus,
AZ-2012-998550,12/20/2014,Ngoc Orozco,"Berlin,Berlin,Germany",Central,Home Office,12/24/2014,Economy,
AZ-2012-8353362,12/21/2014,Melody Nelson,"Arezzo,Tuscany,Italy",South,Corporate,12/25/2014,Economy,
AZ-2012-6297647,12/21/2014,Matthew Barker,"Duisburg,North Rhine-Westphalia,Germany",Central,Consumer,12/21/2014,Immediate,Critical
AZ-2012-4504749,12/21/2014,Nathan Niland,"Ravenna,Emilia-Romagna,Italy",South,Consumer,12/25/2014,Economy,
AZ-2012-2950008,12/21/2014,Max Craig,"Deuil-la-Barre,Ile-de-France,France",Central,Corporate,12/23/2014,Priority,Critical
AZ-2012-2335503,12/22/2014,Jacob Carter,"Fontaine,Auvergne-Rhône-Alpes,France",Central,Consumer,12/29/2014,Economy,
AZ-2012-5494640,12/22/2014,Faith Greenwood,"La Rochelle,Aquitaine-Limousin-Poitou-Charentes,France",Central,Consumer,12/27/2014,Economy,
AZ-2012-6368179,12/22/2014,Taj Knetes,"Oberhausen,North Rhine-Westphalia,Germany",Central,Consumer,12/24/2014,Priority,Critical
AZ-2012-5763225,12/23/2014,Kenneth Gonzales,"Saint-Malo,Brittany,France",Central,Consumer,12/29/2014,Economy,
AZ-2012-6517579,12/23/2014,Kian Pollard,"Bochum,North Rhine-Westphalia,Germany",Central,Consumer,12/28/2014,Economy Plus,
BN-2012-9713338,12/23/2014,Larry Klaus,"Milan,Lombardy,Italy",South,Corporate,12/28/2014,Economy,
AZ-2012-855132,12/25/2014,Lamar Lockhart,"Getafe,Madrid,Spain",South,Consumer,12/29/2014,Economy,
AZ-2012-1295190,12/25/2014,Patricia Smith,"Chilly-Mazarin,Ile-de-France,France",Central,Corporate,12/30/2014,Economy,
AZ-2012-5705972,12/25/2014,Harvey Daniels,"Alcobendas,Madrid,Spain",South,Consumer,12/29/2014,Economy,
AZ-2012-4743225,12/26/2014,Julie Ochoa,"Ferrara,Emilia-Romagna,Italy",South,Corporate,12/28/2014,Priority,Critical
AZ-2012-5821789,12/26/2014,Mary Wilson,"Tours,Centre-Val de Loire,France",Central,Consumer,12/29/2014,Economy Plus,
AZ-2012-1880028,12/26/2014,Milla Day,"Cologne,North Rhine-Westphalia,Germany",Central,Consumer,12/30/2014,Economy,
AZ-2012-4493461,12/27/2014,Bradley Howell,"Madrid,Madrid,Spain",South,Corporate,12/31/2014,Economy,
AZ-2012-5138452,12/27/2014,Joseph Banks,"Vigo,Galicia,Spain",South,Consumer,12/29/2014,Economy Plus,
BN-2012-9279077,12/27/2014,Bianca Monsoor,"Dublin,Dublin,Ireland",North,Consumer,12/31/2014,Economy,
BN-2012-2885506,12/27/2014,Isabelle Grimstone,"London,England,United Kingdom",North,Consumer,12/31/2014,Economy Plus,
BN-2012-2772925,12/27/2014,Jonathan Bottrill,"Toulouse,Languedoc-Roussillon-Midi-Pyrénées,France",Central,Consumer,12/31/2014,Economy,
AZ-2012-4846430,12/28/2014,Anna Macdonald,"Stockholm,Stockholm,Sweden",North,Consumer,12/31/2014,Economy Plus,
AZ-2012-9215756,12/28/2014,Casey Forte,"Marbella,Andalusía,Spain",South,Consumer,1/1/2015,Economy,
AZ-2012-5550054,12/28/2014,Brian Garcia,"Stoke-on-Trent,England,United Kingdom",North,Consumer,12/30/2014,Priority,Critical
AZ-2012-7120418,12/28/2014,Kyle Nash,"Sant Boi de Llobregat,Catalonia,Spain",South,Consumer,1/2/2015,Economy,
AZ-2012-650441,12/28/2014,Tyson Ebden,"Domont,Ile-de-France,France",Central,Consumer,1/4/2015,Economy,
AZ-2012-7359677,12/28/2014,Tammy Chamblee,"Duisburg,North Rhine-Westphalia,Germany",Central,Consumer,1/4/2015,Economy,
AZ-2012-532125,12/28/2014,Henry Pedder,"Nice,Provence-Alpes-Côte d'Azur,France",Central,Consumer,12/31/2014,Economy Plus,
AZ-2012-4707910,12/29/2014,Peter Daly,"London,England,United Kingdom",North,Consumer,1/4/2015,Economy,
AZ-2012-6044174,12/29/2014,Sandra Hooks,"Edinburgh,Scotland,United Kingdom",North,Corporate,1/4/2015,Economy,
AZ-2012-9824792,12/29/2014,Nelson Olsen,"Basildon,England,United Kingdom",North,Home Office,1/5/2015,Economy,
AZ-2012-3751519,12/29/2014,Denise Harris,"Paris,Ile-de-France,France",Central,Consumer,1/5/2015,Economy,
BN-2012-8465204,12/29/2014,Christopher Goold,"Emmen,Drenthe,Netherlands",Central,Corporate,12/31/2014,Economy Plus,
AZ-2012-9488073,12/30/2014,Tahlia Murnin,"Marseille,Provence-Alpes-Côte d'Azur,France",Central,Consumer,1/2/2015,Priority,Critical
AZ-2012-4009939,12/30/2014,Rebecca Cook,"Essen,North Rhine-Westphalia,Germany",Central,Corporate,1/5/2015,Economy,
AZ-2012-3700237,12/30/2014,Archie Springfield,"Nice,Provence-Alpes-Côte d'Azur,France",Central,Home Office,1/3/2015,Economy,
BN-2012-1106280,12/30/2014,Isabelle Torpy,"Loughborough,England,United Kingdom",North,Consumer,1/2/2015,Priority,Critical
AZ-2012-9944361,12/31/2014,Gilbert Montgomery,"Eastbourne,England,United Kingdom",North,Consumer,1/4/2015,Economy,
AZ-2012-6501898,1/1/2015,Rita McCann,"Antwerp,Antwerp,Belgium",Central,Consumer,1/4/2015,Economy Plus,
AZ-2012-7839714,1/1/2015,Lilly Le Grand,"Berlin,Berlin,Germany",Central,Home Office,1/3/2015,Economy Plus,
AZ-2012-8140932,1/1/2015,Dominic Scott,"Lormont,Aquitaine-Limousin-Poitou-Charentes,France",Central,Consumer,1/3/2015,Priority,Critical
AZ-2012-4828873,1/1/2015,Maddison Newman,"Charleroi,Hainaut,Belgium",Central,Corporate,1/1/2015,Immediate,Critical
BN-2012-1206890,1/1/2015,Angelina Beeton,"Toulouse,Languedoc-Roussillon-Midi-Pyrénées,France",Central,Consumer,1/5/2015,Economy,
AZ-2013-503783,1/2/2015,Freddie Kaur,"Pau,Aquitaine-Limousin-Poitou-Charentes,France",Central,Consumer,1/2/2015,Immediate,Critical
AZ-2013-7367497,1/2/2015,Lilian Rodgers,"London,England,United Kingdom",North,Consumer,1/6/2015,Economy,
AZ-2013-6051551,1/2/2015,Millie Arnold,"Melilla,Melilla,Spain",South,Consumer,1/8/2015,Economy,
AZ-2013-8629529,1/3/2015,Nate Dacey,"Livry-Gargan,Ile-de-France,France",Central,Consumer,1/9/2015,Economy,
AZ-2013-5548101,1/3/2015,Jasper Neighbour,"Grasse,Provence-Alpes-Côte d'Azur,France",Central,Corporate,1/6/2015,Priority,Critical
AZ-2013-2868494,1/3/2015,Kenneth Gonzales,"Maisons-Laffitte,Ile-de-France,France",Central,Consumer,1/4/2015,Priority,Critical
AZ-2013-8665589,1/3/2015,Alannah Langridge,"Derby,England,United Kingdom",North,Consumer,1/9/2015,Economy,
AZ-2013-7684337,1/3/2015,Kayla Tearle,"Chester,England,United Kingdom",North,Corporate,1/7/2015,Economy,
AZ-2013-4847875,1/4/2015,Jason Roger,"Leverkusen,North Rhine-Westphalia,Germany",Central,Corporate,1/8/2015,Economy,
AZ-2013-5755463,1/4/2015,Terence Welch,"London,England,United Kingdom",North,Consumer,1/10/2015,Economy,
AZ-2013-3735155,1/4/2015,Kian Sykes,"Krefeld,North Rhine-Westphalia,Germany",Central,Consumer,1/6/2015,Economy Plus,
AZ-2013-5279450,1/4/2015,Peggy Hua,"Halle,Saxony-Anhalt,Germany",Central,Corporate,1/6/2015,Economy Plus,
BN-2013-9867098,1/4/2015,Summer Hayward,"Rotterdam,South Holland,Netherlands",Central,Consumer,1/8/2015,Economy,
BN-2013-9407100,1/4/2015,Noah Hart,"Frankfurt,Hesse,Germany",Central,Consumer,1/10/2015,Economy,
AZ-2013-3328876,1/5/2015,Daryl Claypool,"Gap,Provence-Alpes-Côte d'Azur,France",Central,Corporate,1/9/2015,Economy,
AZ-2013-2015802,1/5/2015,Louis Scott,"Catania,Sicily,Italy",South,Corporate,1/9/2015,Economy,
AZ-2013-7017402,1/5/2015,Benjamin Knaggs,"Turin,Piedmont,Italy",South,Home Office,1/7/2015,Economy Plus,
AZ-2013-7897530,1/5/2015,Tara Hines,"Lyon,Auvergne-Rhône-Alpes,France",Central,Consumer,1/9/2015,Economy,
BN-2013-6770556,1/5/2015,Angie Massengill,"Zurich,Zürich,Switzerland",Central,Consumer,1/9/2015,Economy,
BN-2013-4341327,1/5/2015,Phoebe Lindsay,"Bergen op Zoom,North Brabant,Netherlands",Central,Consumer,1/7/2015,Economy Plus,
AZ-2013-3564823,1/6/2015,Robert Neil,"Puteaux,Ile-de-France,France",Central,Consumer,1/11/2015,Economy,
AZ-2013-6623035,1/8/2015,Niamh Mann,"Hereford,England,United Kingdom",North,Consumer,1/13/2015,Economy Plus,
BN-2013-2401973,1/8/2015,Rachel Tyler,"London,England,United Kingdom",North,Corporate,1/15/2015,Economy,
BN-2013-7266864,1/8/2015,Victor Kron,"Battipaglia,Campania,Italy",South,Consumer,1/11/2015,Priority,Critical
AZ-2013-1777709,1/9/2015,Sebastian Barber,"Bari,Apulia,Italy",South,Home Office,1/11/2015,Priority,Critical
BN-2013-8880167,1/9/2015,Lincoln Want,"Birmingham,England,United Kingdom",North,Consumer,1/14/2015,Economy,
AZ-2013-7722338,1/10/2015,Molly Hawkins,"Palermo,Sicily,Italy",South,Home Office,1/12/2015,Priority,Critical
AZ-2013-4629929,1/12/2015,Liam Marshall,"Glasgow,Scotland,United Kingdom",North,Home Office,1/17/2015,Economy Plus,
BN-2013-5809752,1/12/2015,Ryan Greenwood,"London,England,United Kingdom",North,Consumer,1/16/2015,Economy,
AZ-2013-5584344,1/13/2015,Devin Huddleston,"Halifax,England,United Kingdom",North,Consumer,1/20/2015,Economy,
AZ-2013-351604,1/13/2015,Catharine Robbins,"Madrid,Madrid,Spain",South,Corporate,1/16/2015,Priority,Critical
AZ-2013-273412,1/15/2015,Zachary Warner,"Vienna,Vienna,Austria",Central,Consumer,1/15/2015,Immediate,Critical
AZ-2013-8382416,1/15/2015,David Lowe,"Frederiksberg,Hovedstaden,Denmark",North,Consumer,1/17/2015,Priority,Critical
BN-2013-3136771,1/15/2015,Taj Knetes,"Stockholm,Stockholm,Sweden",North,Consumer,1/17/2015,Economy Plus,
AZ-2013-6878951,1/16/2015,Paul Collazo,"Clydach,Wales,United Kingdom",North,Home Office,1/20/2015,Economy,
BN-2013-3013518,1/16/2015,Melissa Bean,"Naples,Campania,Italy",South,Home Office,1/18/2015,Priority,Critical
AZ-2013-1380868,1/17/2015,Chloe O'Dea,"Vienna,Vienna,Austria",Central,Consumer,1/21/2015,Economy,
AZ-2013-1651080,1/17/2015,Tyson Jonathan,"Paris,Ile-de-France,France",Central,Consumer,1/23/2015,Economy,
BN-2013-9140606,1/17/2015,Maya Pamphlett,"Dublin,Dublin,Ireland",North,Consumer,1/22/2015,Economy,
AZ-2013-5727420,1/18/2015,Kian Sykes,"Castrop-Rauxel,North Rhine-Westphalia,Germany",Central,Consumer,1/20/2015,Priority,Critical
AZ-2013-2652268,1/18/2015,Adam Walpole,"Bagneux,Ile-de-France,France",Central,Corporate,1/25/2015,Economy,
AZ-2013-7816425,1/18/2015,Libby Allan,"Meaux,Ile-de-France,France",Central,Consumer,1/22/2015,Economy,
BN-2013-4893247,1/18/2015,Logan Tilley,"Oosterhout,North Brabant,Netherlands",Central,Consumer,1/22/2015,Economy,
BN-2013-9449552,1/18/2015,Julian Dobie,"Toulouse,Languedoc-Roussillon-Midi-Pyrénées,France",Central,Consumer,1/24/2015,Economy,
AZ-2013-7980610,1/19/2015,Brodie Hart,"Salzburg,Salzburg,Austria",Central,Home Office,1/23/2015,Economy,
AZ-2013-469953,1/19/2015,Angus De Groot,"Vienna,Vienna,Austria",Central,Corporate,1/22/2015,Priority,Critical
AZ-2013-2156489,1/19/2015,Ella Dwyer-Gray,"Palencia,Castile and León,Spain",South,Consumer,1/24/2015,Economy,
BN-2013-9700722,1/19/2015,Thomas Thompson,"Sheffield,England,United Kingdom",North,Corporate,1/26/2015,Economy,
AZ-2013-6231754,1/20/2015,Angus Blacklock,"Berlin,Berlin,Germany",Central,Home Office,1/25/2015,Economy Plus,
AZ-2013-6986515,1/20/2015,Ebony Sadlier,"Madrid,Madrid,Spain",South,Corporate,1/26/2015,Economy,
AZ-2013-9918449,1/20/2015,Travis Corchado,"Nuremberg,Bavaria,Germany",Central,Corporate,1/22/2015,Economy Plus,
BN-2013-5166779,1/22/2015,Daryl Claypool,"Stockholm,Stockholm,Sweden",North,Corporate,1/26/2015,Economy,
AZ-2013-2960251,1/23/2015,Gregory Rodriguez,"York,England,United Kingdom",North,Corporate,1/27/2015,Economy,
AZ-2013-2671992,1/24/2015,Louise Winter,"Rochefort,Aquitaine-Limousin-Poitou-Charentes,France",Central,Corporate,1/26/2015,Economy Plus,
AZ-2013-2055109,1/24/2015,Rebecca Cook,"Saint-Ouen,Ile-de-France,France",Central,Corporate,1/27/2015,Economy Plus,
AZ-2013-3213150,1/25/2015,Alannah Callaway,"Portici,Campania,Italy",South,Consumer,1/30/2015,Economy,
BN-2013-299612,1/25/2015,Leah Barrett,"Rotterdam,South Holland,Netherlands",Central,Consumer,1/29/2015,Economy,
AZ-2013-4544800,1/26/2015,Rhonda Ford,"London,England,United Kingdom",North,Consumer,1/29/2015,Priority,Critical
AZ-2013-3807321,1/26/2015,Brian Garcia,"Madrid,Madrid,Spain",South,Consumer,1/28/2015,Economy Plus,
BN-2013-9616857,1/27/2015,Madison Holloway,"Berlin,Berlin,Germany",Central,Corporate,2/1/2015,Economy,
AZ-2013-3946948,1/28/2015,Linda Dennis,"Venice,Veneto,Italy",South,Consumer,2/4/2015,Economy,
AZ-2013-2820920,1/29/2015,Spencer Wallis,"Blanquefort,Aquitaine-Limousin-Poitou-Charentes,France",Central,Consumer,2/4/2015,Economy,
AZ-2013-3010251,1/29/2015,Henry Chandler,"Berlin,Berlin,Germany",Central,Home Office,1/31/2015,Priority,Critical
AZ-2013-6752610,1/29/2015,Riley Howells,"Vienna,Vienna,Austria",Central,Consumer,2/4/2015,Economy,
AZ-2013-7228854,1/29/2015,Brooke Hodgson,"Bochum,North Rhine-Westphalia,Germany",Central,Consumer,2/3/2015,Economy,
AZ-2013-7321100,1/30/2015,Elijah Sodeman,"Krefeld,North Rhine-Westphalia,Germany",Central,Consumer,2/6/2015,Economy,
AZ-2013-7144565,1/30/2015,Noah Old,"Saint-Herblain,Pays de la Loire,France",Central,Corporate,2/1/2015,Economy Plus,
AZ-2013-2871668,1/30/2015,Mark Washington,"Leicester,England,United Kingdom",North,Home Office,2/4/2015,Economy,
BN-2013-9290481,1/30/2015,Jade Howe,"Apeldoorn,Gelderland,Netherlands",Central,Corporate,2/3/2015,Economy,
BN-2013-3382975,1/30/2015,Kiera Chandler,"Madrid,Madrid,Spain",South,Consumer,2/1/2015,Economy Plus,
BN-2013-1331129,1/30/2015,Joshua Andrews,"Frankfurt,Hesse,Germany",Central,Home Office,1/31/2015,Priority,Critical
AZ-2013-4695676,1/31/2015,Paige Hopley,"Vienna,Vienna,Austria",Central,Consumer,2/6/2015,Economy,
AZ-2013-3945159,2/1/2015,Jodie Mellor,"Marbella,Andalusía,Spain",South,Consumer,2/7/2015,Economy,
AZ-2013-9011810,2/1/2015,Jade Daniels,"Paris,Ile-de-France,France",Central,Corporate,2/7/2015,Economy,
AZ-2013-9561229,2/1/2015,Leslie Wilson,"Bonn,North Rhine-Westphalia,Germany",Central,Consumer,2/7/2015,Economy,
AZ-2013-8886888,2/2/2015,Koby Phillip,"Bari,Apulia,Italy",South,Consumer,2/6/2015,Economy Plus,
AZ-2013-3615405,2/2/2015,David Lowe,"Lomme,Nord-Pas-de-Calais-Picardie,France",Central,Consumer,2/8/2015,Economy,
AZ-2013-2326728,2/2/2015,Nate Wilder-Neligan,"Bordeaux,Aquitaine-Limousin-Poitou-Charentes,France",Central,Consumer,2/6/2015,Economy,
AZ-2013-5414394,2/3/2015,Tahlia Murnin,"Bordeaux,Aquitaine-Limousin-Poitou-Charentes,France",Central,Consumer,2/8/2015,Economy,
AZ-2013-7432125,2/4/2015,Andrew Shah,"Alfortville,Ile-de-France,France",Central,Home Office,2/4/2015,Immediate,Critical
AZ-2013-3240279,2/5/2015,Leon Barnes,"Lens,Nord-Pas-de-Calais-Picardie,France",Central,Consumer,2/9/2015,Economy Plus,
AZ-2013-8073030,2/6/2015,Edward Davidson,"Linz,Upper Austria,Austria",Central,Home Office,2/10/2015,Economy,
AZ-2013-2176321,2/6/2015,Alexander Bennett,"Ceuta,Ceuta,Spain",South,Corporate,2/13/2015,Economy,
AZ-2013-6727815,2/6/2015,Lucas Northcott,"Chester,England,United Kingdom",North,Consumer,2/11/2015,Economy Plus,
BN-2013-4799461,2/6/2015,Jennifer Mattingly,"Stockholm,Stockholm,Sweden",North,Home Office,2/6/2015,Immediate,Critical
AZ-2013-2543728,2/7/2015,Elise Godfrey,"Nantes,Pays de la Loire,France",Central,Consumer,2/12/2015,Economy Plus,
AZ-2013-5618909,2/7/2015,Shannon Howe,"Vannes,Brittany,France",Central,Consumer,2/9/2015,Priority,Critical
BN-2013-5031652,2/7/2015,Hayley Swanston,"Reggio nell'Emilia,Emilia-Romagna,Italy",South,Home Office,2/10/2015,Economy Plus,
AZ-2013-5956200,2/8/2015,Everett Dunbar,"Lorca,Murcia,Spain",South,Corporate,2/12/2015,Economy,
AZ-2013-8717132,2/8/2015,Zachary Warner,"Bron,Auvergne-Rhône-Alpes,France",Central,Consumer,2/14/2015,Economy,
AZ-2013-5973839,2/9/2015,Rory Jess,"Bergamo,Lombardy,Italy",South,Home Office,2/14/2015,Economy,
AZ-2013-253234,2/9/2015,Beverly Brooks,"Euskirchen,North Rhine-Westphalia,Germany",Central,Consumer,2/13/2015,Economy,
BN-2013-8439557,2/9/2015,Justin Armit,"Groningen,Groningen,Netherlands",Central,Consumer,2/14/2015,Economy,
AZ-2013-4378960,2/12/2015,Nathan Iqbal,"Villach,Carinthia,Austria",Central,Consumer,2/17/2015,Economy,
AZ-2013-2192067,2/12/2015,Robert Barnes,"Cognac,Aquitaine-Limousin-Poitou-Charentes,France",Central,Consumer,2/18/2015,Economy,
AZ-2013-673329,2/12/2015,Zara Jennings,"Seville,Andalusía,Spain",South,Consumer,2/16/2015,Economy,
AZ-2013-8471021,2/12/2015,Ewan Hyde,"Parla,Madrid,Spain",South,Consumer,2/18/2015,Economy,
AZ-2013-3726775,2/12/2015,Max Ronald,"Wuppertal,North Rhine-Westphalia,Germany",Central,Corporate,2/18/2015,Economy,
AZ-2013-9809267,2/13/2015,Jade Farmer,"Bremen,Bremen,Germany",Central,Consumer,2/18/2015,Economy,
AZ-2013-4218614,2/13/2015,Lisa Boyette,"Marseille,Provence-Alpes-Côte d'Azur,France",Central,Corporate,2/18/2015,Economy Plus,
AZ-2013-308992,2/13/2015,Lucas Warren,"Haguenau,Alsace-Champagne-Ardenne-Lorraine,France",Central,Consumer,2/15/2015,Priority,Critical
BN-2013-931788,2/13/2015,Liam Mathias,"Birmingham,England,United Kingdom",North,Corporate,2/19/2015,Economy,
BN-2013-695531,2/13/2015,Georgina Fuller,"Cournon-d'Auvergne,Auvergne-Rhône-Alpes,France",Central,Consumer,2/18/2015,Economy,
AZ-2013-7527034,2/14/2015,Stella Hellyer,"Valdemoro,Madrid,Spain",South,Consumer,2/20/2015,Economy,
AZ-2013-6530870,2/14/2015,Jesse Godson,"Meudon,Ile-de-France,France",Central,Corporate,2/19/2015,Economy Plus,
AZ-2013-4467970,2/14/2015,Niki Peirce,"Vienna,Vienna,Austria",Central,Consumer,2/20/2015,Economy,
AZ-2013-8255562,2/14/2015,Sam Rees,"Helsinki,Uusimaa,Finland",North,Home Office,2/14/2015,Immediate,Critical
BN-2013-4296083,2/14/2015,Morgan Dodd,"Stockholm,Stockholm,Sweden",North,Consumer,2/18/2015,Economy,
AZ-2013-248580,2/15/2015,Richard Harvey,"Nanterre,Ile-de-France,France",Central,Corporate,2/19/2015,Economy,
AZ-2013-7788817,2/15/2015,Louie Knight,"Solihull,England,United Kingdom",North,Consumer,2/20/2015,Economy Plus,
BN-2013-6654640,2/15/2015,Daniel Burke,"Hanover,Lower Saxony,Germany",Central,Home Office,2/20/2015,Economy,
AZ-2013-6823803,2/16/2015,Robert James,"Magdeburg,Saxony-Anhalt,Germany",Central,Home Office,2/20/2015,Economy,
AZ-2013-4602895,2/16/2015,Eloise Sykes,"Arras,Nord-Pas-de-Calais-Picardie,France",Central,Consumer,2/21/2015,Economy,
AZ-2013-5815303,2/17/2015,Spencer Calvert,"El Prat de Llobregat,Catalonia,Spain",South,Corporate,2/19/2015,Priority,Critical
AZ-2013-3888761,2/17/2015,Ngoc Orozco,"Berlin,Berlin,Germany",Central,Home Office,2/24/2015,Economy,
AZ-2013-3816496,2/19/2015,Bethany Child,"Hamm,North Rhine-Westphalia,Germany",Central,Consumer,2/20/2015,Immediate,Critical
AZ-2013-8667063,2/19/2015,Bianca Whitford,"San Sebastian,Basque Country,Spain",South,Corporate,2/26/2015,Economy,
AZ-2013-2039163,2/19/2015,Skye McCaffrey,"Argenteuil,Ile-de-France,France",Central,Consumer,2/22/2015,Economy Plus,
AZ-2013-5724915,2/19/2015,Patricia Lukes,"Lyon,Auvergne-Rhône-Alpes,France",Central,Corporate,2/26/2015,Economy,
AZ-2013-589374,2/20/2015,Bonnie Wilson,"Wolverhampton,England,United Kingdom",North,Corporate,2/25/2015,Economy Plus,
AZ-2013-3395189,2/20/2015,Claire Harrington,"Wattrelos,Nord-Pas-de-Calais-Picardie,France",Central,Home Office,2/26/2015,Economy,
AZ-2013-3483064,2/20/2015,Paige Horsfall,"Nice,Provence-Alpes-Côte d'Azur,France",Central,Home Office,2/27/2015,Economy,
AZ-2013-393672,2/21/2015,Ella Dwyer-Gray,"Meyzieu,Auvergne-Rhône-Alpes,France",Central,Consumer,2/27/2015,Economy,
AZ-2013-6918835,2/21/2015,Skye Hammond,"Solingen,North Rhine-Westphalia,Germany",Central,Corporate,2/24/2015,Economy Plus,
AZ-2013-3797817,2/22/2015,James Groom,"Venice,Veneto,Italy",South,Corporate,2/24/2015,Economy Plus,
AZ-2013-4391469,2/23/2015,Audrey Knowles,"Hamburg,Hamburg,Germany",Central,Consumer,2/27/2015,Economy,
AZ-2013-9251639,2/23/2015,Hershel Snyder,"Mannheim,Baden-Württemberg,Germany",Central,Corporate,2/27/2015,Economy,
AZ-2013-1571191,2/23/2015,Sarah Cross,"Leeds,England,United Kingdom",North,Consumer,2/26/2015,Economy Plus,
AZ-2013-6652500,2/23/2015,Paige Hopley,"Bari,Apulia,Italy",South,Consumer,3/1/2015,Economy,
AZ-2013-2275252,2/24/2015,Herbert Harrell,"Livry-Gargan,Ile-de-France,France",Central,Home Office,3/1/2015,Economy,
AZ-2013-5265253,2/24/2015,Harriet Chadwick,"Vitoria,Basque Country,Spain",South,Corporate,3/1/2015,Economy,
AZ-2013-1271613,2/24/2015,Mason Porter,"Florence,Tuscany,Italy",South,Corporate,2/27/2015,Priority,Critical
AZ-2013-5594032,2/26/2015,Mark Burkett,"Edinburgh,Scotland,United Kingdom",North,Home Office,3/3/2015,Economy,
AZ-2013-997141,2/26/2015,Harrison Crawford,"Maidenhead,England,United Kingdom",North,Home Office,3/1/2015,Economy Plus,
AZ-2013-3667300,2/26/2015,Naomi Hancock,"Bordeaux,Aquitaine-Limousin-Poitou-Charentes,France",Central,Corporate,3/2/2015,Economy,
AZ-2013-2495842,2/26/2015,Nathan Niland,"Duisburg,North Rhine-Westphalia,Germany",Central,Consumer,3/1/2015,Economy Plus,
BN-2013-1628008,2/26/2015,Kai Leonard,"Amadora,Lisboa,Portugal",South,Corporate,3/2/2015,Economy,
AZ-2013-8614135,2/27/2015,Georgina Arnold,"Troisdorf,North Rhine-Westphalia,Germany",Central,Corporate,3/5/2015,Economy,
AZ-2013-5023304,2/27/2015,Maddison Newman,"Madrid,Madrid,Spain",South,Corporate,2/27/2015,Immediate,Critical
BN-2013-7504800,2/27/2015,Blake Lymburner,"Bagneux,Ile-de-France,France",Central,Consumer,3/3/2015,Economy,
AZ-2013-9761394,2/28/2015,George Dawson,"Edinburgh,Scotland,United Kingdom",North,Home Office,3/2/2015,Economy Plus,
AZ-2013-8158326,2/28/2015,Stephanie Ewen,"Exeter,England,United Kingdom",North,Consumer,3/5/2015,Economy,
BN-2013-8024782,2/28/2015,Kai Bolden,"Nice,Provence-Alpes-Côte d'Azur,France",Central,Consumer,3/2/2015,Economy Plus,
AZ-2013-1509081,3/1/2015,Riley Howells,"Santander,Cantabria,Spain",South,Consumer,3/2/2015,Priority,Critical
AZ-2013-3863768,3/1/2015,Sebastian McClelland,"Le Mans,Pays de la Loire,France",Central,Consumer,3/1/2015,Immediate,Critical
AZ-2013-3430567,3/1/2015,Piper Wilder-Neligan,"Solihull,England,United Kingdom",North,Consumer,3/5/2015,Economy,
AZ-2013-6487412,3/2/2015,Andy Henderson,"Karlsruhe,Baden-Württemberg,Germany",Central,Home Office,3/5/2015,Priority,Critical
AZ-2013-1611944,3/2/2015,Ngoc Orozco,"Fano,Marche,Italy",South,Home Office,3/9/2015,Economy,
AZ-2013-1069052,3/2/2015,Katherine Grant,"Auch,Languedoc-Roussillon-Midi-Pyrénées,France",Central,Consumer,3/8/2015,Economy,
BN-2013-3817334,3/2/2015,Angus Reading,"Stockholm,Stockholm,Sweden",North,Corporate,3/8/2015,Economy,
AZ-2013-5105869,3/3/2015,Abby Mei,"Colmar,Alsace-Champagne-Ardenne-Lorraine,France",Central,Corporate,3/7/2015,Economy,
AZ-2013-3893107,3/4/2015,Jose Gambino,"Vienna,Vienna,Austria",Central,Corporate,3/8/2015,Economy Plus,
AZ-2013-4821824,3/5/2015,Jasmine Slater,"Essen,North Rhine-Westphalia,Germany",Central,Corporate,3/7/2015,Economy Plus,
AZ-2013-3863359,3/5/2015,Adam Peacock,"Aachen,North Rhine-Westphalia,Germany",Central,Corporate,3/9/2015,Economy,
AZ-2013-5608850,3/6/2015,Edward Dolling,"Helsinki,Uusimaa,Finland",North,Consumer,3/9/2015,Priority,Critical
AZ-2013-2208942,3/7/2015,Darcy Farnell,"Harrow,England,United Kingdom",North,Consumer,3/9/2015,Priority,Critical
BN-2013-1667330,3/8/2015,Christy Wiley,"Eindhoven,North Brabant,Netherlands",Central,Consumer,3/12/2015,Economy,
AZ-2013-6996461,3/9/2015,Ben Hogben,"Saint-Herblain,Pays de la Loire,France",Central,Corporate,3/13/2015,Economy,
AZ-2013-2183455,3/9/2015,Patrick Townson,"Gronau,North Rhine-Westphalia,Germany",Central,Home Office,3/11/2015,Economy Plus,
AZ-2013-6397384,3/9/2015,Andy Henderson,"Vienna,Vienna,Austria",Central,Home Office,3/9/2015,Immediate,Critical
AZ-2013-6940271,3/9/2015,Madeleine Nixon,"Essen,North Rhine-Westphalia,Germany",Central,Home Office,3/13/2015,Economy,
BN-2013-6076814,3/9/2015,Sandra Cook,"Berlin,Berlin,Germany",Central,Consumer,3/15/2015,Economy,
AZ-2013-1201319,3/12/2015,Nicholas Watkins,"Vienna,Vienna,Austria",Central,Consumer,3/17/2015,Economy,
AZ-2013-2520364,3/12/2015,Thomas Stephens,"Gap,Provence-Alpes-Côte d'Azur,France",Central,Corporate,3/17/2015,Economy Plus,
AZ-2013-6183713,3/12/2015,Xavier Martindale,"Derby,England,United Kingdom",North,Consumer,3/12/2015,Immediate,Critical
AZ-2013-3174742,3/12/2015,Ralph Holmes,"Catania,Sicily,Italy",South,Consumer,3/16/2015,Economy,
AZ-2013-6528182,3/12/2015,Dylan O'Halloran,"Bury,England,United Kingdom",North,Home Office,3/15/2015,Economy Plus,
AZ-2013-7969645,3/13/2015,Isabel Turnbull,"York,England,United Kingdom",North,Home Office,3/16/2015,Economy Plus,
AZ-2013-3364544,3/13/2015,James Bruns,"Essen,North Rhine-Westphalia,Germany",Central,Consumer,3/20/2015,Economy,
AZ-2013-8831397,3/13/2015,Julian Mack,"Freiburg,Baden-Württemberg,Germany",Central,Consumer,3/17/2015,Economy,
AZ-2013-7095053,3/14/2015,Nancy Fike,"Wolverhampton,England,United Kingdom",North,Consumer,3/16/2015,Priority,Critical
AZ-2013-695660,3/14/2015,Eleanor Doyle,"Poole,England,United Kingdom",North,Consumer,3/18/2015,Economy,
AZ-2013-3020198,3/14/2015,Madeleine Nixon,"Vienna,Vienna,Austria",Central,Home Office,3/18/2015,Economy,
AZ-2013-2133544,3/14/2015,Abigail Humffray,"Northampton,England,United Kingdom",North,Consumer,3/16/2015,Priority,Critical
BN-2013-6506387,3/14/2015,Katie Evenden,"Amsterdam,North Holland,Netherlands",Central,Corporate,3/16/2015,Priority,Critical
BN-2013-2545155,3/14/2015,Paige Bibi,"Bergen op Zoom,North Brabant,Netherlands",Central,Home Office,3/14/2015,Immediate,Critical
AZ-2013-6808078,3/15/2015,Ruby Blomfield,"Dortmund,North Rhine-Westphalia,Germany",Central,Consumer,3/19/2015,Economy,
AZ-2013-6813674,3/16/2015,Eva Arnold,"Tourcoing,Nord-Pas-de-Calais-Picardie,France",Central,Consumer,3/20/2015,Economy,
AZ-2013-2961520,3/16/2015,Kai Leonard,"Pessac,Aquitaine-Limousin-Poitou-Charentes,France",Central,Corporate,3/22/2015,Economy,
AZ-2013-701408,3/16/2015,Michael Myers,"Colomiers,Languedoc-Roussillon-Midi-Pyrénées,France",Central,Home Office,3/20/2015,Economy,
AZ-2013-6396086,3/19/2015,Debbie Fisk,"Terneuzen,Zeeland,Netherlands",Central,Corporate,3/25/2015,Economy,
AZ-2013-5523176,3/20/2015,Kai Bolden,"Marseille,Provence-Alpes-Côte d'Azur,France",Central,Consumer,3/23/2015,Priority,Critical
AZ-2013-7436115,3/20/2015,Caleb Kenyon,"Manchester,England,United Kingdom",North,Corporate,3/23/2015,Economy Plus,
BN-2013-9063982,3/20/2015,Aidan Rowe,"Saint-Chamond,Auvergne-Rhône-Alpes,France",Central,Consumer,3/20/2015,Immediate,Critical
AZ-2013-739088,3/21/2015,Sherron Henegar,"Mainz,Rhineland-Palatinate,Germany",Central,Consumer,3/25/2015,Economy,
AZ-2013-5073437,3/21/2015,Gail Thompson,"Preston,England,United Kingdom",North,Consumer,3/24/2015,Economy Plus,
BN-2013-5895980,3/21/2015,Louie Knight,"Enschede,Overijssel,Netherlands",Central,Consumer,3/26/2015,Economy,
AZ-2013-3932419,3/22/2015,Koby Tompson,"Santander,Cantabria,Spain",South,Consumer,3/24/2015,Economy Plus,
BN-2013-2819464,3/22/2015,Georgina Garner,"Amsterdam,North Holland,Netherlands",Central,Consumer,3/27/2015,Economy,
AZ-2013-5301582,3/23/2015,Leo Bannister,"Veenendaal,Utrecht,Netherlands",Central,Home Office,3/28/2015,Economy,
AZ-2013-9611226,3/23/2015,Charles Builder,"Hamburg,Hamburg,Germany",Central,Consumer,3/27/2015,Economy,
AZ-2013-9061739,3/23/2015,Brandon Preston,"Nuremberg,Bavaria,Germany",Central,Consumer,3/28/2015,Economy,
AZ-2013-7902577,3/24/2015,Dominic Scott,"Frankfurt,Hesse,Germany",Central,Consumer,3/30/2015,Economy,
AZ-2013-7190502,3/26/2015,Spencer Calvert,"Madrid,Madrid,Spain",South,Corporate,3/30/2015,Economy,
AZ-2013-1389510,3/26/2015,Madison Rowley,"Versailles,Ile-de-France,France",Central,Consumer,4/2/2015,Economy,
AZ-2013-4778996,3/27/2015,Gemma Sharp,"Leverkusen,North Rhine-Westphalia,Germany",Central,Corporate,4/1/2015,Economy Plus,
AZ-2013-7764209,3/27/2015,Bailey Morris,"Palermo,Sicily,Italy",South,Consumer,4/1/2015,Economy,
AZ-2013-6242491,3/27/2015,Chelsea Bannister,"Antwerp,Antwerp,Belgium",Central,Consumer,3/31/2015,Economy Plus,
AZ-2013-674584,3/29/2015,Alexis Code,"Valencia,Valenciana,Spain",South,Corporate,4/3/2015,Economy,
AZ-2013-7442284,3/29/2015,Isabelle Radcliffe,"Six-Fours-les-Plages,Provence-Alpes-Côte d'Azur,France",Central,Corporate,4/3/2015,Economy Plus,
AZ-2013-9347181,3/29/2015,Lloyd Barnes,"Trapani,Sicily,Italy",South,Corporate,3/31/2015,Economy Plus,
AZ-2013-9900662,3/30/2015,Rachel Norton,"Castelnau-le-Lez,Languedoc-Roussillon-Midi-Pyrénées,France",Central,Corporate,4/2/2015,Economy Plus,
AZ-2013-9616659,3/30/2015,Lisa Boyette,"Edinburgh,Scotland,United Kingdom",North,Corporate,4/1/2015,Economy Plus,
BN-2013-8281776,3/30/2015,Katie Evenden,"Parma,Emilia-Romagna,Italy",South,Corporate,4/4/2015,Economy,
AZ-2013-1032687,3/31/2015,Rory Jess,"Vienna,Vienna,Austria",Central,Home Office,4/2/2015,Priority,Critical
BN-2013-7300795,4/1/2015,Oscar Clayton,"Valencia,Valenciana,Spain",South,Consumer,4/6/2015,Economy Plus,
AZ-2013-5316268,4/3/2015,Isaac David,"Castelldefels,Catalonia,Spain",South,Corporate,4/4/2015,Priority,Critical
AZ-2013-1437860,4/3/2015,Ella Harrhy,"Ermont,Ile-de-France,France",Central,Corporate,4/8/2015,Economy,
AZ-2013-2184439,4/3/2015,Kayla Tearle,"Nancy,Alsace-Champagne-Ardenne-Lorraine,France",Central,Corporate,4/6/2015,Priority,Critical
AZ-2013-8362803,4/3/2015,Ryan Greenwood,"Barcelona,Catalonia,Spain",South,Consumer,4/8/2015,Economy,
AZ-2013-487438,4/3/2015,Mason Adams,"Monza,Lombardy,Italy",South,Consumer,4/8/2015,Economy,
AZ-2013-7283471,4/3/2015,Ali Mander-Jones,"Salzburg,Salzburg,Austria",Central,Home Office,4/8/2015,Economy,
BN-2013-4615508,4/3/2015,Lola Hughes,"Gradignan,Aquitaine-Limousin-Poitou-Charentes,France",Central,Consumer,4/8/2015,Economy Plus,
AZ-2013-6246292,4/4/2015,Carol Evans,"Girona,Catalonia,Spain",South,Consumer,4/6/2015,Economy Plus,
AZ-2013-2162225,4/4/2015,Walter Aguilar,"Ingolstadt,Bavaria,Germany",Central,Consumer,4/4/2015,Immediate,Critical
AZ-2013-755831,4/5/2015,Luca Varley,"Thionville,Alsace-Champagne-Ardenne-Lorraine,France",Central,Corporate,4/8/2015,Priority,Critical
AZ-2013-7074618,4/5/2015,Aaron Davey,"Berlin,Berlin,Germany",Central,Consumer,4/12/2015,Economy,
BN-2013-1199196,4/5/2015,Georgia Bermingham,"Dublin,Dublin,Ireland",North,Home Office,4/7/2015,Priority,Critical
AZ-2013-8360642,4/6/2015,Kyle Nash,"Clamart,Ile-de-France,France",Central,Consumer,4/9/2015,Priority,Critical
AZ-2013-6948264,4/6/2015,Madelyn Anderson,"Bari,Apulia,Italy",South,Corporate,4/10/2015,Economy,
BN-2013-889802,4/6/2015,Francesca Bowen,"Stockholm,Stockholm,Sweden",North,Consumer,4/12/2015,Economy,
AZ-2013-8383284,4/7/2015,Robert Duffy,"Grenoble,Auvergne-Rhône-Alpes,France",Central,Home Office,4/7/2015,Immediate,Critical
AZ-2013-4737507,4/8/2015,Jade Howe,"Reggio nell'Emilia,Emilia-Romagna,Italy",South,Corporate,4/10/2015,Economy Plus,
AZ-2013-2474005,4/9/2015,Kayla Ronald,"Taranto,Apulia,Italy",South,Corporate,4/14/2015,Economy,
AZ-2013-4689502,4/9/2015,Tyson Jonathan,"Munich,Bavaria,Germany",Central,Consumer,4/13/2015,Economy,
AZ-2013-3142223,4/9/2015,Leah Derham,"Vienna,Vienna,Austria",Central,Consumer,4/13/2015,Economy,
AZ-2013-8139243,4/9/2015,Casey Beckett,"Charleroi,Hainaut,Belgium",Central,Home Office,4/11/2015,Economy Plus,
AZ-2013-1725990,4/10/2015,Daisy Summers,"Madrid,Madrid,Spain",South,Corporate,4/16/2015,Economy,
BN-2013-9520844,4/10/2015,Oscar Noble,"Paris,Ile-de-France,France",Central,Consumer,4/16/2015,Economy,
AZ-2013-9033222,4/11/2015,Jasmine Slater,"Marseille,Provence-Alpes-Côte d'Azur,France",Central,Corporate,4/18/2015,Economy,
AZ-2013-1917836,4/12/2015,Benjamin Knaggs,"Morley,England,United Kingdom",North,Home Office,4/16/2015,Economy,
AZ-2013-5458783,4/12/2015,Libby Thompson,"Helsingborg,Skåne,Sweden",North,Consumer,4/14/2015,Economy Plus,
AZ-2013-2927479,4/12/2015,Hannah Conyers,"Draguignan,Provence-Alpes-Côte d'Azur,France",Central,Home Office,4/14/2015,Priority,Critical
BN-2013-7163306,4/12/2015,Lola Dale,"Bergen,Hordaland,Norway",North,Consumer,4/13/2015,Priority,Critical
AZ-2013-8161791,4/14/2015,Lucas Breillat,"Beauvais,Nord-Pas-de-Calais-Picardie,France",Central,Home Office,4/16/2015,Economy Plus,
AZ-2013-1211955,4/16/2015,Abby Mei,"Mougins,Provence-Alpes-Côte d'Azur,France",Central,Corporate,4/18/2015,Economy Plus,
AZ-2013-5111226,4/16/2015,Demi Hodgson,"Glasgow,Scotland,United Kingdom",North,Consumer,4/21/2015,Economy,
AZ-2013-6636163,4/16/2015,Jessica Paramor,"Bressuire,Aquitaine-Limousin-Poitou-Charentes,France",Central,Corporate,4/21/2015,Economy,
BN-2013-746561,4/16/2015,Cynthia Zielinski,"Leeuwarden,Friesland,Netherlands",Central,Home Office,4/21/2015,Economy,
BN-2013-528810,4/16/2015,Thomas Shepherd,"Deventer,Overijssel,Netherlands",Central,Corporate,4/21/2015,Economy Plus,
AZ-2013-2312887,4/17/2015,Katie Thom,"Lille,Nord-Pas-de-Calais-Picardie,France",Central,Corporate,4/24/2015,Economy,
AZ-2013-2794023,4/17/2015,Edward Davidson,"Zeist,Utrecht,Netherlands",Central,Home Office,4/20/2015,Priority,Critical
AZ-2013-9280620,4/17/2015,Matthew Barker,"Turku,Finland Proper,Finland",North,Consumer,4/19/2015,Economy Plus,
AZ-2013-8838636,4/19/2015,Jessica Spring,"Troisdorf,North Rhine-Westphalia,Germany",Central,Consumer,4/24/2015,Economy,
AZ-2013-4001460,4/20/2015,Rachel Tyler,"Hagen,North Rhine-Westphalia,Germany",Central,Corporate,4/23/2015,Priority,Critical
AZ-2013-4309368,4/21/2015,Georgia Bermingham,"Tournefeuille,Languedoc-Roussillon-Midi-Pyrénées,France",Central,Home Office,4/21/2015,Immediate,Critical
AZ-2013-6122877,4/21/2015,Mark Washington,"East Kilbride,Scotland,United Kingdom",North,Home Office,4/27/2015,Economy,
AZ-2013-5683679,4/23/2015,Robert Quick,"Athis-Mons,Ile-de-France,France",Central,Consumer,4/27/2015,Economy,
BN-2013-5107486,4/24/2015,Britney Basaldua,"The Hague,South Holland,Netherlands",Central,Corporate,5/1/2015,Economy,
AZ-2013-9842904,4/25/2015,Ricky Cullen,"Helsinki,Uusimaa,Finland",North,Consumer,4/29/2015,Economy,
AZ-2013-9877941,4/26/2015,Victoria Burke,"Rome,Lazio,Italy",South,Corporate,5/3/2015,Economy,
AZ-2013-4301182,4/26/2015,Liam Mathias,"Berlin,Berlin,Germany",Central,Corporate,4/28/2015,Economy Plus,
AZ-2013-1368588,4/26/2015,Luz Reilly,"Cachan,Ile-de-France,France",Central,Consumer,5/1/2015,Economy Plus,
AZ-2013-4721173,4/27/2015,Oscar Noble,"Cagnes-sur-Mer,Provence-Alpes-Côte d'Azur,France",Central,Consumer,5/1/2015,Economy,
AZ-2013-2111438,4/28/2015,Lauren Hobbs,"Civitavecchia,Lazio,Italy",South,Consumer,5/3/2015,Economy,
AZ-2013-7006260,4/30/2015,Poppy Gunn,"Boscoreale,Campania,Italy",South,Consumer,5/2/2015,Priority,Critical
AZ-2013-1376512,4/30/2015,Peggy Hua,"Brescia,Lombardy,Italy",South,Corporate,4/30/2015,Immediate,Critical
AZ-2013-8624401,4/30/2015,Jacob Carter,"Berlin,Berlin,Germany",Central,Consumer,5/1/2015,Priority,Critical
AZ-2013-3963100,5/1/2015,Alannah Langridge,"Marseille,Provence-Alpes-Côte d'Azur,France",Central,Consumer,5/5/2015,Economy,
AZ-2013-2036266,5/1/2015,Michael Kim,"Swansea,Wales,United Kingdom",North,Consumer,5/7/2015,Economy,
AZ-2013-5643375,5/1/2015,Anna Macdonald,"Arles,Provence-Alpes-Côte d'Azur,France",Central,Consumer,5/4/2015,Economy Plus,
AZ-2013-6800443,5/1/2015,Jason Martinez,"Bondy,Ile-de-France,France",Central,Corporate,5/4/2015,Priority,Critical
AZ-2013-9151069,5/2/2015,John Basser,"York,England,United Kingdom",North,Corporate,5/6/2015,Economy,
AZ-2013-8445790,5/2/2015,Samuel Thomas,"Marina di Carrara,Tuscany,Italy",South,Consumer,5/6/2015,Economy,
BN-2013-1977946,5/2/2015,Angus Ibsch,"Amsterdam,North Holland,Netherlands",Central,Consumer,5/4/2015,Economy Plus,
BN-2013-6927088,5/3/2015,Jasmine Hanson,"Gennevilliers,Ile-de-France,France",Central,Consumer,5/7/2015,Economy,
BN-2013-3731561,5/3/2015,Amelie North,"London,England,United Kingdom",North,Corporate,5/6/2015,Priority,Critical
AZ-2013-8712003,5/4/2015,Angus Blacklock,"Plymouth,England,United Kingdom",North,Home Office,5/8/2015,Economy,
AZ-2013-6302764,5/4/2015,Ronald Everson,"Mainz,Rhineland-Palatinate,Germany",Central,Corporate,5/8/2015,Economy,
AZ-2013-587420,5/4/2015,Hollie Norris,"Hagen,North Rhine-Westphalia,Germany",Central,Consumer,5/4/2015,Immediate,Critical
AZ-2013-7342591,5/7/2015,Rebecca Chamberlain,"Ancona,Marche,Italy",South,Home Office,5/10/2015,Priority,Critical
AZ-2013-9502186,5/7/2015,Logan Allan,"Cluses,Auvergne-Rhône-Alpes,France",Central,Corporate,5/10/2015,Economy Plus,
AZ-2013-7903596,5/7/2015,Lisa Watkins,"Huelva,Andalusía,Spain",South,Consumer,5/9/2015,Priority,Critical
AZ-2013-9717790,5/7/2015,Isabella Cleary,"Vienna,Vienna,Austria",Central,Home Office,5/12/2015,Economy,
AZ-2013-989352,5/8/2015,Elise Ali,"Hagen,North Rhine-Westphalia,Germany",Central,Home Office,5/8/2015,Immediate,Critical
AZ-2013-5833673,5/8/2015,Andy Henderson,"Arnsberg,North Rhine-Westphalia,Germany",Central,Home Office,5/12/2015,Economy,
AZ-2013-5306742,5/9/2015,Katie Evenden,"Le Pontet,Provence-Alpes-Côte d'Azur,France",Central,Corporate,5/15/2015,Economy,
AZ-2013-7317179,5/9/2015,Benjamin Humphries,"Lucerne,Lucerne,Switzerland",Central,Consumer,5/14/2015,Economy,
AZ-2013-7570613,5/10/2015,Spencer Hull,"Offenburg,Baden-Württemberg,Germany",Central,Consumer,5/12/2015,Economy Plus,
AZ-2013-5539829,5/10/2015,Jessica Paramor,"Courbevoie,Ile-de-France,France",Central,Corporate,5/10/2015,Immediate,Critical
AZ-2013-5029769,5/11/2015,Alice Black,"Albertville,Auvergne-Rhône-Alpes,France",Central,Home Office,5/14/2015,Priority,Critical
BN-2013-1382907,5/12/2015,Sophie Franklin,"The Hague,South Holland,Netherlands",Central,Corporate,5/16/2015,Economy,
AZ-2013-6450064,5/13/2015,Anna Leal,"Solingen,North Rhine-Westphalia,Germany",Central,Consumer,5/17/2015,Economy,
BN-2013-6544742,5/13/2015,Callum Hagai,"Dordrecht,South Holland,Netherlands",Central,Home Office,5/18/2015,Economy Plus,
AZ-2013-1668042,5/14/2015,Lilian Rodgers,"Reading,England,United Kingdom",North,Consumer,5/19/2015,Economy,
AZ-2013-9861986,5/14/2015,Dominic Joyce,"Hartlepool,England,United Kingdom",North,Corporate,5/17/2015,Priority,Critical
AZ-2013-1900588,5/15/2015,Angie Massengill,"Glasgow,Scotland,United Kingdom",North,Consumer,5/22/2015,Economy,
AZ-2013-5054484,5/15/2015,Isaac David,"Vernon,Normandy,France",Central,Corporate,5/17/2015,Economy Plus,
BN-2013-2157928,5/15/2015,Brandon Kirby,"Bologna,Emilia-Romagna,Italy",South,Home Office,5/19/2015,Economy,
AZ-2013-3680670,5/16/2015,Jasmine Hanson,"Milan,Lombardy,Italy",South,Consumer,5/21/2015,Economy,
AZ-2013-9730235,5/16/2015,Bianca Whitford,"Dortmund,North Rhine-Westphalia,Germany",Central,Corporate,5/20/2015,Economy,
AZ-2013-3949241,5/16/2015,Isabella Cleary,"Toulouse,Languedoc-Roussillon-Midi-Pyrénées,France",Central,Home Office,5/22/2015,Economy,
AZ-2013-2266465,5/17/2015,Xavier Burford,"Barnsley,England,United Kingdom",North,Corporate,5/22/2015,Economy,
AZ-2013-6417949,5/17/2015,Nicole Carr,"Bremen,Bremen,Germany",Central,Consumer,5/21/2015,Economy Plus,
AZ-2013-1527554,5/17/2015,Tyson Hanna,"Forst,Brandenburg,Germany",Central,Consumer,5/21/2015,Economy,
AZ-2013-9144577,5/17/2015,Cerys Edwards,"Bergisch Gladbach,North Rhine-Westphalia,Germany",Central,Consumer,5/20/2015,Priority,Critical
BN-2013-8197561,5/17/2015,Marcus Leon,"Aubervilliers,Ile-de-France,France",Central,Corporate,5/23/2015,Economy,
AZ-2013-4462556,5/18/2015,Alannah Callaway,"Nice,Provence-Alpes-Côte d'Azur,France",Central,Consumer,5/25/2015,Economy,
AZ-2013-4238968,5/18/2015,Ruby Blomfield,"Lund,Skåne,Sweden",North,Consumer,5/23/2015,Economy,
BN-2013-2516957,5/18/2015,Rachel Morton,"Madrid,Madrid,Spain",South,Corporate,5/23/2015,Economy Plus,
BN-2013-5457641,5/18/2015,Daniel Howells,"Tilburg,North Brabant,Netherlands",Central,Corporate,5/25/2015,Economy,
AZ-2013-219349,5/19/2015,Samuel Hardey,"Namur,Namur,Belgium",Central,Home Office,5/24/2015,Economy,
AZ-2013-2204444,5/19/2015,Kai Bolden,"Messina,Sicily,Italy",South,Consumer,5/25/2015,Economy,
AZ-2013-2437220,5/19/2015,Mary Saterfiel,"Northampton,England,United Kingdom",North,Consumer,5/22/2015,Economy Plus,
AZ-2013-1244068,5/19/2015,Mohammed Arnold,"Oslo,Oslo,Norway",North,Consumer,5/20/2015,Priority,Critical
AZ-2013-6937323,5/22/2015,Anna Leal,"Florence,Tuscany,Italy",South,Consumer,5/26/2015,Economy,
AZ-2013-8231031,5/23/2015,Lydia Webster,"Milan,Lombardy,Italy",South,Consumer,5/28/2015,Economy,
BN-2013-7528066,5/23/2015,Gerald Galvan,"Bordeaux,Aquitaine-Limousin-Poitou-Charentes,France",Central,Corporate,5/27/2015,Economy,
AZ-2013-4962412,5/24/2015,Nicholas Watkins,"Hanover,Lower Saxony,Germany",Central,Consumer,5/29/2015,Economy,
AZ-2013-40070,5/25/2015,Edward Zwar,"Wuppertal,North Rhine-Westphalia,Germany",Central,Consumer,5/27/2015,Priority,Critical
AZ-2013-9496816,5/25/2015,Makayla Elphinstone,"Rochdale,England,United Kingdom",North,Consumer,5/31/2015,Economy,
BN-2013-6206755,5/25/2015,Joshua Andrews,"London,England,United Kingdom",North,Home Office,6/1/2015,Economy,
AZ-2013-9718437,5/26/2015,Victoria Bell,"Bagneux,Ile-de-France,France",Central,Home Office,6/1/2015,Economy,
AZ-2013-5987890,5/28/2015,Madison Chadwick,"Cardiff,Wales,United Kingdom",North,Consumer,6/1/2015,Economy Plus,
AZ-2013-5900353,5/28/2015,Lara Stoate,"Grevenbroich,North Rhine-Westphalia,Germany",Central,Corporate,6/2/2015,Economy,
AZ-2013-327406,5/29/2015,Rory Gunson,"Leipzig,Saxony,Germany",Central,Consumer,6/2/2015,Economy,
AZ-2013-5109758,5/29/2015,Ebony Northcott,"Eastbourne,England,United Kingdom",North,Consumer,6/2/2015,Economy Plus,
AZ-2013-4525210,5/29/2015,Abbie Perry,"Milan,Lombardy,Italy",South,Consumer,6/1/2015,Economy Plus,
AZ-2013-3145442,5/29/2015,Jared Wurster,"Faenza,Emilia-Romagna,Italy",South,Consumer,6/2/2015,Economy,
BN-2013-4461629,5/29/2015,Jeremy Pilcher,"Stockholm,Stockholm,Sweden",North,Corporate,5/29/2015,Immediate,Critical
AZ-2013-6437122,5/30/2015,Matthew Gill,"Pontault-Combault,Ile-de-France,France",Central,Home Office,6/3/2015,Economy,
BN-2013-893797,5/30/2015,Spencer Akhtar,"Amersfoort,Utrecht,Netherlands",Central,Consumer,6/6/2015,Economy,
AZ-2013-6514734,5/31/2015,Ashton Morey,"Lyon,Auvergne-Rhône-Alpes,France",Central,Consumer,6/6/2015,Economy,
AZ-2013-267160,5/31/2015,Owen Howell,"Offenburg,Baden-Württemberg,Germany",Central,Home Office,6/3/2015,Priority,Critical
AZ-2013-7607694,5/31/2015,Beverly Brooks,"Barcelona,Catalonia,Spain",South,Consumer,6/3/2015,Economy Plus,
AZ-2013-2169586,5/31/2015,Brodie Hart,"Vienna,Vienna,Austria",Central,Home Office,6/6/2015,Economy,
AZ-2013-6538,5/31/2015,Isabella Cleary,"Menton,Provence-Alpes-Côte d'Azur,France",Central,Home Office,6/5/2015,Economy,
BN-2013-2967589,5/31/2015,Ashton Morey,"Trier,Rhineland-Palatinate,Germany",Central,Consumer,6/5/2015,Economy,
AZ-2013-4243411,6/1/2015,Leah Norman,"Albacete,Castile-La Mancha,Spain",South,Corporate,6/5/2015,Economy,
BN-2013-7163179,6/1/2015,Harvey Drozd,"Copenhagen,Hovedstaden,Denmark",North,Consumer,6/7/2015,Economy,
AZ-2013-6362222,6/2/2015,Leah Norman,"London,England,United Kingdom",North,Corporate,6/8/2015,Economy,
BN-2013-804810,6/2/2015,William Horton,"Porto,Porto,Portugal",South,Consumer,6/6/2015,Economy,
AZ-2013-5013285,6/3/2015,Logan Tilley,"Hamburg,Hamburg,Germany",Central,Consumer,6/7/2015,Economy,
AZ-2013-8108569,6/3/2015,Josh Wilkinson,"Echirolles,Auvergne-Rhône-Alpes,France",Central,Corporate,6/7/2015,Economy,
AZ-2013-5098610,6/3/2015,Michael Kim,"Dortmund,North Rhine-Westphalia,Germany",Central,Consumer,6/9/2015,Economy,
AZ-2013-4345897,6/3/2015,Cerys Edwards,"Berlin,Berlin,Germany",Central,Consumer,6/6/2015,Economy Plus,
AZ-2013-5944136,6/4/2015,Lori Miller,"Cartagena,Murcia,Spain",South,Consumer,6/7/2015,Priority,Critical
AZ-2013-1203814,6/4/2015,Christopher Goold,"London,England,United Kingdom",North,Corporate,6/8/2015,Economy,
AZ-2013-8122695,6/4/2015,Michael Flores,"Milan,Lombardy,Italy",South,Corporate,6/7/2015,Economy Plus,
AZ-2013-6301171,6/4/2015,Judith Franke,"Altamura,Apulia,Italy",South,Home Office,6/10/2015,Economy,
AZ-2013-9080857,6/4/2015,Hannah Conyers,"Waterlooville,England,United Kingdom",North,Home Office,6/9/2015,Economy,
AZ-2013-9283365,6/5/2015,Max Ludwig,"Clichy-sous-Bois,Ile-de-France,France",Central,Home Office,6/9/2015,Economy,
AZ-2013-588025,6/5/2015,Georgia Bermingham,"Dorsten,North Rhine-Westphalia,Germany",Central,Home Office,6/7/2015,Economy Plus,
AZ-2013-5864378,6/5/2015,Jason Martinez,"Magdeburg,Saxony-Anhalt,Germany",Central,Corporate,6/8/2015,Priority,Critical
BN-2013-6003171,6/5/2015,Kaitlyn Dorsch,"Gothenburg,Västra Götaland,Sweden",North,Corporate,6/9/2015,Economy,
BN-2013-397330,6/5/2015,Isla Vogel,"Paris,Ile-de-France,France",Central,Home Office,6/11/2015,Economy,
BN-2013-8437019,6/5/2015,Joan Douglas,"Bergen,Hordaland,Norway",North,Corporate,6/9/2015,Economy,
BN-2013-2755077,6/5/2015,George To Rot,"Valladolid,Castile and León,Spain",South,Corporate,6/8/2015,Economy Plus,
BN-2013-5868311,6/5/2015,Bianca Crisp,"Tilburg,North Brabant,Netherlands",Central,Home Office,6/9/2015,Economy,
AZ-2013-971860,6/6/2015,Holly Black,"Hamburg,Hamburg,Germany",Central,Home Office,6/10/2015,Economy,
AZ-2013-3923092,6/6/2015,Christopher Goold,"Fano,Marche,Italy",South,Corporate,6/11/2015,Economy,
AZ-2013-9453292,6/6/2015,Poppy McWilliams,"Vienna,Vienna,Austria",Central,Corporate,6/12/2015,Economy,
BN-2013-9125930,6/6/2015,Brodie Hart,"Heerlen,Limburg,Netherlands",Central,Home Office,6/10/2015,Economy Plus,
AZ-2013-2465655,6/7/2015,Jonathan Bottrill,"Bourges,Centre-Val de Loire,France",Central,Consumer,6/11/2015,Economy,
AZ-2013-706916,6/7/2015,Scott Higgins,"Monza,Lombardy,Italy",South,Home Office,6/9/2015,Priority,Critical
BN-2013-48132,6/7/2015,Evan Allen,"Seville,Andalusía,Spain",South,Corporate,6/12/2015,Economy,
AZ-2013-3807660,6/8/2015,Holly Noble,"Turin,Piedmont,Italy",South,Consumer,6/12/2015,Economy,
AZ-2013-9231004,6/8/2015,Timothy Jimenez,"Norwich,England,United Kingdom",North,Consumer,6/11/2015,Economy Plus,
AZ-2013-4775573,6/8/2015,Indiana Wekey,"Montauban,Languedoc-Roussillon-Midi-Pyrénées,France",Central,Corporate,6/9/2015,Priority,Critical
AZ-2013-5022500,6/8/2015,Louise Walsh,"Roanne,Auvergne-Rhône-Alpes,France",Central,Consumer,6/12/2015,Economy,
AZ-2013-6415803,6/8/2015,Erin Gill,"Bordeaux,Aquitaine-Limousin-Poitou-Charentes,France",Central,Home Office,6/12/2015,Economy,
AZ-2013-7749449,6/8/2015,Anna Moreton,"Toledo,Castile-La Mancha,Spain",South,Corporate,6/14/2015,Economy,
AZ-2013-4637331,6/9/2015,Nathan Allwood,"Nice,Provence-Alpes-Côte d'Azur,France",Central,Home Office,6/13/2015,Economy,
AZ-2013-7626927,6/9/2015,Dustin Thomas,"Bayonne,Aquitaine-Limousin-Poitou-Charentes,France",Central,Consumer,6/14/2015,Economy,
BN-2013-583958,6/9/2015,Madison Chadwick,"Marseille,Provence-Alpes-Côte d'Azur,France",Central,Consumer,6/10/2015,Priority,Critical
AZ-2013-125479,6/10/2015,Jay Andrews,"Paris,Ile-de-France,France",Central,Consumer,6/16/2015,Economy,
AZ-2013-9258078,6/11/2015,Eileen Walker,"Dresden,Saxony,Germany",Central,Consumer,6/15/2015,Economy Plus,
AZ-2013-8617478,6/11/2015,Evie Flockhart,"Edinburgh,Scotland,United Kingdom",North,Consumer,6/13/2015,Economy Plus,
AZ-2013-9673280,6/11/2015,Jade Hawkins,"Carvin,Nord-Pas-de-Calais-Picardie,France",Central,Consumer,6/15/2015,Economy,
AZ-2013-8057502,6/11/2015,Robert Neil,"Manchester,England,United Kingdom",North,Consumer,6/15/2015,Economy,
AZ-2013-7994697,6/11/2015,Mike Obrien,"Rome,Lazio,Italy",South,Consumer,6/18/2015,Economy,
AZ-2013-3367178,6/11/2015,Ramona Hohl,"Madrid,Madrid,Spain",South,Consumer,6/12/2015,Priority,Critical
AZ-2013-3627184,6/11/2015,Ada Dalton,"Unna,North Rhine-Westphalia,Germany",Central,Corporate,6/18/2015,Economy,
BN-2013-9375572,6/11/2015,Melody Nelson,"Lisbon,Lisboa,Portugal",South,Corporate,6/15/2015,Economy,
AZ-2013-3156209,6/12/2015,Edward Dolling,"Barnsley,England,United Kingdom",North,Consumer,6/16/2015,Economy,
AZ-2013-699098,6/12/2015,Walter Aguilar,"Villeneuve-Saint-Georges,Ile-de-France,France",Central,Consumer,6/16/2015,Economy,
AZ-2013-360970,6/12/2015,Dylan O'Halloran,"Seville,Andalusía,Spain",South,Home Office,6/14/2015,Priority,Critical
AZ-2013-4362020,6/12/2015,Madeleine Nixon,"Toulon,Provence-Alpes-Côte d'Azur,France",Central,Home Office,6/19/2015,Economy,
AZ-2013-6711717,6/13/2015,Zoe Lowin,"Albi,Languedoc-Roussillon-Midi-Pyrénées,France",Central,Consumer,6/20/2015,Economy,
AZ-2013-3983168,6/13/2015,Corey Browne,"Utrecht,Utrecht,Netherlands",Central,Consumer,6/16/2015,Priority,Critical
AZ-2013-9907,6/13/2015,Mark Harris,"Munich,Bavaria,Germany",Central,Consumer,6/18/2015,Economy Plus,
AZ-2013-2134224,6/13/2015,Michael Kim,"Sevran,Ile-de-France,France",Central,Consumer,6/17/2015,Economy,
BN-2013-2153787,6/13/2015,Ruby Nicholls,"Huddinge,Stockholm,Sweden",North,Corporate,6/16/2015,Priority,Critical
AZ-2013-3483098,6/14/2015,Minnie Cash,"Wolverhampton,England,United Kingdom",North,Corporate,6/21/2015,Economy,
AZ-2013-6802973,6/14/2015,Tia Metcalfe,"Saint-Dizier,Alsace-Champagne-Ardenne-Lorraine,France",Central,Consumer,6/20/2015,Economy,
AZ-2013-2678161,6/14/2015,Toby Patterson,"Kettering,England,United Kingdom",North,Home Office,6/17/2015,Priority,Critical
AZ-2013-9545933,6/14/2015,Julian Mack,"Bournemouth,England,United Kingdom",North,Consumer,6/20/2015,Economy,
AZ-2013-7710840,6/14/2015,Robert Neil,"Palma de Mallorca,Balearic Islands,Spain",South,Consumer,6/17/2015,Economy Plus,
AZ-2013-9827479,6/14/2015,Dylan O'Halloran,"Antwerp,Antwerp,Belgium",Central,Home Office,6/16/2015,Priority,Critical
AZ-2013-9938365,6/14/2015,Thomas Shepherd,"Lyon,Auvergne-Rhône-Alpes,France",Central,Corporate,6/15/2015,Priority,Critical
AZ-2013-3088636,6/14/2015,Jay Andrews,"Madrid,Madrid,Spain",South,Consumer,6/14/2015,Immediate,Critical
BN-2013-441704,6/14/2015,Lorri Stratton,"Tilburg,North Brabant,Netherlands",Central,Consumer,6/20/2015,Economy,
BN-2013-6837899,6/14/2015,Lisa Casey,"Trier,Rhineland-Palatinate,Germany",Central,Corporate,6/18/2015,Economy,
AZ-2013-2709620,6/15/2015,Robert Zapata,"Frankfurt,Hesse,Germany",Central,Consumer,6/22/2015,Economy,
AZ-2013-5637964,6/15/2015,Cynthia Zielinski,"Madrid,Madrid,Spain",South,Home Office,6/22/2015,Economy,
AZ-2013-4468276,6/15/2015,Ngoc Orozco,"Trani,Apulia,Italy",South,Home Office,6/19/2015,Economy Plus,
AZ-2013-6138648,6/15/2015,Sam French,"Rennes,Brittany,France",Central,Consumer,6/21/2015,Economy,
BN-2013-7934159,6/15/2015,Casey Beckett,"Velbert,North Rhine-Westphalia,Germany",Central,Home Office,6/22/2015,Economy,
AZ-2013-6548311,6/16/2015,Zara Money,"Latina,Lazio,Italy",South,Corporate,6/21/2015,Economy Plus,
AZ-2013-1146430,6/16/2015,Kristina Moore,"London,England,United Kingdom",North,Corporate,6/23/2015,Economy,
AZ-2013-7006119,6/18/2015,Lily Tyler,"Leeds,England,United Kingdom",North,Home Office,6/21/2015,Economy Plus,
AZ-2013-8795323,6/18/2015,Mary Hough,"Potsdam,Brandenburg,Germany",Central,Home Office,6/21/2015,Economy Plus,
AZ-2013-3352012,6/18/2015,Ethan Howarth,"Vienna,Vienna,Austria",Central,Consumer,6/22/2015,Economy,
AZ-2013-6244362,6/18/2015,Stella Balcombe,"Bremen,Bremen,Germany",Central,Home Office,6/21/2015,Economy Plus,
AZ-2013-8774500,6/18/2015,Alice Currie,"Antony,Ile-de-France,France",Central,Consumer,6/20/2015,Priority,Critical
BN-2013-4285479,6/18/2015,Everett Dunbar,"Granada,Andalusía,Spain",South,Corporate,6/22/2015,Economy,
AZ-2013-343563,6/19/2015,Angus Reading,"Cesena,Emilia-Romagna,Italy",South,Corporate,6/23/2015,Economy,
AZ-2013-7431618,6/19/2015,Angus Fryar,"Sarreguemines,Alsace-Champagne-Ardenne-Lorraine,France",Central,Consumer,6/24/2015,Economy,
AZ-2013-8633659,6/19/2015,Jessie White,"Bremen,Bremen,Germany",Central,Consumer,6/21/2015,Economy Plus,
AZ-2013-8367272,6/19/2015,Anthony Stewart,"Girona,Catalonia,Spain",South,Home Office,6/24/2015,Economy,
BN-2013-5104816,6/19/2015,Jay Andrews,"Milan,Lombardy,Italy",South,Consumer,6/21/2015,Economy Plus,
AZ-2013-4874809,6/20/2015,Ella Dwyer-Gray,"Leeds,England,United Kingdom",North,Consumer,6/25/2015,Economy,
AZ-2013-5974172,6/20/2015,Jose Gambino,"Toulouse,Languedoc-Roussillon-Midi-Pyrénées,France",Central,Corporate,6/23/2015,Economy Plus,
AZ-2013-6053610,6/20/2015,Maya Pamphlett,"Tivoli,Lazio,Italy",South,Consumer,6/22/2015,Priority,Critical
AZ-2013-8131512,6/21/2015,Lauren Saunders,"Rome,Lazio,Italy",South,Consumer,6/24/2015,Priority,Critical
BN-2013-5022236,6/21/2015,Ricky Cullen,"Dublin,Dublin,Ireland",North,Consumer,6/28/2015,Economy,
AZ-2013-649774,6/22/2015,Audrey Emanuel,"Letchworth,England,United Kingdom",North,Consumer,6/28/2015,Economy,
AZ-2013-5337437,6/22/2015,Nicholas Carey,"Bologna,Emilia-Romagna,Italy",South,Consumer,6/26/2015,Economy,
AZ-2013-4627833,6/22/2015,Henry Pedder,"Edinburgh,Scotland,United Kingdom",North,Consumer,6/27/2015,Economy,
AZ-2013-2582964,6/22/2015,John Harris,"Oslo,Oslo,Norway",North,Corporate,6/26/2015,Economy,
BN-2013-9068340,6/22/2015,Jonathan Summons,"Alphen aan den Rijn,South Holland,Netherlands",Central,Consumer,6/28/2015,Economy,
BN-2013-2488199,6/23/2015,Charlie Brooks,"Saint-Nazaire,Pays de la Loire,France",Central,Consumer,6/30/2015,Economy,
AZ-2013-4520943,6/24/2015,Skye McCaffrey,"Berlin,Berlin,Germany",Central,Consumer,6/29/2015,Economy,
AZ-2013-1568579,6/24/2015,Alannah Langridge,"London,England,United Kingdom",North,Consumer,6/27/2015,Priority,Critical
BN-2013-5978762,6/24/2015,Isabella Fowler,"Alphen aan den Rijn,South Holland,Netherlands",Central,Consumer,6/29/2015,Economy,
AZ-2013-4284308,6/25/2015,Darcy St George,"Rome,Lazio,Italy",South,Corporate,7/1/2015,Economy,
AZ-2013-2526896,6/25/2015,Abby Mei,"Lucerne,Lucerne,Switzerland",Central,Corporate,7/2/2015,Economy,
AZ-2013-4878818,6/25/2015,Bettie Lang,"Cologne,North Rhine-Westphalia,Germany",Central,Consumer,7/1/2015,Economy,
BN-2013-1963418,6/25/2015,Mike Langer,"Blackpool,England,United Kingdom",North,Corporate,6/30/2015,Economy,
AZ-2013-6510557,6/26/2015,Hershel Snyder,"Rome,Lazio,Italy",South,Corporate,7/1/2015,Economy,
AZ-2013-9549607,6/26/2015,Alpha Ross,"Clichy-sous-Bois,Ile-de-France,France",Central,Corporate,6/30/2015,Economy,
AZ-2013-183270,6/26/2015,Chloe O'Dea,"Helsinki,Uusimaa,Finland",North,Consumer,6/26/2015,Immediate,Critical
AZ-2013-4330374,6/27/2015,Summer Hayward,"Turin,Piedmont,Italy",South,Consumer,7/2/2015,Economy,
AZ-2013-9485550,6/27/2015,Dominic Elliott,"Reading,England,United Kingdom",North,Consumer,6/27/2015,Immediate,Critical
AZ-2013-9591675,6/27/2015,Georgia Blackburn,"Leipzig,Saxony,Germany",Central,Corporate,7/2/2015,Economy Plus,
BN-2013-8532201,6/27/2015,Bethany Child,"Prato,Tuscany,Italy",South,Consumer,7/2/2015,Economy Plus,
AZ-2013-866971,6/28/2015,Eloise Sykes,"Madrid,Madrid,Spain",South,Consumer,6/28/2015,Immediate,Critical
AZ-2013-5532307,6/28/2015,Kelly Long,"Chartres,Centre-Val de Loire,France",Central,Corporate,7/2/2015,Economy,
AZ-2013-906289,6/28/2015,Lewis Greenwood,"Walsall,England,United Kingdom",North,Consumer,7/3/2015,Economy,
AZ-2013-3893358,6/28/2015,Rebecca Cook,"Florence,Tuscany,Italy",South,Corporate,7/2/2015,Economy,
BN-2013-9131358,6/28/2015,Ebony Northcott,"Milan,Lombardy,Italy",South,Consumer,6/29/2015,Priority,Critical
BN-2013-9871283,6/28/2015,Geraldine Mizelle,"Aix-en-Provence,Provence-Alpes-Côte d'Azur,France",Central,Corporate,7/3/2015,Economy Plus,
AZ-2013-5932628,6/29/2015,Patrick Atkinson,"Klagenfurt,Carinthia,Austria",Central,Home Office,7/5/2015,Economy,
AZ-2013-5248239,6/29/2015,Darcy St George,"Swansea,Wales,United Kingdom",North,Corporate,7/5/2015,Economy,
BN-2013-2045874,6/29/2015,Jack Brier,"Boulogne-Billancourt,Ile-de-France,France",Central,Consumer,6/29/2015,Immediate,Critical
BN-2013-6886875,6/29/2015,Xavier Burford,"Birmingham,England,United Kingdom",North,Corporate,7/1/2015,Priority,Critical
AZ-2013-5548332,6/30/2015,Michael Myers,"Madrid,Madrid,Spain",South,Home Office,7/5/2015,Economy,
AZ-2013-9510969,6/30/2015,Charlotte Savage,"Bonn,North Rhine-Westphalia,Germany",Central,Consumer,7/4/2015,Economy,
BN-2013-6154570,6/30/2015,Michael Kim,"Reutlingen,Baden-Württemberg,Germany",Central,Consumer,7/4/2015,Economy,
AZ-2013-8493783,7/2/2015,Maya Pamphlett,"Ludwigshafen am Rhein,Rhineland-Palatinate,Germany",Central,Consumer,7/8/2015,Economy,
AZ-2013-9746580,7/3/2015,Julian Mack,"Leipzig,Saxony,Germany",Central,Consumer,7/10/2015,Economy,
AZ-2013-7137093,7/3/2015,Daisy Summers,"London,England,United Kingdom",North,Corporate,7/8/2015,Economy,
AZ-2013-2914891,7/3/2015,John Basser,"Florence,Tuscany,Italy",South,Corporate,7/5/2015,Priority,Critical
AZ-2013-2857120,7/4/2015,Kimberly Boyd,"Bayonne,Aquitaine-Limousin-Poitou-Charentes,France",Central,Corporate,7/8/2015,Economy,
AZ-2013-1483452,7/4/2015,Ethan Williams,"Vienna,Vienna,Austria",Central,Corporate,7/6/2015,Priority,Critical
AZ-2013-6875037,7/4/2015,Karon Shah,"Madrid,Madrid,Spain",South,Corporate,7/9/2015,Economy,
AZ-2013-2185600,7/5/2015,Robert Duffy,"Barcelona,Catalonia,Spain",South,Home Office,7/8/2015,Economy Plus,
AZ-2013-8277414,7/5/2015,Debbie Fisk,"Carrara,Tuscany,Italy",South,Corporate,7/10/2015,Economy,
AZ-2013-9188283,7/7/2015,Larry Lambert,"Wiesbaden,Hesse,Germany",Central,Consumer,7/11/2015,Economy,
AZ-2013-7300382,7/7/2015,Robert Ramsey,"Turin,Piedmont,Italy",South,Consumer,7/10/2015,Economy Plus,
BN-2013-9881069,7/7/2015,Christopher Goold,"Berlin,Berlin,Germany",Central,Corporate,7/12/2015,Economy,
AZ-2013-8689698,7/9/2015,Charlie Wells,"Marseille,Provence-Alpes-Côte d'Azur,France",Central,Home Office,7/11/2015,Economy Plus,
AZ-2013-9221465,7/9/2015,Audrey Knowles,"Rome,Lazio,Italy",South,Consumer,7/11/2015,Economy Plus,
AZ-2013-8064261,7/9/2015,Angie Massengill,"Bologna,Emilia-Romagna,Italy",South,Consumer,7/12/2015,Priority,Critical
AZ-2013-7036951,7/10/2015,Anna Church,"Pontevedra,Galicia,Spain",South,Consumer,7/14/2015,Economy,
BN-2013-80695,7/10/2015,Samantha Reynell,"Grevenbroich,North Rhine-Westphalia,Germany",Central,Home Office,7/15/2015,Economy Plus,
AZ-2013-576501,7/11/2015,Ashley Baldwinson,"Bremen,Bremen,Germany",Central,Corporate,7/13/2015,Priority,Critical
AZ-2013-8090289,7/12/2015,Kristal McCaslin,"Massy,Ile-de-France,France",Central,Corporate,7/17/2015,Economy,
AZ-2013-6796534,7/12/2015,Mariam McMeckan,"Edinburgh,Scotland,United Kingdom",North,Corporate,7/15/2015,Priority,Critical
AZ-2013-8019814,7/12/2015,Holly Black,"Dudley,England,United Kingdom",North,Home Office,7/19/2015,Economy,
AZ-2013-7001055,7/12/2015,Tahlia Coughlan,"Vienna,Vienna,Austria",Central,Corporate,7/15/2015,Economy Plus,
BN-2013-6883995,7/12/2015,Freya Daniels,"Saumur,Pays de la Loire,France",Central,Consumer,7/16/2015,Economy,
AZ-2013-8958085,7/13/2015,Natasha Heane,"Rome,Lazio,Italy",South,Home Office,7/17/2015,Economy,
AZ-2013-5213862,7/13/2015,Sam Rees,"Paris,Ile-de-France,France",Central,Home Office,7/19/2015,Economy,
BN-2013-6854769,7/13/2015,Adam Gibbs,"Tallaght,Dublin,Ireland",North,Corporate,7/20/2015,Economy,
AZ-2013-7058808,7/14/2015,Julie Ochoa,"Irun,Basque Country,Spain",South,Corporate,7/20/2015,Economy,
AZ-2013-2963078,7/15/2015,Leah Derham,"Clamart,Ile-de-France,France",Central,Consumer,7/21/2015,Economy,
AZ-2013-6920962,7/16/2015,Paul Cleary,"Caen,Normandy,France",Central,Corporate,7/22/2015,Economy,
AZ-2013-6085287,7/16/2015,Jay Andrews,"Glasgow,Scotland,United Kingdom",North,Consumer,7/19/2015,Priority,Critical
AZ-2013-6224487,7/16/2015,Oliver Stephenson,"Poitiers,Aquitaine-Limousin-Poitou-Charentes,France",Central,Consumer,7/19/2015,Economy Plus,
BN-2013-4141546,7/16/2015,Rory Jess,"Elx,Valenciana,Spain",South,Home Office,7/16/2015,Immediate,Critical
AZ-2013-4349254,7/17/2015,Bianca Whitford,"Munich,Bavaria,Germany",Central,Corporate,7/21/2015,Economy Plus,
AZ-2013-7982799,7/18/2015,Ngoc Orozco,"Madrid,Madrid,Spain",South,Home Office,7/21/2015,Priority,Critical
AZ-2013-3881285,7/19/2015,Robert Neil,"Edinburgh,Scotland,United Kingdom",North,Consumer,7/20/2015,Priority,Critical
AZ-2013-7409274,7/19/2015,Oscar Noble,"Helsinki,Uusimaa,Finland",North,Consumer,7/24/2015,Economy,
AZ-2013-3224122,7/21/2015,Millie Franklin,"Catania,Sicily,Italy",South,Consumer,7/25/2015,Economy,
AZ-2013-8477787,7/23/2015,Chelsea Bannister,"Munster,Lower Saxony,Germany",Central,Consumer,7/27/2015,Economy,
AZ-2013-2901079,7/23/2015,Elijah Sodeman,"Neuwied,Rhineland-Palatinate,Germany",Central,Consumer,7/27/2015,Economy,
AZ-2013-244740,7/23/2015,Tina Phelps,"Ulm,Baden-Württemberg,Germany",Central,Consumer,7/30/2015,Economy,
AZ-2013-8859377,7/23/2015,Imogen Steele,"Valencia,Valenciana,Spain",South,Corporate,7/25/2015,Economy Plus,
AZ-2013-9393754,7/23/2015,William Reichert,"Odense,South Denmark,Denmark",North,Consumer,7/27/2015,Economy,
AZ-2013-2853568,7/24/2015,Owen Howell,"Charleroi,Hainaut,Belgium",Central,Home Office,7/29/2015,Economy,
AZ-2013-2243804,7/24/2015,Lydia Webster,"Bordeaux,Aquitaine-Limousin-Poitou-Charentes,France",Central,Consumer,7/25/2015,Priority,Critical
BN-2013-1501902,7/24/2015,Viola Watson,"Rome,Lazio,Italy",South,Consumer,7/28/2015,Economy Plus,
AZ-2013-6557356,7/25/2015,Madelyn Anderson,"Paris,Ile-de-France,France",Central,Corporate,7/29/2015,Economy,
AZ-2013-6514134,7/25/2015,Tia Metcalfe,"Warrington,England,United Kingdom",North,Consumer,7/30/2015,Economy,
BN-2013-2413609,7/25/2015,Nicole Howard,"Zurich,Zürich,Switzerland",Central,Consumer,7/29/2015,Economy,
AZ-2013-5794364,7/26/2015,Richard Poole,"Kingswood,England,United Kingdom",North,Home Office,7/26/2015,Immediate,Critical
AZ-2013-5949310,7/26/2015,Jade Daniels,"Seville,Andalusía,Spain",South,Corporate,7/28/2015,Economy Plus,
BN-2013-2943018,7/26/2015,Hayley Baldwinson,"Muret,Languedoc-Roussillon-Midi-Pyrénées,France",Central,Consumer,7/30/2015,Economy Plus,
AZ-2013-6541057,7/27/2015,Evan Allen,"Leicester,England,United Kingdom",North,Corporate,8/1/2015,Economy Plus,
BN-2013-3222447,7/27/2015,Travis Corchado,"Oldenburg,Lower Saxony,Germany",Central,Corporate,8/1/2015,Economy,
AZ-2013-9663287,7/30/2015,Ben Summerville,"Fresnes,Ile-de-France,France",Central,Consumer,8/3/2015,Economy,
AZ-2013-9606437,7/30/2015,Randall Roberts,"Caen,Normandy,France",Central,Consumer,7/30/2015,Immediate,Critical
AZ-2013-9304713,7/31/2015,Koby Ricketson,"Chioggia,Veneto,Italy",South,Corporate,8/5/2015,Economy Plus,
AZ-2013-1283973,7/31/2015,Alice Currie,"Milan,Lombardy,Italy",South,Consumer,8/5/2015,Economy,
AZ-2013-2341565,7/31/2015,Joseph Ford,"Berlin,Berlin,Germany",Central,Corporate,8/5/2015,Economy Plus,
AZ-2013-4148381,8/1/2015,Spencer Hull,"Stockport,England,United Kingdom",North,Consumer,8/4/2015,Priority,Critical
AZ-2013-1288861,8/1/2015,Sharon Kerley,"Marignane,Provence-Alpes-Côte d'Azur,France",Central,Consumer,8/5/2015,Economy,
BN-2013-3157910,8/1/2015,Tara Hines,"Assen,Drenthe,Netherlands",Central,Consumer,8/5/2015,Economy,
AZ-2013-5656522,8/2/2015,Makayla Elphinstone,"Cambridge,England,United Kingdom",North,Consumer,8/8/2015,Economy,
AZ-2013-8287659,8/2/2015,Noah Chamberlain,"Le Blanc-Mesnil,Ile-de-France,France",Central,Consumer,8/4/2015,Priority,Critical
AZ-2013-3485300,8/2/2015,Kayleigh Farmer,"Choisy-le-Roi,Ile-de-France,France",Central,Consumer,8/8/2015,Economy,
AZ-2013-3620842,8/2/2015,Mark Washington,"Carcassonne,Languedoc-Roussillon-Midi-Pyrénées,France",Central,Home Office,8/4/2015,Economy Plus,
AZ-2013-8443460,8/2/2015,Ronald Everson,"Brescia,Lombardy,Italy",South,Corporate,8/7/2015,Economy Plus,
AZ-2013-8568485,8/3/2015,Imogen Symon,"Montbrison,Auvergne-Rhône-Alpes,France",Central,Consumer,8/7/2015,Economy,
AZ-2013-2436002,8/3/2015,Jake Barry,"Caen,Normandy,France",Central,Home Office,8/8/2015,Economy,
BN-2013-8203726,8/3/2015,Jordan Peacock,"Birmingham,England,United Kingdom",North,Corporate,8/9/2015,Economy,
AZ-2013-2848176,8/4/2015,Chelsea Parkinson,"Melun,Ile-de-France,France",Central,Corporate,8/4/2015,Immediate,Critical
AZ-2013-5358584,8/5/2015,Robert Duffy,"Bourg-en-Bresse,Auvergne-Rhône-Alpes,France",Central,Home Office,8/7/2015,Economy Plus,
AZ-2013-5670267,8/6/2015,Charles Builder,"Seville,Andalusía,Spain",South,Consumer,8/9/2015,Priority,Critical
AZ-2013-8622401,8/6/2015,Elijah Sodeman,"Bielefeld,North Rhine-Westphalia,Germany",Central,Consumer,8/8/2015,Priority,Critical
AZ-2013-3557634,8/6/2015,Kyle Nash,"Verviers,Liège,Belgium",Central,Consumer,8/10/2015,Economy,
AZ-2013-6748917,8/6/2015,Kai Wicks,"Valladolid,Castile and León,Spain",South,Corporate,8/11/2015,Economy,
AZ-2013-4950789,8/6/2015,Melissa Bean,"Lyon,Auvergne-Rhône-Alpes,France",Central,Home Office,8/9/2015,Priority,Critical
AZ-2013-9398521,8/6/2015,Sam Rees,"Bry-sur-Marne,Ile-de-France,France",Central,Home Office,8/11/2015,Economy,
BN-2013-2697575,8/6/2015,Ashton Charles,"Velsen,North Holland,Netherlands",Central,Consumer,8/10/2015,Economy,
BN-2013-8115911,8/6/2015,Stella Hellyer,"Jerez de la Frontera,Andalusía,Spain",South,Consumer,8/10/2015,Economy,
BN-2013-7296416,8/6/2015,Archie Springfield,"Sheffield,England,United Kingdom",North,Home Office,8/11/2015,Economy,
AZ-2013-5998072,8/7/2015,Eva Arnold,"Sheffield,England,United Kingdom",North,Consumer,8/10/2015,Priority,Critical
AZ-2013-2688830,8/7/2015,Isabella Cleary,"Paris,Ile-de-France,France",Central,Home Office,8/9/2015,Economy Plus,
AZ-2013-5931523,8/7/2015,Madison Holloway,"Forbach,Alsace-Champagne-Ardenne-Lorraine,France",Central,Corporate,8/7/2015,Immediate,Critical
AZ-2013-1699821,8/7/2015,Eloise Mahmood,"Bari,Apulia,Italy",South,Corporate,8/11/2015,Economy,
AZ-2013-8620974,8/7/2015,Stacy Cummings,"Helsinki,Uusimaa,Finland",North,Consumer,8/11/2015,Economy,
AZ-2013-3148222,8/7/2015,Michael Watkins,"Barcelona,Catalonia,Spain",South,Home Office,8/12/2015,Economy,
AZ-2013-8949269,8/7/2015,Gracie Hicks,"Sevran,Ile-de-France,France",Central,Consumer,8/10/2015,Priority,Critical
BN-2013-5896563,8/7/2015,Melissa Bean,"Delmenhorst,Lower Saxony,Germany",Central,Home Office,8/12/2015,Economy,
AZ-2013-3569377,8/8/2015,Luca Varley,"Saint-Germain-en-Laye,Ile-de-France,France",Central,Corporate,8/12/2015,Economy,
AZ-2013-9330718,8/8/2015,Holly Black,"Liverpool,England,United Kingdom",North,Home Office,8/14/2015,Economy,
AZ-2013-1947609,8/8/2015,Lydia Webster,"Hasselt,Limburg,Belgium",Central,Consumer,8/12/2015,Economy,
AZ-2013-4270780,8/8/2015,Kai Wicks,"Rostock,Mecklenburg-Vorpommern,Germany",Central,Corporate,8/13/2015,Economy,
AZ-2013-5325504,8/8/2015,Sofia Goddard,"Bourges,Centre-Val de Loire,France",Central,Corporate,8/15/2015,Economy,
AZ-2013-627487,8/8/2015,Robert James,"Marano di Napoli,Campania,Italy",South,Home Office,8/12/2015,Economy Plus,
BN-2013-1210001,8/8/2015,Michael Myers,"Roosendaal,North Brabant,Netherlands",Central,Home Office,8/12/2015,Economy,
AZ-2013-4421845,8/9/2015,Judy Rodriquez,"Metz,Alsace-Champagne-Ardenne-Lorraine,France",Central,Consumer,8/13/2015,Economy,
AZ-2013-4640958,8/9/2015,Walter Coley,"Eastbourne,England,United Kingdom",North,Consumer,8/12/2015,Economy Plus,
AZ-2013-5523180,8/9/2015,Joel Ortega,"Wetzlar,Hesse,Germany",Central,Corporate,8/14/2015,Economy,
AZ-2013-7420821,8/9/2015,Aubrey Shedd,"Caen,Normandy,France",Central,Corporate,8/13/2015,Economy,
AZ-2013-9067941,8/9/2015,Adam Harte,"Roeselare,West Flanders,Belgium",Central,Corporate,8/13/2015,Economy,
AZ-2013-3873632,8/10/2015,Edward Davidson,"Champigny-sur-Marne,Ile-de-France,France",Central,Home Office,8/13/2015,Economy Plus,
AZ-2013-28182,8/10/2015,Kiara Allen,"Coslada,Madrid,Spain",South,Consumer,8/16/2015,Economy,
AZ-2013-7143819,8/10/2015,Vaughn Gibbs,"Hamburg,Hamburg,Germany",Central,Home Office,8/15/2015,Economy,
AZ-2013-6702716,8/10/2015,Clifford Defreitas,"London,England,United Kingdom",North,Corporate,8/12/2015,Priority,Critical
BN-2013-8819107,8/10/2015,Christy Wiley,"Six-Fours-les-Plages,Provence-Alpes-Côte d'Azur,France",Central,Consumer,8/16/2015,Economy,
AZ-2013-6987158,8/11/2015,Richard Harvey,"Miramas,Provence-Alpes-Côte d'Azur,France",Central,Corporate,8/13/2015,Economy Plus,
AZ-2013-4856261,8/11/2015,Anthony Lawrence,"Hamm,North Rhine-Westphalia,Germany",Central,Consumer,8/15/2015,Economy,
BN-2013-9886336,8/11/2015,Skye McCaffrey,"Vlaardingen,South Holland,Netherlands",Central,Consumer,8/14/2015,Economy Plus,
AZ-2013-1907055,8/12/2015,Ella Troy,"Bremen,Bremen,Germany",Central,Home Office,8/17/2015,Economy,
AZ-2013-2011529,8/12/2015,Patricia Smith,"Alcobendas,Madrid,Spain",South,Corporate,8/15/2015,Economy Plus,
BN-2013-9211723,8/12/2015,Wynona Janelle,"Milan,Lombardy,Italy",South,Corporate,8/17/2015,Economy,
AZ-2013-7204222,8/13/2015,Jade Daniels,"Modena,Emilia-Romagna,Italy",South,Corporate,8/18/2015,Economy Plus,
AZ-2013-5937615,8/13/2015,Eleanor Doyle,"Cardiff,Wales,United Kingdom",North,Consumer,8/17/2015,Economy,
AZ-2013-3001151,8/13/2015,Jake Barry,"Rome,Lazio,Italy",South,Home Office,8/18/2015,Economy,
AZ-2013-4147824,8/13/2015,Rhys Murphy,"Genoa,Liguria,Italy",South,Consumer,8/17/2015,Economy,
AZ-2013-4105375,8/13/2015,Georgia Blackburn,"Duisburg,North Rhine-Westphalia,Germany",Central,Corporate,8/13/2015,Immediate,Critical
AZ-2013-9134300,8/13/2015,Joseph Banks,"Rome,Lazio,Italy",South,Consumer,8/15/2015,Priority,Critical
AZ-2013-8369315,8/13/2015,Kian Sykes,"Madrid,Madrid,Spain",South,Consumer,8/20/2015,Economy,
AZ-2013-5637094,8/13/2015,Lilly Le Grand,"Burnley,England,United Kingdom",North,Home Office,8/16/2015,Economy Plus,
BN-2013-8480413,8/13/2015,Eva Arnold,"Brandenburg,Brandenburg,Germany",Central,Consumer,8/17/2015,Economy,
BN-2013-4445925,8/13/2015,Yasmin Bradley,"Stockholm,Stockholm,Sweden",North,Consumer,8/13/2015,Immediate,Critical
AZ-2013-425562,8/14/2015,Nicole Johns,"Nieuwegein,Utrecht,Netherlands",Central,Consumer,8/18/2015,Economy,
AZ-2013-4015759,8/14/2015,Aaron Bootman,"Lille,Nord-Pas-de-Calais-Picardie,France",Central,Consumer,8/14/2015,Immediate,Critical
AZ-2013-8455178,8/14/2015,Ryan Ackland,"Monza,Lombardy,Italy",South,Consumer,8/19/2015,Economy,
AZ-2013-7944566,8/14/2015,Isaac David,"Hamburg,Hamburg,Germany",Central,Corporate,8/20/2015,Economy,
AZ-2013-3848149,8/14/2015,Don Willie,"Montauban,Languedoc-Roussillon-Midi-Pyrénées,France",Central,Corporate,8/16/2015,Priority,Critical
BN-2013-3395469,8/14/2015,Kyle Nash,"Dublin,Dublin,Ireland",North,Consumer,8/19/2015,Economy,
BN-2013-8410367,8/14/2015,Paige Bibi,"Amsterdam,North Holland,Netherlands",Central,Home Office,8/21/2015,Economy,
AZ-2013-1014615,8/15/2015,Hannah Conyers,"Bielefeld,North Rhine-Westphalia,Germany",Central,Home Office,8/19/2015,Economy,
AZ-2013-7396799,8/15/2015,Eve Bates,"Thiais,Ile-de-France,France",Central,Consumer,8/20/2015,Economy Plus,
AZ-2013-7004220,8/15/2015,Toni Lanz,"Noisy-le-Sec,Ile-de-France,France",Central,Consumer,8/18/2015,Priority,Critical
AZ-2013-5832264,8/15/2015,Robert Barnes,"Mulhouse,Alsace-Champagne-Ardenne-Lorraine,France",Central,Consumer,8/19/2015,Economy,
AZ-2013-7130503,8/15/2015,George Dawson,"Swindon,England,United Kingdom",North,Home Office,8/20/2015,Economy,
AZ-2013-1683748,8/15/2015,Edward Hodges,"Brandenburg,Brandenburg,Germany",Central,Consumer,8/19/2015,Economy,
AZ-2013-1571444,8/15/2015,Darcy Farnell,"Mannheim,Baden-Württemberg,Germany",Central,Consumer,8/21/2015,Economy,
BN-2013-7023709,8/15/2015,Brooke Horton,"Venice,Veneto,Italy",South,Consumer,8/19/2015,Economy,
AZ-2013-1179827,8/16/2015,Angus De Groot,"Livry-Gargan,Ile-de-France,France",Central,Corporate,8/21/2015,Economy,
AZ-2013-9573927,8/16/2015,Jonathan Franklin,"Cork,Cork,Ireland",North,Home Office,8/17/2015,Priority,Critical
BN-2013-3206993,8/16/2015,Jessica Williams,"Toulouse,Languedoc-Roussillon-Midi-Pyrénées,France",Central,Consumer,8/20/2015,Economy,
AZ-2013-4935792,8/17/2015,Scott Higgins,"Santiago de Compostela,Galicia,Spain",South,Home Office,8/21/2015,Economy,
AZ-2013-5340788,8/17/2015,Ruby Frost,"Sète,Languedoc-Roussillon-Midi-Pyrénées,France",Central,Home Office,8/21/2015,Economy,
AZ-2013-4827275,8/17/2015,Anthony Lawrence,"Drancy,Ile-de-France,France",Central,Consumer,8/22/2015,Economy,
AZ-2013-2506599,8/17/2015,Isabelle Gould,"Frederiksberg,Hovedstaden,Denmark",North,Consumer,8/21/2015,Economy Plus,
AZ-2013-2248449,8/17/2015,Isaac David,"Nottingham,England,United Kingdom",North,Corporate,8/24/2015,Economy,
AZ-2013-6147985,8/17/2015,Rachel Tyler,"Castrop-Rauxel,North Rhine-Westphalia,Germany",Central,Corporate,8/21/2015,Economy,
AZ-2013-6383663,8/17/2015,Xavier Synan,"Offenbach,Hesse,Germany",Central,Consumer,8/18/2015,Priority,Critical
AZ-2013-2482135,8/17/2015,Rachel Morton,"Newcastle upon Tyne,England,United Kingdom",North,Corporate,8/21/2015,Economy,
BN-2013-8516545,8/17/2015,Kai Wicks,"Bremen,Bremen,Germany",Central,Corporate,8/23/2015,Economy,
BN-2013-8844888,8/17/2015,Louis Scott,"Valladolid,Castile and León,Spain",South,Corporate,8/21/2015,Economy Plus,
AZ-2013-5080329,8/18/2015,Travis Corchado,"Tamworth,England,United Kingdom",North,Corporate,8/21/2015,Economy Plus,
AZ-2013-1305763,8/18/2015,Alexandra Macdonald,"Bochum,North Rhine-Westphalia,Germany",Central,Corporate,8/22/2015,Economy,
AZ-2013-4958112,8/20/2015,Ella Knopwood,"Kiel,Schleswig-Holstein,Germany",Central,Consumer,8/24/2015,Economy,
AZ-2013-4503125,8/20/2015,Nancy Fike,"Viersen,North Rhine-Westphalia,Germany",Central,Consumer,8/24/2015,Economy,
BN-2013-5329355,8/20/2015,Gracie Hunter,"Assen,Drenthe,Netherlands",Central,Consumer,8/22/2015,Priority,Critical
BN-2013-1634253,8/20/2015,Tara Hines,"Birmingham,England,United Kingdom",North,Consumer,8/20/2015,Immediate,Critical
AZ-2013-4514932,8/21/2015,Kelly Long,"La Ciotat,Provence-Alpes-Côte d'Azur,France",Central,Corporate,8/27/2015,Economy,
AZ-2013-3136343,8/21/2015,Charli Rose,"Manchester,England,United Kingdom",North,Consumer,8/25/2015,Economy,
BN-2013-9987561,8/21/2015,Eric Anderson,"Le Mans,Pays de la Loire,France",Central,Home Office,8/28/2015,Economy,
AZ-2013-5119241,8/22/2015,Grace Brown,"Naples,Campania,Italy",South,Consumer,8/27/2015,Economy,
AZ-2013-9381162,8/22/2015,Thomas Thompson,"Beaune,Bourgogne-Franche-Comté,France",Central,Corporate,8/27/2015,Economy Plus,
AZ-2013-1639148,8/22/2015,Maynard Moorman,"Rochdale,England,United Kingdom",North,Consumer,8/27/2015,Economy Plus,
AZ-2013-5610868,8/22/2015,Piper Wilder-Neligan,"Berlin,Berlin,Germany",Central,Consumer,8/27/2015,Economy,
AZ-2013-6499468,8/22/2015,Andres Woodruff,"Marseille,Provence-Alpes-Côte d'Azur,France",Central,Home Office,8/29/2015,Economy,
AZ-2013-4416490,8/22/2015,Tyson Jonathan,"Schwerin,Mecklenburg-Vorpommern,Germany",Central,Consumer,8/28/2015,Economy,
AZ-2013-3298349,8/23/2015,Rhys Barnett,"Vienna,Vienna,Austria",Central,Consumer,8/27/2015,Economy,
AZ-2013-5949535,8/23/2015,Ethan Cover,"Lincoln,England,United Kingdom",North,Home Office,8/28/2015,Economy Plus,
AZ-2013-7533368,8/23/2015,Toby Labilliere,"Nantes,Pays de la Loire,France",Central,Consumer,8/27/2015,Economy,
AZ-2013-3274770,8/23/2015,Rebecca Chamberlain,"Stuttgart,Baden-Württemberg,Germany",Central,Home Office,8/28/2015,Economy,
AZ-2013-2659520,8/24/2015,Ewan Lee,"Latina,Lazio,Italy",South,Consumer,8/26/2015,Economy Plus,
AZ-2013-2972067,8/24/2015,Claire Harrington,"Pistoia,Tuscany,Italy",South,Home Office,8/30/2015,Economy,
AZ-2013-7719706,8/24/2015,Maya Pamphlett,"Nottingham,England,United Kingdom",North,Consumer,8/26/2015,Priority,Critical
AZ-2013-9398373,8/24/2015,Kristen Holland,"Barnsley,England,United Kingdom",North,Consumer,8/26/2015,Priority,Critical
AZ-2013-4599374,8/24/2015,Benjamin Humphries,"Saint-Denis,Ile-de-France,France",Central,Consumer,8/29/2015,Economy,
BN-2013-5717739,8/24/2015,Sam French,"Ravenna,Emilia-Romagna,Italy",South,Consumer,8/29/2015,Economy,
AZ-2013-8513388,8/25/2015,Michael Wilson,"Solingen,North Rhine-Westphalia,Germany",Central,Home Office,8/28/2015,Economy Plus,
AZ-2013-9167748,8/25/2015,Wynona Janelle,"Manchester,England,United Kingdom",North,Corporate,8/31/2015,Economy,
BN-2013-5190964,8/25/2015,Angus Gether,"Gera,Thuringia,Germany",Central,Consumer,8/30/2015,Economy,
AZ-2013-1781904,8/26/2015,Luz Reilly,"Redditch,England,United Kingdom",North,Consumer,8/28/2015,Priority,Critical
AZ-2013-2721224,8/26/2015,Kyle Beard,"Augsburg,Bavaria,Germany",Central,Consumer,8/28/2015,Priority,Critical
AZ-2013-4313910,8/26/2015,Tom Charlton,"Magdeburg,Saxony-Anhalt,Germany",Central,Corporate,9/1/2015,Economy,
AZ-2013-7356315,8/27/2015,Lydia Webster,"Bristol,England,United Kingdom",North,Consumer,8/31/2015,Economy,
AZ-2013-6674334,8/28/2015,Isabella Falkiner,"Wetter (Ruhr),North Rhine-Westphalia,Germany",Central,Corporate,9/3/2015,Economy,
AZ-2013-9667532,8/28/2015,Ruth Williams,"London,England,United Kingdom",North,Consumer,9/1/2015,Economy,
AZ-2013-2534161,8/28/2015,Josh Wilkinson,"Aalst,East Flanders,Belgium",Central,Corporate,9/2/2015,Economy,
AZ-2013-6261184,8/28/2015,Elise Ali,"Augsburg,Bavaria,Germany",Central,Home Office,9/3/2015,Economy,
AZ-2013-7378404,8/28/2015,Jay Andrews,"Antwerp,Antwerp,Belgium",Central,Consumer,9/1/2015,Economy Plus,
AZ-2013-5483858,8/28/2015,Madelyn Anderson,"Oslo,Oslo,Norway",North,Corporate,9/3/2015,Economy,
AZ-2013-972809,8/28/2015,Andrew Shah,"Bergamo,Lombardy,Italy",South,Home Office,8/31/2015,Economy Plus,
BN-2013-2677709,8/28/2015,Tyler Miah,"Stockholm,Stockholm,Sweden",North,Home Office,9/1/2015,Economy,
AZ-2013-7162758,8/29/2015,Lilian Macredie,"London,England,United Kingdom",North,Corporate,9/4/2015,Economy,
AZ-2013-9065398,8/29/2015,Leon Barnes,"Vernon,Normandy,France",Central,Consumer,9/4/2015,Economy,
AZ-2013-709456,8/29/2015,Kevin Madigan,"Birmingham,England,United Kingdom",North,Consumer,9/3/2015,Economy,
AZ-2013-8489982,8/29/2015,Zara Loton,"Gloucester,England,United Kingdom",North,Corporate,9/2/2015,Economy,
AZ-2013-2254265,8/29/2015,Patrick Townson,"Beauvais,Nord-Pas-de-Calais-Picardie,France",Central,Home Office,9/4/2015,Economy,
AZ-2013-4750547,8/29/2015,Kyle Nash,"Bonn,North Rhine-Westphalia,Germany",Central,Consumer,9/3/2015,Economy,
AZ-2013-374373,8/29/2015,Alex Greenwood,"Frankfurt,Hesse,Germany",Central,Consumer,9/3/2015,Economy,
AZ-2013-9588348,8/29/2015,Kristen Holland,"Argentan,Normandy,France",Central,Consumer,9/2/2015,Economy,
AZ-2013-112796,8/30/2015,Brian Garcia,"Ravenna,Emilia-Romagna,Italy",South,Consumer,9/6/2015,Economy,
AZ-2013-2276631,8/30/2015,Gerald Booth,"Rome,Lazio,Italy",South,Consumer,9/4/2015,Economy,
AZ-2013-3867309,8/30/2015,Isabelle Macghey,"Glasgow,Scotland,United Kingdom",North,Consumer,9/4/2015,Economy Plus,
BN-2013-8187001,8/30/2015,Mark Briggs,"Milan,Lombardy,Italy",South,Consumer,8/31/2015,Priority,Critical
AZ-2013-2076679,8/31/2015,Patrick Townson,"Prato,Tuscany,Italy",South,Home Office,9/2/2015,Priority,Critical
AZ-2013-8348000,8/31/2015,Chelsea Howell,"Stuttgart,Baden-Württemberg,Germany",Central,Consumer,9/3/2015,Priority,Critical
AZ-2013-9969436,8/31/2015,Mia Pugh,"Oslo,Oslo,Norway",North,Consumer,9/1/2015,Priority,Critical
AZ-2013-412985,8/31/2015,Sean Wheeler,"Neubrandenburg,Mecklenburg-Vorpommern,Germany",Central,Corporate,9/4/2015,Economy,
BN-2013-3241235,8/31/2015,Alannah Langridge,"Naples,Campania,Italy",South,Consumer,9/5/2015,Economy Plus,
AZ-2013-8607757,9/1/2015,Eden Gooseberry,"Viroflay,Ile-de-France,France",Central,Corporate,9/8/2015,Economy,
AZ-2013-1408349,9/1/2015,Terence Welch,"Venice,Veneto,Italy",South,Consumer,9/3/2015,Economy Plus,
BN-2013-8210403,9/1/2015,Scarlett Pollard,"Celle,Lower Saxony,Germany",Central,Corporate,9/4/2015,Priority,Critical
AZ-2013-9012669,9/3/2015,Charlie Horrocks,"Siegen,North Rhine-Westphalia,Germany",Central,Consumer,9/6/2015,Priority,Critical
AZ-2013-1978378,9/3/2015,Dominic Scott,"Alicante,Valenciana,Spain",South,Consumer,9/5/2015,Priority,Critical
AZ-2013-2435925,9/3/2015,Georgia Blackburn,"Valladolid,Castile and León,Spain",South,Corporate,9/9/2015,Economy,
AZ-2013-3751921,9/3/2015,Declan Dundas,"Burnley,England,United Kingdom",North,Corporate,9/10/2015,Economy,
AZ-2013-1414174,9/4/2015,Sue Castaneda,"Malakoff,Ile-de-France,France",Central,Home Office,9/6/2015,Economy Plus,
AZ-2013-2690702,9/4/2015,Gabriel Sanders,"Ludwigshafen am Rhein,Rhineland-Palatinate,Germany",Central,Consumer,9/9/2015,Economy,
AZ-2013-8748241,9/4/2015,Jack Brier,"Dresden,Saxony,Germany",Central,Consumer,9/8/2015,Economy Plus,
AZ-2013-1388656,9/4/2015,Bianca Monsoor,"Montreuil,Ile-de-France,France",Central,Consumer,9/6/2015,Economy Plus,
BN-2013-4388015,9/4/2015,Lisa Watkins,"Birmingham,England,United Kingdom",North,Consumer,9/6/2015,Economy Plus,
AZ-2013-9992531,9/5/2015,Kristen Holland,"Berlin,Berlin,Germany",Central,Consumer,9/9/2015,Economy,
AZ-2013-1036545,9/5/2015,Max Ludwig,"Bilbao,Basque Country,Spain",South,Home Office,9/9/2015,Economy,
AZ-2013-9649532,9/5/2015,Hayden Perkins,"Cannes,Provence-Alpes-Côte d'Azur,France",Central,Consumer,9/11/2015,Economy,
AZ-2013-3926345,9/5/2015,Frances Matthias,"Niort,Aquitaine-Limousin-Poitou-Charentes,France",Central,Corporate,9/8/2015,Economy Plus,
AZ-2013-2182228,9/5/2015,Ngoc Orozco,"Antwerp,Antwerp,Belgium",Central,Home Office,9/7/2015,Economy Plus,
BN-2013-7517889,9/5/2015,Lillian Davis,"Venice,Veneto,Italy",South,Consumer,9/10/2015,Economy,
AZ-2013-2573361,9/6/2015,Tia Metcalfe,"Martigues,Provence-Alpes-Côte d'Azur,France",Central,Consumer,9/8/2015,Priority,Critical
AZ-2013-1229971,9/6/2015,Chelsea Parkinson,"Le Plessis-Robinson,Ile-de-France,France",Central,Corporate,9/8/2015,Economy Plus,
AZ-2013-3688598,9/6/2015,Madison Rowley,"Cork,Cork,Ireland",North,Consumer,9/9/2015,Priority,Critical
AZ-2013-8751225,9/6/2015,Bettie Lang,"Le Havre,Normandy,France",Central,Consumer,9/11/2015,Economy,
BN-2013-8861319,9/6/2015,Louie Bryant,"Treviso,Veneto,Italy",South,Corporate,9/8/2015,Economy Plus,
BN-2013-6509529,9/6/2015,Corey Browne,"Slough,England,United Kingdom",North,Consumer,9/12/2015,Economy,
BN-2013-9076931,9/6/2015,Harry Josephson,"Erfurt,Thuringia,Germany",Central,Consumer,9/11/2015,Economy,
BN-2013-7723216,9/6/2015,Freya Daniels,"Oxford,England,United Kingdom",North,Consumer,9/10/2015,Economy,
AZ-2013-6337474,9/7/2015,Julian Mack,"Middlesbrough,England,United Kingdom",North,Consumer,9/11/2015,Economy,
AZ-2013-1738409,9/7/2015,Hudson Ordell,"Ipswich,England,United Kingdom",North,Corporate,9/12/2015,Economy Plus,
AZ-2013-6379416,9/8/2015,Millie Franklin,"Bonn,North Rhine-Westphalia,Germany",Central,Consumer,9/15/2015,Economy,
AZ-2013-4327909,9/8/2015,Gilbert Montgomery,"Frederiksberg,Hovedstaden,Denmark",North,Consumer,9/13/2015,Economy Plus,
AZ-2013-8676684,9/8/2015,Michael Bradshaw,"Plymouth,England,United Kingdom",North,Consumer,9/13/2015,Economy,
AZ-2013-6143126,9/10/2015,Rose Nicolay,"Lanester,Brittany,France",Central,Home Office,9/12/2015,Economy Plus,
AZ-2013-212873,9/10/2015,Angelina Hurst,"Lohne,Lower Saxony,Germany",Central,Consumer,9/17/2015,Economy,
AZ-2013-4231059,9/10/2015,Bryce Efird,"Munich,Bavaria,Germany",Central,Corporate,9/12/2015,Priority,Critical
AZ-2013-5687918,9/10/2015,Ruby Patel,"Bayreuth,Bavaria,Germany",Central,Home Office,9/17/2015,Economy,
AZ-2013-7922182,9/10/2015,Jade Daniels,"Helsinki,Uusimaa,Finland",North,Corporate,9/14/2015,Economy,
AZ-2013-8882411,9/10/2015,Ashton Charles,"Catania,Sicily,Italy",South,Consumer,9/15/2015,Economy,
BN-2013-2505357,9/10/2015,Jeffrey Laird,"Erfurt,Thuringia,Germany",Central,Corporate,9/16/2015,Economy,
AZ-2013-6399452,9/11/2015,Leslie Wilson,"Murcia,Murcia,Spain",South,Consumer,9/15/2015,Economy,
AZ-2013-6101031,9/11/2015,Holly Doyle,"Cergy,Ile-de-France,France",Central,Consumer,9/17/2015,Economy,
BN-2013-1262066,9/11/2015,Hazel Turner,"Breda,North Brabant,Netherlands",Central,Home Office,9/15/2015,Economy Plus,
BN-2013-7972681,9/11/2015,Will Poynton,"Zurich,Zürich,Switzerland",Central,Consumer,9/16/2015,Economy Plus,
BN-2013-1607455,9/11/2015,Rhys Murphy,"Lisbon,Lisboa,Portugal",South,Consumer,9/16/2015,Economy,
AZ-2013-1301183,9/12/2015,Bella Handfield,"London,England,United Kingdom",North,Corporate,9/14/2015,Economy Plus,
AZ-2013-6408423,9/12/2015,Amy Pendred,"Faenza,Emilia-Romagna,Italy",South,Consumer,9/15/2015,Priority,Critical
AZ-2013-4304749,9/12/2015,Patricia Epps,"Vicenza,Veneto,Italy",South,Corporate,9/14/2015,Economy Plus,
AZ-2013-4953096,9/13/2015,Corey Browne,"Darmstadt,Hesse,Germany",Central,Consumer,9/16/2015,Priority,Critical
AZ-2013-6776872,9/13/2015,Declan Dundas,"Bilbao,Basque Country,Spain",South,Corporate,9/17/2015,Economy,
AZ-2013-5834532,9/13/2015,Britney Basaldua,"Bremen,Bremen,Germany",Central,Corporate,9/15/2015,Priority,Critical
AZ-2013-584575,9/13/2015,Scarlett Truchanas,"Coventry,England,United Kingdom",North,Corporate,9/17/2015,Economy,
BN-2013-3574663,9/13/2015,Anthony Spooner,"Bergen op Zoom,North Brabant,Netherlands",Central,Corporate,9/16/2015,Economy Plus,
BN-2013-6699352,9/13/2015,Kimberly Jones,"Uppsala,Uppsala,Sweden",North,Corporate,9/18/2015,Economy,
BN-2013-5550345,9/13/2015,Lauren Knight,"London,England,United Kingdom",North,Consumer,9/13/2015,Immediate,Critical
AZ-2013-860383,9/14/2015,Riley Douglas,"Rimini,Emilia-Romagna,Italy",South,Corporate,9/19/2015,Economy,
AZ-2013-4983076,9/14/2015,Dominic Stephenson,"Munster,Lower Saxony,Germany",Central,Home Office,9/20/2015,Economy,
AZ-2013-8981148,9/15/2015,Ashton Foley,"Vienna,Vienna,Austria",Central,Consumer,9/20/2015,Economy,
AZ-2013-885616,9/15/2015,James Casados,"Pamplona,Navarra,Spain",South,Consumer,9/16/2015,Priority,Critical
BN-2013-2970866,9/15/2015,Devin Huddleston,"Venice,Veneto,Italy",South,Consumer,9/19/2015,Economy,
BN-2013-4841174,9/15/2015,Mary Hough,"Solihull,England,United Kingdom",North,Home Office,9/17/2015,Economy Plus,
AZ-2013-6030964,9/16/2015,Georgina Garner,"Frankfurt,Hesse,Germany",Central,Consumer,9/22/2015,Economy,
AZ-2013-5420314,9/17/2015,John Basser,"Lincoln,England,United Kingdom",North,Corporate,9/22/2015,Economy,
AZ-2013-1998308,9/17/2015,Scarlett Pollard,"Harlow,England,United Kingdom",North,Corporate,9/22/2015,Economy,
AZ-2013-8046606,9/17/2015,Joel Peters,"Villemomble,Ile-de-France,France",Central,Home Office,9/22/2015,Economy,
AZ-2013-9800622,9/17/2015,Lori Miller,"Duisburg,North Rhine-Westphalia,Germany",Central,Consumer,9/20/2015,Priority,Critical
AZ-2013-3387744,9/17/2015,Daisy Summers,"Valencia,Valenciana,Spain",South,Corporate,9/19/2015,Priority,Critical
BN-2013-6614277,9/17/2015,Corey Browne,"Arnhem,Gelderland,Netherlands",Central,Consumer,9/22/2015,Economy,
AZ-2013-3911329,9/18/2015,Lilly Le Grand,"Munster,Lower Saxony,Germany",Central,Home Office,9/21/2015,Priority,Critical
AZ-2013-7581028,9/18/2015,Ruby Frost,"London,England,United Kingdom",North,Home Office,9/22/2015,Economy,
AZ-2013-2101736,9/18/2015,Lester Wimmer,"Valladolid,Castile and León,Spain",South,Consumer,9/20/2015,Economy Plus,
AZ-2013-6535655,9/18/2015,Jonathan Loftus,"Las Rozas de Madrid,Madrid,Spain",South,Home Office,9/22/2015,Economy,
AZ-2013-4414400,9/18/2015,Harold Smith,"Reims,Alsace-Champagne-Ardenne-Lorraine,France",Central,Consumer,9/24/2015,Economy,
AZ-2013-9757987,9/19/2015,Florence Wark,"Irun,Basque Country,Spain",South,Consumer,9/23/2015,Economy,
AZ-2013-1321075,9/19/2015,Jesse Godson,"Munich,Bavaria,Germany",Central,Corporate,9/23/2015,Economy,
AZ-2013-2380207,9/19/2015,Eden Gooseberry,"Paris,Ile-de-France,France",Central,Corporate,9/24/2015,Economy,
AZ-2013-3357605,9/20/2015,Madeline Crooks,"Paris,Ile-de-France,France",Central,Consumer,9/24/2015,Economy Plus,
AZ-2013-4881884,9/20/2015,Janet Broussard,"Nottingham,England,United Kingdom",North,Consumer,9/22/2015,Economy Plus,
BN-2013-9441489,9/20/2015,Isabelle Gould,"Vila Nova de Gaia,Porto,Portugal",South,Consumer,9/25/2015,Economy,
BN-2013-6936779,9/20/2015,Zachary Disher,"Naples,Campania,Italy",South,Consumer,9/22/2015,Economy Plus,
AZ-2013-9777837,9/21/2015,Nicole Howard,"Milan,Lombardy,Italy",South,Consumer,9/25/2015,Economy,
AZ-2013-8635994,9/21/2015,Charlotte Taylor,"Berne,Bern,Switzerland",Central,Consumer,9/24/2015,Priority,Critical
AZ-2013-3021491,9/21/2015,Mary Saterfiel,"Dortmund,North Rhine-Westphalia,Germany",Central,Consumer,9/22/2015,Immediate,Critical
AZ-2013-1690720,9/21/2015,Jake Goodwin,"Haguenau,Alsace-Champagne-Ardenne-Lorraine,France",Central,Home Office,9/25/2015,Economy Plus,
AZ-2013-6968684,9/21/2015,Alexis Code,"Busto Arsizio,Lombardy,Italy",South,Corporate,9/26/2015,Economy,
BN-2013-3010775,9/21/2015,Robert Barnes,"Toulouse,Languedoc-Roussillon-Midi-Pyrénées,France",Central,Consumer,9/24/2015,Priority,Critical
BN-2013-9278672,9/21/2015,Ruth Williams,"Dublin,Dublin,Ireland",North,Consumer,9/25/2015,Economy Plus,
AZ-2013-1307141,9/22/2015,Charles Builder,"Berlin,Berlin,Germany",Central,Consumer,9/29/2015,Economy,
AZ-2013-9773289,9/22/2015,Skye Hammond,"Teramo,Abruzzi,Italy",South,Corporate,9/24/2015,Priority,Critical
AZ-2013-3097789,9/22/2015,Demi Power,"Vienna,Vienna,Austria",Central,Consumer,9/28/2015,Economy,
AZ-2013-842018,9/22/2015,George Dawson,"Pozzuoli,Campania,Italy",South,Home Office,9/29/2015,Economy,
BN-2013-4083449,9/22/2015,Lara Stoate,"Toulouse,Languedoc-Roussillon-Midi-Pyrénées,France",Central,Corporate,9/28/2015,Economy,
BN-2013-4811431,9/22/2015,Louis Dominguez,"Dublin,Dublin,Ireland",North,Corporate,9/25/2015,Priority,Critical
AZ-2013-7918506,9/24/2015,Jason Martinez,"Milan,Lombardy,Italy",South,Corporate,9/29/2015,Economy,
AZ-2013-2736729,9/24/2015,Lilian Rodgers,"Evry,Ile-de-France,France",Central,Consumer,9/28/2015,Economy,
BN-2013-5560836,9/24/2015,Juanita Smalls,"Lisbon,Lisboa,Portugal",South,Home Office,9/30/2015,Economy,
BN-2013-3933784,9/24/2015,Sofia Goddard,"Birmingham,England,United Kingdom",North,Corporate,9/28/2015,Economy,
AZ-2013-7542722,9/25/2015,Joseph Locke,"Odense,South Denmark,Denmark",North,Corporate,9/30/2015,Economy,
AZ-2013-7588631,9/25/2015,Hudson Ordell,"Villeneuve-le-Roi,Ile-de-France,France",Central,Corporate,10/2/2015,Economy,
AZ-2013-4267689,9/25/2015,Ricky Cullen,"Barcelona,Catalonia,Spain",South,Consumer,9/29/2015,Economy,
AZ-2013-5249533,9/25/2015,Timothy Pownall,"Hagen,North Rhine-Westphalia,Germany",Central,Consumer,10/1/2015,Economy,
AZ-2013-764808,9/25/2015,Cooper Burn,"Le Mans,Pays de la Loire,France",Central,Consumer,10/1/2015,Economy,
BN-2013-9324340,9/25/2015,Gilbert Montgomery,"Gera,Thuringia,Germany",Central,Consumer,10/1/2015,Economy,
AZ-2013-5712396,9/26/2015,Jonathan Barbee,"Berlin,Berlin,Germany",Central,Consumer,9/30/2015,Economy,
AZ-2013-8435780,9/26/2015,Kai Wicks,"Widnes,England,United Kingdom",North,Corporate,10/1/2015,Economy,
AZ-2013-5176501,9/26/2015,Steven Prince,"Neuilly-sur-Marne,Ile-de-France,France",Central,Home Office,9/30/2015,Economy,
AZ-2013-6736860,9/26/2015,Gabrielle Tulaba,"Hamburg,Hamburg,Germany",Central,Consumer,9/27/2015,Priority,Critical
AZ-2013-2764499,9/26/2015,Adam Peacock,"Martigues,Provence-Alpes-Côte d'Azur,France",Central,Corporate,9/30/2015,Economy,
AZ-2013-9185602,9/26/2015,Mary Wilson,"Great Yarmouth,England,United Kingdom",North,Consumer,9/26/2015,Immediate,Critical
BN-2013-5989900,9/26/2015,Cooper Burn,"Heerlen,Limburg,Netherlands",Central,Consumer,9/28/2015,Economy Plus,
BN-2013-2717861,9/26/2015,Evie Flockhart,"Lisbon,Lisboa,Portugal",South,Consumer,10/1/2015,Economy,
BN-2013-6417134,9/26/2015,Molly Palmer,"London,England,United Kingdom",North,Corporate,10/1/2015,Economy,
AZ-2013-7698467,9/27/2015,Kayla Ronald,"Legnano,Lombardy,Italy",South,Corporate,10/2/2015,Economy,
AZ-2013-9352231,9/27/2015,Noah Hart,"Ghent,East Flanders,Belgium",Central,Consumer,10/1/2015,Economy Plus,
AZ-2013-8218770,9/27/2015,Lilly Akhtar,"Edinburgh,Scotland,United Kingdom",North,Home Office,10/2/2015,Economy,
BN-2013-2085562,9/27/2015,Elisabeth Manson,"Stockholm,Stockholm,Sweden",North,Consumer,9/30/2015,Economy Plus,
BN-2013-132912,9/27/2015,Britney Basaldua,"Conflans-Sainte-Honorine,Ile-de-France,France",Central,Corporate,10/2/2015,Economy,
AZ-2013-1278539,9/28/2015,Dominic Stephenson,"Franconville,Ile-de-France,France",Central,Home Office,10/4/2015,Economy,
AZ-2013-1059727,9/28/2015,Daniel Howells,"Paris,Ile-de-France,France",Central,Corporate,9/29/2015,Priority,Critical
AZ-2013-8987528,9/28/2015,Eloise Sykes,"Essen,North Rhine-Westphalia,Germany",Central,Consumer,10/3/2015,Economy,
AZ-2013-5743431,9/28/2015,Robert Barnes,"Benidorm,Valenciana,Spain",South,Consumer,9/28/2015,Immediate,Critical
AZ-2013-200984,9/28/2015,Holly Black,"Glasgow,Scotland,United Kingdom",North,Home Office,9/28/2015,Immediate,Critical
AZ-2013-2994768,9/28/2015,Ali Jerger,"Versailles,Ile-de-France,France",Central,Corporate,10/3/2015,Economy,
AZ-2013-7212941,9/28/2015,Robert Ramsey,"Firminy,Auvergne-Rhône-Alpes,France",Central,Consumer,10/2/2015,Economy,
BN-2013-3793462,9/28/2015,Nicole Johns,"Hanover,Lower Saxony,Germany",Central,Consumer,10/3/2015,Economy,
BN-2013-7214876,9/28/2015,Chloe Landale,"London,England,United Kingdom",North,Home Office,10/3/2015,Economy,
AZ-2013-8862590,9/29/2015,Ada Dalton,"Roissy-en-Brie,Ile-de-France,France",Central,Corporate,9/29/2015,Immediate,Critical
AZ-2013-6795537,9/29/2015,Ewan Walton,"Paris,Ile-de-France,France",Central,Consumer,10/3/2015,Economy,
BN-2013-5478479,9/29/2015,James Bruns,"Reims,Alsace-Champagne-Ardenne-Lorraine,France",Central,Consumer,10/5/2015,Economy,
BN-2013-7936258,9/30/2015,Edward Dolling,"Stains,Ile-de-France,France",Central,Consumer,10/5/2015,Economy,
AZ-2013-2357064,10/1/2015,Ruby Blomfield,"Rome,Lazio,Italy",South,Consumer,10/6/2015,Economy,
AZ-2013-6788616,10/1/2015,Edward Zwar,"Ingolstadt,Bavaria,Germany",Central,Consumer,10/1/2015,Immediate,Critical
AZ-2013-2267940,10/2/2015,Robert Zapata,"Haninge,Stockholm,Sweden",North,Consumer,10/6/2015,Economy,
AZ-2013-1894900,10/2/2015,Richard Poole,"Siegen,North Rhine-Westphalia,Germany",Central,Home Office,10/8/2015,Economy,
AZ-2013-5416676,10/4/2015,John Kemp,"Stoke-on-Trent,England,United Kingdom",North,Home Office,10/10/2015,Economy,
AZ-2013-2014135,10/4/2015,Jack Brier,"Erftstadt,North Rhine-Westphalia,Germany",Central,Consumer,10/10/2015,Economy,
AZ-2013-4505050,10/4/2015,Natasha Sykes,"Genoa,Liguria,Italy",South,Consumer,10/10/2015,Economy,
AZ-2013-1255477,10/5/2015,Sebastian Barber,"Ratingen,North Rhine-Westphalia,Germany",Central,Home Office,10/8/2015,Economy Plus,
AZ-2013-7546171,10/5/2015,Sophia Owen,"Velbert,North Rhine-Westphalia,Germany",Central,Corporate,10/6/2015,Priority,Critical
AZ-2013-6657478,10/5/2015,Eden Gooseberry,"Linz,Upper Austria,Austria",Central,Corporate,10/9/2015,Economy,
AZ-2013-1235765,10/6/2015,Kristal McCaslin,"Vienna,Vienna,Austria",Central,Corporate,10/10/2015,Economy,
AZ-2013-5850386,10/6/2015,Jacob Roemer,"Dresden,Saxony,Germany",Central,Corporate,10/10/2015,Economy,
BN-2013-9455673,10/6/2015,Charlie Horrocks,"Bar-le-Duc,Alsace-Champagne-Ardenne-Lorraine,France",Central,Consumer,10/10/2015,Economy,
BN-2013-7314107,10/8/2015,Stacy Cummings,"Cesena,Emilia-Romagna,Italy",South,Consumer,10/14/2015,Economy,
AZ-2013-424654,10/9/2015,Tyson Hanna,"Runcorn,England,United Kingdom",North,Consumer,10/16/2015,Economy,
AZ-2013-1317735,10/9/2015,Kayla Ronald,"Harrogate,England,United Kingdom",North,Corporate,10/13/2015,Economy,
AZ-2013-2566015,10/9/2015,Carol Evans,"Madrid,Madrid,Spain",South,Consumer,10/12/2015,Priority,Critical
AZ-2013-3515290,10/10/2015,Rory Martindale,"Eastbourne,England,United Kingdom",North,Consumer,10/15/2015,Economy,
BN-2013-2588194,10/10/2015,Jared Wurster,"Porto,Porto,Portugal",South,Consumer,10/11/2015,Priority,Critical
AZ-2013-2203861,10/11/2015,Alana Zahel,"Annonay,Auvergne-Rhône-Alpes,France",Central,Consumer,10/15/2015,Economy,
AZ-2013-5227622,10/11/2015,Mark Burkett,"Wakefield,England,United Kingdom",North,Home Office,10/14/2015,Economy Plus,
BN-2013-6158270,10/11/2015,Jade Howe,"Milan,Lombardy,Italy",South,Corporate,10/15/2015,Economy Plus,
AZ-2013-1448601,10/12/2015,Mark Harris,"Berne,Bern,Switzerland",Central,Consumer,10/16/2015,Economy,
AZ-2013-3075168,10/12/2015,Zachary Disher,"Great Yarmouth,England,United Kingdom",North,Consumer,10/14/2015,Economy Plus,
AZ-2013-4133988,10/12/2015,William Somerville,"Dorsten,North Rhine-Westphalia,Germany",Central,Corporate,10/16/2015,Economy,
BN-2013-1094038,10/12/2015,Isabella Cleary,"Taranto,Apulia,Italy",South,Home Office,10/16/2015,Economy,
BN-2013-3350047,10/12/2015,Courtney Hancock,"Neuilly-sur-Seine,Ile-de-France,France",Central,Consumer,10/16/2015,Economy,
AZ-2013-5776875,10/13/2015,Kiera Chandler,"Valencia,Valenciana,Spain",South,Consumer,10/13/2015,Immediate,Critical
AZ-2013-186027,10/13/2015,Joel McKean,"Cuenca,Castile-La Mancha,Spain",South,Home Office,10/18/2015,Economy,
BN-2013-2633333,10/13/2015,Toby Starling,"Porto,Porto,Portugal",South,Consumer,10/17/2015,Economy,
AZ-2013-8194857,10/15/2015,Gabrielle Tulaba,"Antwerp,Antwerp,Belgium",Central,Consumer,10/19/2015,Economy,
AZ-2013-1372468,10/15/2015,Niki Peirce,"Valencia,Valenciana,Spain",South,Consumer,10/19/2015,Economy Plus,
BN-2013-7615077,10/15/2015,Robert James,"Modena,Emilia-Romagna,Italy",South,Home Office,10/22/2015,Economy,
AZ-2013-9263233,10/16/2015,Zona Meyer,"Aubervilliers,Ile-de-France,France",Central,Corporate,10/18/2015,Economy Plus,
AZ-2013-5465324,10/16/2015,Corey Browne,"Hamburg,Hamburg,Germany",Central,Consumer,10/21/2015,Economy,
AZ-2013-5702872,10/17/2015,Joan Douglas,"Lorca,Murcia,Spain",South,Corporate,10/23/2015,Economy,
AZ-2013-1313420,10/17/2015,Gilbert Montgomery,"Villiers-le-Bel,Ile-de-France,France",Central,Consumer,10/19/2015,Priority,Critical
BN-2013-1620263,10/17/2015,Bradley Howell,"Heerlen,Limburg,Netherlands",Central,Corporate,10/18/2015,Priority,Critical
AZ-2013-7312557,10/18/2015,Lucas Wood,"Chesterfield,England,United Kingdom",North,Corporate,10/23/2015,Economy Plus,
AZ-2013-7735459,10/19/2015,Harvey Drozd,"Marseille,Provence-Alpes-Côte d'Azur,France",Central,Consumer,10/25/2015,Economy,
AZ-2013-6105265,10/19/2015,Aaron Bootman,"Marseille,Provence-Alpes-Côte d'Azur,France",Central,Consumer,10/21/2015,Economy Plus,
AZ-2013-5292560,10/19/2015,Matilda Jackson,"Elx,Valenciana,Spain",South,Corporate,10/23/2015,Economy,
AZ-2013-8869856,10/19/2015,Joan Douglas,"Madrid,Madrid,Spain",South,Corporate,10/19/2015,Immediate,Critical
AZ-2013-4187412,10/19/2015,Florence Wark,"Seraing,Liège,Belgium",Central,Consumer,10/23/2015,Economy,
AZ-2013-2429126,10/22/2015,Arnold Jones,"Liverpool,England,United Kingdom",North,Corporate,10/25/2015,Priority,Critical
AZ-2013-990166,10/23/2015,Toby Starling,"Le Blanc-Mesnil,Ile-de-France,France",Central,Consumer,10/23/2015,Immediate,Critical
AZ-2013-1245040,10/24/2015,Owen Faulkner,"Vienna,Vienna,Austria",Central,Home Office,10/25/2015,Priority,Critical
AZ-2013-890356,10/24/2015,Amanda Hutcherson,"Acerra,Campania,Italy",South,Corporate,10/29/2015,Economy,
AZ-2013-9000546,10/24/2015,Aidan Rowe,"Barakaldo,Basque Country,Spain",South,Consumer,10/28/2015,Economy,
AZ-2013-3293484,10/25/2015,Kai Ford,"Lyon,Auvergne-Rhône-Alpes,France",Central,Corporate,10/29/2015,Economy Plus,
BN-2013-7058258,10/25/2015,David Mortlock,"Uithoorn,North Holland,Netherlands",Central,Consumer,10/29/2015,Economy,
AZ-2013-1579210,10/26/2015,Harrison Crawford,"Maidstone,England,United Kingdom",North,Home Office,10/31/2015,Economy,
AZ-2013-6063955,10/26/2015,Ramona Hohl,"Palma de Mallorca,Balearic Islands,Spain",South,Consumer,10/29/2015,Economy Plus,
AZ-2013-1025501,10/29/2015,Samuel Hardey,"Magdeburg,Saxony-Anhalt,Germany",Central,Home Office,11/2/2015,Economy,
AZ-2013-6141495,10/29/2015,Madelyn Anderson,"Halesowen,England,United Kingdom",North,Corporate,11/3/2015,Economy Plus,
AZ-2013-9354071,10/30/2015,Caitlin Schmidt,"Puteaux,Ile-de-France,France",Central,Corporate,11/4/2015,Economy Plus,
AZ-2013-3198739,10/30/2015,Jake Goodwin,"Valencia,Valenciana,Spain",South,Home Office,11/4/2015,Economy,
AZ-2013-6181166,10/30/2015,Leo Jenkins,"Glasgow,Scotland,United Kingdom",North,Home Office,11/3/2015,Economy Plus,
AZ-2013-3461507,10/30/2015,Alexandra Macdonald,"Fontaine,Auvergne-Rhône-Alpes,France",Central,Corporate,11/1/2015,Economy Plus,
AZ-2013-8659278,10/31/2015,Eve Spencer,"Augsburg,Bavaria,Germany",Central,Consumer,10/31/2015,Immediate,Critical
BN-2013-6314104,10/31/2015,John Harris,"The Hague,South Holland,Netherlands",Central,Corporate,11/7/2015,Economy,
AZ-2013-796165,11/1/2015,Charlotte Savage,"Bilbao,Basque Country,Spain",South,Consumer,11/6/2015,Economy,
AZ-2013-4915584,11/1/2015,James Groom,"Calais,Nord-Pas-de-Calais-Picardie,France",Central,Corporate,11/5/2015,Economy,
AZ-2013-61597,11/2/2015,Ricky Cullen,"Quimper,Brittany,France",Central,Consumer,11/7/2015,Economy,
AZ-2013-5007894,11/2/2015,Jacob Varley,"Magdeburg,Saxony-Anhalt,Germany",Central,Corporate,11/7/2015,Economy,
AZ-2013-6552361,11/2/2015,Jamie Le Grand,"Espoo,Uusimaa,Finland",North,Home Office,11/7/2015,Economy,
AZ-2013-686956,11/2/2015,Sophie Watson,"Cholet,Pays de la Loire,France",Central,Corporate,11/6/2015,Economy,
AZ-2013-6313494,11/2/2015,James Casados,"Les Pavillons-sous-Bois,Ile-de-France,France",Central,Consumer,11/8/2015,Economy,
AZ-2013-5970660,11/2/2015,Jasmine Slater,"Darmstadt,Hesse,Germany",Central,Corporate,11/7/2015,Economy Plus,
AZ-2013-6371048,11/2/2015,Sophie Franklin,"Nantes,Pays de la Loire,France",Central,Corporate,11/6/2015,Economy Plus,
BN-2013-3917752,11/2/2015,Lisa Casey,"Stockholm,Stockholm,Sweden",North,Corporate,11/4/2015,Priority,Critical
AZ-2013-5999783,11/3/2015,Elise Ali,"Stuttgart,Baden-Württemberg,Germany",Central,Home Office,11/7/2015,Economy,
AZ-2013-9571579,11/3/2015,Kyle Beard,"Dudley,England,United Kingdom",North,Consumer,11/10/2015,Economy,
AZ-2013-7290380,11/3/2015,Stella Hellyer,"Berlin,Berlin,Germany",Central,Consumer,11/5/2015,Economy Plus,
BN-2013-9926490,11/3/2015,Rhonda Ford,"Copenhagen,Hovedstaden,Denmark",North,Consumer,11/7/2015,Economy Plus,
AZ-2013-6062232,11/5/2015,Madeline Crooks,"Dresden,Saxony,Germany",Central,Consumer,11/10/2015,Economy,
AZ-2013-7691747,11/5/2015,Amy Pritchard,"Rome,Lazio,Italy",South,Consumer,11/7/2015,Economy Plus,
BN-2013-2606069,11/5/2015,Maynard Moorman,"Castelldefels,Catalonia,Spain",South,Consumer,11/7/2015,Priority,Critical
AZ-2013-8159608,11/6/2015,Kevin Madigan,"Basildon,England,United Kingdom",North,Consumer,11/8/2015,Economy Plus,
AZ-2013-7146719,11/6/2015,Peggy Hua,"Vichy,Auvergne-Rhône-Alpes,France",Central,Corporate,11/9/2015,Economy Plus,
AZ-2013-405028,11/6/2015,Sophie Franklin,"Berlin,Berlin,Germany",Central,Corporate,11/10/2015,Economy,
BN-2013-7226862,11/6/2015,Daisy Summers,"Groningen,Groningen,Netherlands",Central,Corporate,11/9/2015,Economy Plus,
AZ-2013-7322131,11/7/2015,Charlie Power,"Vienna,Vienna,Austria",Central,Home Office,11/11/2015,Economy,
AZ-2013-8301856,11/7/2015,Tristan Glassey,"London,England,United Kingdom",North,Consumer,11/10/2015,Priority,Critical
AZ-2013-8207350,11/7/2015,Matthew Gill,"Maidenhead,England,United Kingdom",North,Home Office,11/10/2015,Economy Plus,
AZ-2013-8213331,11/7/2015,Alice Currie,"Le Havre,Normandy,France",Central,Consumer,11/11/2015,Economy,
AZ-2013-4266706,11/7/2015,Wanda Wingert,"Gateshead,England,United Kingdom",North,Consumer,11/11/2015,Economy,
AZ-2013-4134876,11/7/2015,Harry Josephson,"Halle,North Rhine-Westphalia,Germany",Central,Consumer,11/13/2015,Economy,
AZ-2013-4092169,11/7/2015,Lucas Warren,"Cologne,North Rhine-Westphalia,Germany",Central,Consumer,11/11/2015,Economy,
AZ-2013-5696844,11/8/2015,Isabelle Norton,"Salamanca,Castile and León,Spain",South,Consumer,11/12/2015,Economy,
BN-2013-407737,11/8/2015,Thomas McCallum,"Amsterdam,North Holland,Netherlands",Central,Consumer,11/13/2015,Economy,
BN-2013-3803426,11/8/2015,Tyson Jonathan,"Edinburgh,Scotland,United Kingdom",North,Consumer,11/10/2015,Priority,Critical
AZ-2013-281337,11/9/2015,Joel Ortega,"Tarragona,Catalonia,Spain",South,Corporate,11/16/2015,Economy,
BN-2013-1505908,11/9/2015,Mohammed Fox,"Delft,South Holland,Netherlands",Central,Consumer,11/13/2015,Economy,
BN-2013-3470282,11/9/2015,Isaac David,"The Hague,South Holland,Netherlands",Central,Corporate,11/12/2015,Priority,Critical
BN-2013-2678087,11/10/2015,Larry Lambert,"Coimbra,Coimbra,Portugal",South,Consumer,11/15/2015,Economy,
BN-2013-8249195,11/10/2015,Gracie Hicks,"Birmingham,England,United Kingdom",North,Consumer,11/17/2015,Economy,
AZ-2013-881740,11/12/2015,Luz Reilly,"Charleroi,Hainaut,Belgium",Central,Consumer,11/12/2015,Immediate,Critical
AZ-2013-9091155,11/12/2015,Dominic Jordan,"Portsmouth,England,United Kingdom",North,Consumer,11/14/2015,Economy Plus,
AZ-2013-7397368,11/12/2015,Freddie Kaur,"Las Rozas de Madrid,Madrid,Spain",South,Consumer,11/14/2015,Economy Plus,
AZ-2013-6132734,11/12/2015,Ewan Hyde,"Strasbourg,Alsace-Champagne-Ardenne-Lorraine,France",Central,Consumer,11/16/2015,Economy,
AZ-2013-9006218,11/12/2015,Summer Hayward,"Essen,North Rhine-Westphalia,Germany",Central,Consumer,11/17/2015,Economy,
BN-2013-8558415,11/12/2015,Piper Wilder-Neligan,"Stockholm,Stockholm,Sweden",North,Consumer,11/17/2015,Economy Plus,
BN-2013-5807388,11/12/2015,Alice Black,"Heerlen,Limburg,Netherlands",Central,Home Office,11/16/2015,Economy,
BN-2013-2852434,11/12/2015,Max Craig,"Caserta,Campania,Italy",South,Corporate,11/14/2015,Economy Plus,
AZ-2013-135124,11/13/2015,Judy Rodriquez,"Mougins,Provence-Alpes-Côte d'Azur,France",Central,Consumer,11/15/2015,Priority,Critical
AZ-2013-1120520,11/13/2015,Lola Hughes,"London,England,United Kingdom",North,Consumer,11/18/2015,Economy,
AZ-2013-1444287,11/13/2015,Adam Peacock,"Hamburg,Hamburg,Germany",Central,Corporate,11/14/2015,Priority,Critical
AZ-2013-9306812,11/13/2015,Florence Wark,"Rueil-Malmaison,Ile-de-France,France",Central,Consumer,11/17/2015,Economy,
BN-2013-2514877,11/13/2015,Juanita Smalls,"London,England,United Kingdom",North,Home Office,11/17/2015,Economy,
AZ-2013-5945845,11/14/2015,Faith Greenwood,"Plymouth,England,United Kingdom",North,Consumer,11/18/2015,Economy,
AZ-2013-2468600,11/14/2015,Declan Dundas,"Turin,Piedmont,Italy",South,Corporate,11/19/2015,Economy,
AZ-2013-3326917,11/14/2015,Karon Shah,"Solingen,North Rhine-Westphalia,Germany",Central,Corporate,11/20/2015,Economy,
AZ-2013-6980084,11/14/2015,Karla Dunkley,"Saint-Ouen,Ile-de-France,France",Central,Consumer,11/19/2015,Economy,
BN-2013-8485680,11/14/2015,Kazuko Mason,"Erfurt,Thuringia,Germany",Central,Home Office,11/16/2015,Priority,Critical
BN-2013-3695391,11/14/2015,Jordan Peacock,"Mulhouse,Alsace-Champagne-Ardenne-Lorraine,France",Central,Corporate,11/19/2015,Economy,
AZ-2013-7597474,11/15/2015,Freddie Kaur,"Hamburg,Hamburg,Germany",Central,Consumer,11/20/2015,Economy,
AZ-2013-242926,11/15/2015,Isabelle Radcliffe,"Linz,Upper Austria,Austria",Central,Corporate,11/18/2015,Economy Plus,
AZ-2013-1311863,11/15/2015,Leroy Dudley,"Strasbourg,Alsace-Champagne-Ardenne-Lorraine,France",Central,Consumer,11/18/2015,Priority,Critical
AZ-2013-7943122,11/16/2015,George Bryan,"Le Mans,Pays de la Loire,France",Central,Consumer,11/20/2015,Economy,
AZ-2013-4982500,11/16/2015,Faith Chambers,"Gladbeck,North Rhine-Westphalia,Germany",Central,Consumer,11/18/2015,Priority,Critical
AZ-2013-8803933,11/16/2015,Justin Armit,"Bradford,England,United Kingdom",North,Consumer,11/19/2015,Priority,Critical
BN-2013-2735217,11/16/2015,Madelyn Anderson,"Frontignan,Languedoc-Roussillon-Midi-Pyrénées,France",Central,Corporate,11/20/2015,Economy,
AZ-2013-2010603,11/17/2015,Jasmine Slater,"Dreux,Centre-Val de Loire,France",Central,Corporate,11/20/2015,Priority,Critical
AZ-2013-4780772,11/17/2015,Angelina Hurst,"Erlangen,Bavaria,Germany",Central,Consumer,11/23/2015,Economy,
BN-2013-1829303,11/17/2015,Ewan O'Neill,"Florence,Tuscany,Italy",South,Corporate,11/22/2015,Economy,
AZ-2013-2890966,11/18/2015,Harvey Daniels,"London,England,United Kingdom",North,Consumer,11/25/2015,Economy,
AZ-2013-684636,11/18/2015,Rachel Tyler,"Stoke-on-Trent,England,United Kingdom",North,Corporate,11/25/2015,Economy,
AZ-2013-7287311,11/19/2015,Kenneth Gonzales,"Dartford,England,United Kingdom",North,Consumer,11/21/2015,Priority,Critical
AZ-2013-7462248,11/19/2015,Maria Kennedy,"Benevento,Campania,Italy",South,Consumer,11/22/2015,Priority,Critical
BN-2013-4955166,11/19/2015,Phoebe Moore,"Conflans-Sainte-Honorine,Ile-de-France,France",Central,Corporate,11/23/2015,Economy,
BN-2013-6496394,11/19/2015,Beverly Brooks,"Birmingham,England,United Kingdom",North,Consumer,11/23/2015,Economy,
BN-2013-4370174,11/19/2015,Ashley Baldwinson,"Newcastle upon Tyne,England,United Kingdom",North,Corporate,11/25/2015,Economy,
AZ-2013-82677,11/20/2015,Mariam McMeckan,"Ghent,East Flanders,Belgium",Central,Corporate,11/27/2015,Economy,
AZ-2013-6529496,11/20/2015,Charlie Smithies,"Rugby,England,United Kingdom",North,Consumer,11/25/2015,Economy,
AZ-2013-2652183,11/20/2015,David Arnold,"Copenhagen,Hovedstaden,Denmark",North,Consumer,11/24/2015,Economy,
AZ-2013-2671803,11/20/2015,Edward Davidson,"Berlin,Berlin,Germany",Central,Home Office,11/26/2015,Economy,
AZ-2013-3656949,11/20/2015,Jose Gambino,"Carpi,Emilia-Romagna,Italy",South,Corporate,11/24/2015,Economy,
AZ-2013-6322927,11/20/2015,Jose Gambino,"Mansfield,England,United Kingdom",North,Corporate,11/22/2015,Priority,Critical
AZ-2013-8017533,11/20/2015,Ethan Williams,"Saint-Brieuc,Brittany,France",Central,Corporate,11/27/2015,Economy,
AZ-2013-7204904,11/20/2015,Eleanor Doyle,"Plymouth,England,United Kingdom",North,Consumer,11/23/2015,Economy Plus,
AZ-2013-1274934,11/21/2015,Gail Thompson,"Carlisle,England,United Kingdom",North,Consumer,11/21/2015,Immediate,Critical
AZ-2013-2294363,11/21/2015,Jonathan Barbee,"Stavanger,Rogaland,Norway",North,Consumer,11/25/2015,Economy Plus,
AZ-2013-8603182,11/21/2015,Tom Charlton,"Bielefeld,North Rhine-Westphalia,Germany",Central,Corporate,11/23/2015,Economy Plus,
AZ-2013-7600206,11/22/2015,Millie Newman,"Rambouillet,Ile-de-France,France",Central,Consumer,11/26/2015,Economy,
AZ-2013-8348952,11/22/2015,Zachary Warner,"Reading,England,United Kingdom",North,Consumer,11/27/2015,Economy,
AZ-2013-9517506,11/22/2015,Harvey Drozd,"Koblenz,Rhineland-Palatinate,Germany",Central,Consumer,11/29/2015,Economy,
AZ-2013-8946887,11/22/2015,Chelsea Bannister,"Berck,Nord-Pas-de-Calais-Picardie,France",Central,Consumer,11/22/2015,Immediate,Critical
AZ-2013-7044470,11/23/2015,James Bruns,"Madrid,Madrid,Spain",South,Consumer,11/30/2015,Economy,
AZ-2013-3127336,11/23/2015,Tricia Bustamante,"Kiel,Schleswig-Holstein,Germany",Central,Corporate,11/30/2015,Economy,
AZ-2013-6593981,11/23/2015,Anna Moreton,"Le Blanc-Mesnil,Ile-de-France,France",Central,Corporate,11/27/2015,Economy,
AZ-2013-388293,11/23/2015,Gracie Powell,"Aachen,North Rhine-Westphalia,Germany",Central,Consumer,11/29/2015,Economy,
AZ-2013-696326,11/23/2015,Donald Molina,"Cologne,North Rhine-Westphalia,Germany",Central,Home Office,11/25/2015,Priority,Critical
AZ-2013-6565127,11/23/2015,Sebastian Barber,"Palaiseau,Ile-de-France,France",Central,Home Office,11/25/2015,Priority,Critical
AZ-2013-4756629,11/23/2015,Rebecca Heysen,"Marseille,Provence-Alpes-Côte d'Azur,France",Central,Corporate,11/27/2015,Economy,
BN-2013-6637489,11/23/2015,Gerald Galvan,"Berlin,Berlin,Germany",Central,Corporate,11/25/2015,Economy Plus,
AZ-2013-1917714,11/25/2015,Rachel Tyler,"Illkirch-Graffenstaden,Alsace-Champagne-Ardenne-Lorraine,France",Central,Corporate,11/29/2015,Economy,
AZ-2013-5802443,11/25/2015,Donald Pak,"Paris,Ile-de-France,France",Central,Corporate,11/30/2015,Economy,
AZ-2013-6686311,11/26/2015,Zona Meyer,"Hengelo,Overijssel,Netherlands",Central,Corporate,11/28/2015,Economy Plus,
AZ-2013-2791278,11/26/2015,Toby Conway,"Gloucester,England,United Kingdom",North,Consumer,11/30/2015,Economy,
AZ-2013-7312978,11/26/2015,Claudia Poore,"Huelva,Andalusía,Spain",South,Corporate,12/1/2015,Economy,
AZ-2013-4071226,11/26/2015,Makayla Elphinstone,"Naples,Campania,Italy",South,Consumer,12/2/2015,Economy,
AZ-2013-1958192,11/26/2015,Michael Myers,"Puertollano,Castile-La Mancha,Spain",South,Home Office,11/28/2015,Economy Plus,
AZ-2013-6873105,11/26/2015,Hudson Ordell,"Marseille,Provence-Alpes-Côte d'Azur,France",Central,Corporate,11/28/2015,Economy Plus,
AZ-2013-2020686,11/26/2015,Rachel Morton,"Witten,North Rhine-Westphalia,Germany",Central,Corporate,11/29/2015,Priority,Critical
BN-2013-6039695,11/26/2015,John Town,"Stockholm,Stockholm,Sweden",North,Consumer,11/29/2015,Economy Plus,
AZ-2013-2605178,11/27/2015,Laura Elizabeth,"London,England,United Kingdom",North,Consumer,12/2/2015,Economy,
AZ-2013-1362722,11/27/2015,Shannon Lane,"Northampton,England,United Kingdom",North,Consumer,11/27/2015,Immediate,Critical
BN-2013-717588,11/27/2015,Liam Marshall,"Amsterdam,North Holland,Netherlands",Central,Home Office,11/28/2015,Priority,Critical
AZ-2013-6551500,11/28/2015,Peter Daly,"Graz,Styria,Austria",Central,Consumer,11/30/2015,Priority,Critical
AZ-2013-9665957,11/28/2015,Harry Nelson,"Reading,England,United Kingdom",North,Consumer,12/4/2015,Economy,
AZ-2013-3692060,11/28/2015,Janet Broussard,"Manchester,England,United Kingdom",North,Consumer,11/30/2015,Priority,Critical
AZ-2013-2847,11/29/2015,Maynard Moorman,"Barakaldo,Basque Country,Spain",South,Consumer,12/5/2015,Economy,
AZ-2013-2986010,11/29/2015,Daniel Lucas,"Duisburg,North Rhine-Westphalia,Germany",Central,Home Office,12/3/2015,Economy,
AZ-2013-2587555,11/29/2015,Terence Welch,"Leipzig,Saxony,Germany",Central,Consumer,12/3/2015,Economy,
AZ-2013-9489930,11/29/2015,Ashton Charles,"Osny,Ile-de-France,France",Central,Consumer,12/4/2015,Economy,
AZ-2013-7261942,11/29/2015,Nancy Seay,"Vienna,Vienna,Austria",Central,Consumer,12/2/2015,Economy Plus,
BN-2013-8418057,11/29/2015,Jamie Le Grand,"Stockholm,Stockholm,Sweden",North,Home Office,12/3/2015,Economy,
AZ-2013-5020127,11/30/2015,Naomi Hancock,"Wiesbaden,Hesse,Germany",Central,Corporate,12/5/2015,Economy,
AZ-2013-4503283,11/30/2015,Erick Tanner,"Paris,Ile-de-France,France",Central,Corporate,12/7/2015,Economy,
AZ-2013-156529,12/1/2015,Angelina Beeton,"Linz,Upper Austria,Austria",Central,Consumer,12/5/2015,Economy,
AZ-2013-6800942,12/1/2015,Ethan Barrett,"Utrecht,Utrecht,Netherlands",Central,Consumer,12/3/2015,Priority,Critical
AZ-2013-708571,12/1/2015,Georgina Storey,"Paris,Ile-de-France,France",Central,Consumer,12/8/2015,Economy,
AZ-2013-2558341,12/1/2015,Stella Hellyer,"Bordeaux,Aquitaine-Limousin-Poitou-Charentes,France",Central,Consumer,12/6/2015,Economy,
AZ-2013-7421576,12/1/2015,Josh Wilkinson,"Madrid,Madrid,Spain",South,Corporate,12/4/2015,Economy Plus,
AZ-2013-6220959,12/3/2015,Archie Whittaker,"Paris,Ile-de-France,France",Central,Home Office,12/3/2015,Immediate,Critical
BN-2013-1315378,12/3/2015,Katherine Grant,"Tilburg,North Brabant,Netherlands",Central,Consumer,12/8/2015,Economy,
AZ-2013-6440318,12/4/2015,Ronald Everson,"Cambrai,Nord-Pas-de-Calais-Picardie,France",Central,Corporate,12/8/2015,Economy Plus,
AZ-2013-3220222,12/4/2015,Toby Conway,"Moncalieri,Piedmont,Italy",South,Consumer,12/4/2015,Immediate,Critical
AZ-2013-6334025,12/4/2015,Craig Rayner,"Wiesbaden,Hesse,Germany",Central,Consumer,12/9/2015,Economy,
AZ-2013-7662993,12/4/2015,Spencer Wallis,"Nottingham,England,United Kingdom",North,Consumer,12/9/2015,Economy,
AZ-2013-8044431,12/4/2015,Lucas Northcott,"Glasgow,Scotland,United Kingdom",North,Consumer,12/10/2015,Economy,
AZ-2013-1741876,12/4/2015,Matilda Jackson,"Vitoria,Basque Country,Spain",South,Corporate,12/5/2015,Priority,Critical
AZ-2013-6121627,12/4/2015,Chloe Landale,"Plymouth,England,United Kingdom",North,Home Office,12/8/2015,Economy,
AZ-2013-4386533,12/4/2015,Isabelle Macghey,"Heidelberg,Baden-Württemberg,Germany",Central,Consumer,12/9/2015,Economy,
AZ-2013-467128,12/5/2015,John Basser,"Hamburg,Hamburg,Germany",Central,Corporate,12/10/2015,Economy,
AZ-2013-514830,12/5/2015,Holly Black,"Milan,Lombardy,Italy",South,Home Office,12/7/2015,Priority,Critical
AZ-2013-7453439,12/5/2015,Poppy Gunn,"Vienna,Vienna,Austria",Central,Consumer,12/10/2015,Economy,
BN-2013-236928,12/5/2015,Joel Peters,"Trier,Rhineland-Palatinate,Germany",Central,Home Office,12/7/2015,Priority,Critical
BN-2013-333027,12/5/2015,Anna Macdonald,"Avellino,Campania,Italy",South,Consumer,12/9/2015,Economy,
BN-2013-5879462,12/5/2015,Enrique Friedman,"Shrewsbury,England,United Kingdom",North,Consumer,12/11/2015,Economy,
AZ-2013-6085124,12/6/2015,Ebony Northcott,"Nice,Provence-Alpes-Côte d'Azur,France",Central,Consumer,12/10/2015,Economy,
AZ-2013-9057742,12/6/2015,Lily Tyler,"Glasgow,Scotland,United Kingdom",North,Home Office,12/8/2015,Priority,Critical
AZ-2013-1673831,12/6/2015,Elijah Ruatoka,"Flensburg,Schleswig-Holstein,Germany",Central,Home Office,12/10/2015,Economy,
AZ-2013-1510568,12/6/2015,David To,"Remscheid,North Rhine-Westphalia,Germany",Central,Home Office,12/7/2015,Immediate,Critical
AZ-2013-2377815,12/6/2015,Freya Briggs,"Saint-Avold,Alsace-Champagne-Ardenne-Lorraine,France",Central,Corporate,12/11/2015,Economy,
AZ-2013-6438316,12/7/2015,Sue Castaneda,"Mons-en-Baroeul,Nord-Pas-de-Calais-Picardie,France",Central,Home Office,12/13/2015,Economy,
AZ-2013-6411622,12/7/2015,Tricia Bustamante,"Madrid,Madrid,Spain",South,Corporate,12/11/2015,Economy,
AZ-2013-9345713,12/8/2015,Philip Newsom,"Halle,North Rhine-Westphalia,Germany",Central,Corporate,12/9/2015,Priority,Critical
AZ-2013-4450786,12/8/2015,Nathan Clayton,"Bremen,Bremen,Germany",Central,Consumer,12/12/2015,Economy,
AZ-2013-5764612,12/8/2015,Claire Dilke,"Meudon,Ile-de-France,France",Central,Consumer,12/11/2015,Priority,Critical
AZ-2013-7868925,12/8/2015,Joel Ortega,"Kettering,England,United Kingdom",North,Corporate,12/14/2015,Economy,
AZ-2013-7222036,12/10/2015,Donna Farr,"Vienna,Vienna,Austria",Central,Consumer,12/17/2015,Economy,
AZ-2013-5004800,12/10/2015,Marie Lawson,"Naples,Campania,Italy",South,Corporate,12/17/2015,Economy,
AZ-2013-8343669,12/10/2015,Poppy Gunn,"Nantes,Pays de la Loire,France",Central,Consumer,12/14/2015,Economy Plus,
AZ-2013-3225863,12/10/2015,Kyle Beard,"Oslo,Oslo,Norway",North,Consumer,12/14/2015,Economy,
AZ-2013-3733101,12/10/2015,Louise Winter,"Clamart,Ile-de-France,France",Central,Corporate,12/14/2015,Economy Plus,
AZ-2013-9884020,12/10/2015,Evie Morton,"Peterborough,England,United Kingdom",North,Consumer,12/16/2015,Economy,
AZ-2013-5467266,12/10/2015,Eloise Mahmood,"Farnborough,England,United Kingdom",North,Corporate,12/13/2015,Priority,Critical
BN-2013-2815827,12/10/2015,Hayden Perkins,"Sabadell,Catalonia,Spain",South,Consumer,12/14/2015,Economy,
AZ-2013-8670779,12/11/2015,Jacob Varley,"Reggio nell'Emilia,Emilia-Romagna,Italy",South,Corporate,12/16/2015,Economy,
AZ-2013-4420211,12/11/2015,Amelie North,"Seville,Andalusía,Spain",South,Corporate,12/12/2015,Priority,Critical
AZ-2013-8622120,12/11/2015,Rachel Morton,"Saint-Michel-sur-Orge,Ile-de-France,France",Central,Corporate,12/16/2015,Economy,
AZ-2013-4888729,12/11/2015,Jonathan Loftus,"Paris,Ile-de-France,France",Central,Home Office,12/15/2015,Economy,
BN-2013-2477715,12/11/2015,Joan Douglas,"Lisbon,Lisboa,Portugal",South,Corporate,12/16/2015,Economy,
AZ-2013-1150864,12/12/2015,Kristina Moore,"Salzburg,Salzburg,Austria",Central,Corporate,12/16/2015,Economy,
AZ-2013-1450841,12/12/2015,Mary Hough,"Southend-on-Sea,England,United Kingdom",North,Home Office,12/18/2015,Economy,
AZ-2013-4109586,12/12/2015,Alannah Langridge,"Torrevieja,Valenciana,Spain",South,Consumer,12/16/2015,Economy,
BN-2013-4478549,12/12/2015,Noah Hart,"Stockholm,Stockholm,Sweden",North,Consumer,12/16/2015,Economy,
AZ-2013-3232333,12/13/2015,Josh Wilkinson,"Barcelona,Catalonia,Spain",South,Corporate,12/18/2015,Economy,
AZ-2013-2544170,12/13/2015,Alana Tyson,"Montpellier,Languedoc-Roussillon-Midi-Pyrénées,France",Central,Home Office,12/19/2015,Economy,
BN-2013-8862051,12/13/2015,Peggy Hua,"Madrid,Madrid,Spain",South,Corporate,12/19/2015,Economy,
BN-2013-3849014,12/13/2015,James Lamoureux,"Schiedam,South Holland,Netherlands",Central,Corporate,12/20/2015,Economy,
AZ-2013-4382245,12/14/2015,Eloise Sykes,"Menden,North Rhine-Westphalia,Germany",Central,Consumer,12/19/2015,Economy,
AZ-2013-8948027,12/14/2015,Debbie Fisk,"Vienna,Vienna,Austria",Central,Corporate,12/18/2015,Economy,
AZ-2013-1120035,12/14/2015,Jonathan Bottrill,"Aalen,Baden-Württemberg,Germany",Central,Consumer,12/20/2015,Economy,
AZ-2013-8089824,12/14/2015,Tyler Miah,"Krefeld,North Rhine-Westphalia,Germany",Central,Home Office,12/20/2015,Economy,
AZ-2013-560367,12/14/2015,David Velasquez,"Fuenlabrada,Madrid,Spain",South,Home Office,12/20/2015,Economy,
AZ-2013-7291240,12/14/2015,Crystal Turner,"Derby,England,United Kingdom",North,Consumer,12/20/2015,Economy,
BN-2013-833210,12/14/2015,Imogen Smithies,"Spijkenisse,South Holland,Netherlands",Central,Corporate,12/14/2015,Immediate,Critical
AZ-2013-1703913,12/15/2015,Maya Summers,"Leeds,England,United Kingdom",North,Home Office,12/17/2015,Economy Plus,
AZ-2013-4909261,12/15/2015,Jonathan Bottrill,"Hanover,Lower Saxony,Germany",Central,Consumer,12/20/2015,Economy,
AZ-2013-3160471,12/17/2015,Rory Gunson,"Hildesheim,Lower Saxony,Germany",Central,Consumer,12/21/2015,Economy Plus,
AZ-2013-3032452,12/17/2015,Isabella Cleary,"Gradignan,Aquitaine-Limousin-Poitou-Charentes,France",Central,Home Office,12/21/2015,Economy,
AZ-2013-2070413,12/17/2015,Joseph Ford,"Stafford,England,United Kingdom",North,Corporate,12/24/2015,Economy,
AZ-2013-8483986,12/17/2015,Tia Metcalfe,"Tourcoing,Nord-Pas-de-Calais-Picardie,France",Central,Consumer,12/19/2015,Economy Plus,
AZ-2013-1043489,12/17/2015,Archer Hort,"Berlin,Berlin,Germany",Central,Consumer,12/20/2015,Priority,Critical
BN-2013-6379006,12/17/2015,Jean Crowley,"Dordrecht,South Holland,Netherlands",Central,Corporate,12/17/2015,Immediate,Critical
BN-2013-8157732,12/17/2015,Juanita Smalls,"Nijmegen,Gelderland,Netherlands",Central,Home Office,12/18/2015,Priority,Critical
AZ-2013-9186564,12/18/2015,Joel Ortega,"Madrid,Madrid,Spain",South,Corporate,12/18/2015,Immediate,Critical
AZ-2013-2343353,12/18/2015,David Lowe,"Mouscron,Hainaut,Belgium",Central,Consumer,12/22/2015,Economy,
AZ-2013-8583368,12/18/2015,Angie Massengill,"Sucy-en-Brie,Ile-de-France,France",Central,Consumer,12/23/2015,Economy,
AZ-2013-6557454,12/18/2015,Skye McCaffrey,"Berlin,Berlin,Germany",Central,Consumer,12/20/2015,Economy Plus,
AZ-2013-4671281,12/18/2015,Leah Marsh,"Regensburg,Bavaria,Germany",Central,Corporate,12/21/2015,Economy Plus,
BN-2013-2658555,12/18/2015,Leo Bannister,"Munich,Bavaria,Germany",Central,Home Office,12/23/2015,Economy Plus,
AZ-2013-5078982,12/19/2015,Zara Jennings,"Edinburgh,Scotland,United Kingdom",North,Consumer,12/25/2015,Economy,
AZ-2013-8732782,12/19/2015,Lydia Webster,"Greifswald,Mecklenburg-Vorpommern,Germany",Central,Consumer,12/21/2015,Economy Plus,
AZ-2013-2667784,12/19/2015,Holly Doyle,"Rennes,Brittany,France",Central,Consumer,12/26/2015,Economy,
AZ-2013-4589605,12/20/2015,Natasha Sykes,"Cork,Cork,Ireland",North,Consumer,12/26/2015,Economy,
AZ-2013-8560588,12/20/2015,Ruby Frost,"Cartagena,Murcia,Spain",South,Home Office,12/22/2015,Priority,Critical
AZ-2013-962697,12/20/2015,Denise Harris,"Rome,Lazio,Italy",South,Consumer,12/24/2015,Economy,
AZ-2013-2300894,12/20/2015,Pamela Searles,"Nancy,Alsace-Champagne-Ardenne-Lorraine,France",Central,Home Office,12/24/2015,Economy,
AZ-2013-2709879,12/20/2015,Callum Hagai,"Moissy-Cramayel,Ile-de-France,France",Central,Home Office,12/25/2015,Economy Plus,
AZ-2013-6016328,12/20/2015,Eileen Walker,"Essen,North Rhine-Westphalia,Germany",Central,Consumer,12/24/2015,Economy,
AZ-2013-162732,12/20/2015,Joshua Romero,"Leuven,Flemish Brabant,Belgium",Central,Consumer,12/24/2015,Economy,
BN-2013-6111017,12/20/2015,Pamela Searles,"Burgos,Castile and León,Spain",South,Home Office,12/22/2015,Economy Plus,
AZ-2013-3623970,12/21/2015,Indiana Wekey,"Potsdam,Brandenburg,Germany",Central,Corporate,12/27/2015,Economy,
AZ-2013-6980364,12/21/2015,Angus Blacklock,"London,England,United Kingdom",North,Home Office,12/26/2015,Economy,
AZ-2013-4084641,12/21/2015,Nicholas Carey,"Turin,Piedmont,Italy",South,Consumer,12/24/2015,Priority,Critical
AZ-2013-1921214,12/21/2015,Andrew Shah,"Reading,England,United Kingdom",North,Home Office,12/25/2015,Economy,
AZ-2013-8354954,12/21/2015,Gracie Powell,"Swansea,Wales,United Kingdom",North,Consumer,12/26/2015,Economy,
AZ-2013-6928032,12/21/2015,Paige Bibi,"Evry,Ile-de-France,France",Central,Home Office,12/23/2015,Priority,Critical
BN-2013-7382571,12/21/2015,Gregory Rodriguez,"Barcelona,Catalonia,Spain",South,Corporate,12/25/2015,Economy,
BN-2013-7852077,12/21/2015,Kristina Moore,"Reggio nell'Emilia,Emilia-Romagna,Italy",South,Corporate,12/26/2015,Economy,
BN-2013-8199935,12/21/2015,Abby Colebe,"Stuttgart,Baden-Württemberg,Germany",Central,Consumer,12/25/2015,Economy,
AZ-2013-2047593,12/24/2015,Michael Flores,"Brussels,Brussels,Belgium",Central,Corporate,12/29/2015,Economy Plus,
AZ-2013-6241714,12/24/2015,Elijah Ruatoka,"Vichy,Auvergne-Rhône-Alpes,France",Central,Home Office,12/27/2015,Economy Plus,
AZ-2013-6943804,12/24/2015,Gary Crume,"Talence,Aquitaine-Limousin-Poitou-Charentes,France",Central,Consumer,12/29/2015,Economy,
AZ-2013-215072,12/24/2015,Joseph Wright,"Denain,Nord-Pas-de-Calais-Picardie,France",Central,Home Office,12/26/2015,Economy Plus,
AZ-2013-577789,12/25/2015,Walter Aguilar,"Iserlohn,North Rhine-Westphalia,Germany",Central,Consumer,12/27/2015,Economy Plus,
AZ-2013-5024035,12/25/2015,Elise Godfrey,"Lyon,Auvergne-Rhône-Alpes,France",Central,Consumer,12/30/2015,Economy,
BN-2013-8091921,12/25/2015,Maynard Moorman,"Dublin,Dublin,Ireland",North,Consumer,12/30/2015,Economy,
BN-2013-2144250,12/25/2015,Zoe Lanigan,"Schiffweiler,Saarland,Germany",Central,Corporate,12/29/2015,Economy,
BN-2013-6882863,12/25/2015,Kevin O'Neill,"Lyon,Auvergne-Rhône-Alpes,France",Central,Corporate,12/30/2015,Economy,
BN-2013-1962674,12/25/2015,Mary Wilson,"Halle,North Rhine-Westphalia,Germany",Central,Consumer,12/29/2015,Economy Plus,
BN-2013-9324448,12/25/2015,John Basser,"Delmenhorst,Lower Saxony,Germany",Central,Corporate,12/31/2015,Economy,
AZ-2013-8602131,12/26/2015,Linda Dennis,"Gelsenkirchen,North Rhine-Westphalia,Germany",Central,Consumer,1/2/2016,Economy,
AZ-2013-8597747,12/26/2015,Indiana Wekey,"Madrid,Madrid,Spain",South,Corporate,12/28/2015,Priority,Critical
AZ-2013-2353394,12/26/2015,Jonathan Summons,"Wuppertal,North Rhine-Westphalia,Germany",Central,Consumer,12/31/2015,Economy,
AZ-2013-5049068,12/26/2015,Harvey Daniels,"Wiesbaden,Hesse,Germany",Central,Consumer,12/29/2015,Economy Plus,
BN-2013-3585315,12/26/2015,Luca Varley,"Tallaght,Dublin,Ireland",North,Corporate,12/30/2015,Economy,
AZ-2013-5796151,12/27/2015,Nelson Olsen,"Toulon,Provence-Alpes-Côte d'Azur,France",Central,Home Office,1/2/2016,Economy,
AZ-2013-3314064,12/27/2015,Joseph Wright,"Munster,Lower Saxony,Germany",Central,Home Office,12/31/2015,Economy,
AZ-2013-5719967,12/27/2015,Mark Harris,"Le Chesnay,Ile-de-France,France",Central,Consumer,1/2/2016,Economy,
BN-2013-2008783,12/27/2015,Yasmin Bradley,"Bognor Regis,England,United Kingdom",North,Consumer,12/29/2015,Economy Plus,
BN-2013-603818,12/27/2015,Bethany Hunt,"Gera,Thuringia,Germany",Central,Corporate,12/31/2015,Economy,
BN-2013-3586585,12/27/2015,Morgan Dodd,"Deventer,Overijssel,Netherlands",Central,Consumer,12/28/2015,Priority,Critical
AZ-2013-5129738,12/28/2015,Louis Wilson,"Vernon,Normandy,France",Central,Consumer,1/3/2016,Economy,
AZ-2013-214394,12/28/2015,Eva Butler,"Potsdam,Brandenburg,Germany",Central,Corporate,1/3/2016,Economy,
AZ-2013-1085752,12/28/2015,Alexandra Macdonald,"Cosenza,Calabria,Italy",South,Corporate,1/3/2016,Economy,
AZ-2013-2259451,12/28/2015,Claire Harrington,"Meudon,Ile-de-France,France",Central,Home Office,1/1/2016,Economy,
AZ-2013-3256885,12/29/2015,William Jolly,"Clichy,Ile-de-France,France",Central,Consumer,1/5/2016,Economy,
BN-2013-9709500,12/29/2015,Leticia Sorrells,"Rome,Lazio,Italy",South,Consumer,1/1/2016,Priority,Critical
AZ-2013-2753412,12/31/2015,Bryce Efird,"Darmstadt,Hesse,Germany",Central,Corporate,1/5/2016,Economy,
AZ-2013-9630645,12/31/2015,Harriet Webb,"Molfetta,Apulia,Italy",South,Consumer,1/3/2016,Priority,Critical
AZ-2013-4155964,12/31/2015,Steven Prince,"Hamburg,Hamburg,Germany",Central,Home Office,1/2/2016,Priority,Critical
BN-2013-7694817,12/31/2015,Jared Wurster,"Norderstedt,Schleswig-Holstein,Germany",Central,Consumer,1/4/2016,Economy,
AZ-2013-9532879,1/1/2016,Brooke Hodgson,"Halle,Saxony-Anhalt,Germany",Central,Consumer,1/7/2016,Economy,
AZ-2013-3301955,1/1/2016,Nicole Johns,"Marseille,Provence-Alpes-Côte d'Azur,France",Central,Consumer,1/3/2016,Priority,Critical
AZ-2013-7720719,1/1/2016,Laura Elizabeth,"Rome,Lazio,Italy",South,Consumer,1/4/2016,Priority,Critical
AZ-2014-1954192,1/2/2016,Katie Thom,"Vaulx-en-Velin,Auvergne-Rhône-Alpes,France",Central,Corporate,1/6/2016,Economy Plus,
AZ-2014-561709,1/2/2016,Mary Saterfiel,"Pantin,Ile-de-France,France",Central,Consumer,1/4/2016,Economy Plus,
AZ-2014-3279788,1/2/2016,Freya Briggs,"Afragola,Campania,Italy",South,Corporate,1/9/2016,Economy,
BN-2014-6812331,1/2/2016,Brooke Horton,"Cergy,Ile-de-France,France",Central,Consumer,1/4/2016,Economy Plus,
AZ-2014-3079618,1/3/2016,Kazuko Mason,"Puertollano,Castile-La Mancha,Spain",South,Home Office,1/6/2016,Priority,Critical
AZ-2014-3853517,1/4/2016,Lilian Rodgers,"Noisy-le-Grand,Ile-de-France,France",Central,Consumer,1/5/2016,Priority,Critical
AZ-2014-4825277,1/4/2016,Rita McCann,"Torrevieja,Valenciana,Spain",South,Consumer,1/5/2016,Immediate,Critical
AZ-2014-3264915,1/6/2016,Joel McKean,"Clermont-Ferrand,Auvergne-Rhône-Alpes,France",Central,Home Office,1/11/2016,Economy Plus,
AZ-2014-5722987,1/7/2016,Adam Harte,"Basildon,England,United Kingdom",North,Corporate,1/12/2016,Economy,
AZ-2014-1517512,1/7/2016,Bryce Efird,"Pessac,Aquitaine-Limousin-Poitou-Charentes,France",Central,Corporate,1/11/2016,Economy,
BN-2014-585455,1/7/2016,Joe Gilbert,"Drancy,Ile-de-France,France",Central,Home Office,1/11/2016,Economy,
AZ-2014-5289299,1/8/2016,Eleanor Pollard,"Kidderminster,England,United Kingdom",North,Home Office,1/12/2016,Economy,
AZ-2014-6537657,1/9/2016,Hershel Snyder,"Berlin,Berlin,Germany",Central,Corporate,1/9/2016,Immediate,Critical
AZ-2014-874376,1/9/2016,Hayden Weigel,"Milan,Lombardy,Italy",South,Consumer,1/16/2016,Economy,
AZ-2014-3774339,1/9/2016,Jay Andrews,"Tourcoing,Nord-Pas-de-Calais-Picardie,France",Central,Consumer,1/15/2016,Economy,
BN-2014-2460712,1/9/2016,Darcy St George,"Roosendaal,North Brabant,Netherlands",Central,Corporate,1/14/2016,Economy,
BN-2014-4967786,1/9/2016,Sophia Owen,"Amsterdam,North Holland,Netherlands",Central,Corporate,1/13/2016,Economy,
AZ-2014-81293,1/10/2016,Jessica Williams,"Kingswood,England,United Kingdom",North,Consumer,1/10/2016,Immediate,Critical
AZ-2014-285574,1/10/2016,Logan Tilley,"Hartlepool,England,United Kingdom",North,Consumer,1/13/2016,Priority,Critical
AZ-2014-4990754,1/10/2016,Kazuko Mason,"Bath,England,United Kingdom",North,Home Office,1/15/2016,Economy,
AZ-2014-9888408,1/10/2016,Wynona Janelle,"Cagliari,Sardinia,Italy",South,Corporate,1/15/2016,Economy,
BN-2014-6221889,1/10/2016,Phoebe Moore,"Lyon,Auvergne-Rhône-Alpes,France",Central,Corporate,1/11/2016,Immediate,Critical
BN-2014-6883974,1/10/2016,Abby Mei,"Paris,Ile-de-France,France",Central,Corporate,1/10/2016,Immediate,Critical
AZ-2014-8168742,1/11/2016,Imogen Steele,"Les Herbiers,Pays de la Loire,France",Central,Corporate,1/15/2016,Economy,
AZ-2014-3013226,1/11/2016,Paige Hopley,"Milan,Lombardy,Italy",South,Consumer,1/13/2016,Priority,Critical
BN-2014-3382775,1/11/2016,Dominic Elliott,"Sonneberg,Thuringia,Germany",Central,Consumer,1/13/2016,Economy Plus,
AZ-2014-8935301,1/12/2016,Maya Pamphlett,"Asti,Piedmont,Italy",South,Consumer,1/19/2016,Economy,
AZ-2014-9468178,1/14/2016,Will Poynton,"Valencia,Valenciana,Spain",South,Consumer,1/18/2016,Economy,
AZ-2014-7220794,1/14/2016,Tyson Ebden,"Paris,Ile-de-France,France",Central,Consumer,1/18/2016,Economy,
AZ-2014-5295692,1/15/2016,Lamar Lockhart,"Reutlingen,Baden-Württemberg,Germany",Central,Consumer,1/20/2016,Economy Plus,
AZ-2014-2406788,1/15/2016,Alana Zahel,"Munich,Bavaria,Germany",Central,Consumer,1/17/2016,Economy Plus,
AZ-2014-1954439,1/15/2016,Ashley Baldwinson,"Lyon,Auvergne-Rhône-Alpes,France",Central,Corporate,1/20/2016,Economy,
AZ-2014-772338,1/15/2016,Ashton Charles,"Stockton-on-Tees,England,United Kingdom",North,Consumer,1/19/2016,Economy,
AZ-2014-2916681,1/15/2016,Richard Harvey,"Lyon,Auvergne-Rhône-Alpes,France",Central,Corporate,1/19/2016,Economy,
AZ-2014-6107524,1/15/2016,Chloe Miller,"Turin,Piedmont,Italy",South,Consumer,1/17/2016,Priority,Critical
AZ-2014-8636627,1/16/2016,Madeleine Nixon,"Hereford,England,United Kingdom",North,Home Office,1/21/2016,Economy,
AZ-2014-7895228,1/16/2016,Luca Graham,"Hamburg,Hamburg,Germany",Central,Consumer,1/22/2016,Economy,
BN-2014-3515566,1/16/2016,Spencer Calvert,"Perugia,Umbria,Italy",South,Corporate,1/23/2016,Economy,
AZ-2014-7123032,1/17/2016,Eric Anderson,"Tamworth,England,United Kingdom",North,Home Office,1/21/2016,Economy,
AZ-2014-241815,1/17/2016,Tara Hines,"Frankfurt,Hesse,Germany",Central,Consumer,1/22/2016,Economy,
AZ-2014-8131624,1/17/2016,Jason Calhoun,"Oslo,Oslo,Norway",North,Consumer,1/21/2016,Economy,
AZ-2014-8970426,1/17/2016,Abigail Humffray,"La Seyne-sur-Mer,Provence-Alpes-Côte d'Azur,France",Central,Consumer,1/17/2016,Immediate,Critical
AZ-2014-6249694,1/18/2016,Jose Gambino,"Metz,Alsace-Champagne-Ardenne-Lorraine,France",Central,Corporate,1/24/2016,Economy,
AZ-2014-2835554,1/18/2016,Holly Doyle,"Bastia,Corsica,France",Central,Consumer,1/20/2016,Economy Plus,
AZ-2014-7801536,1/18/2016,Eloise Mahmood,"Bochum,North Rhine-Westphalia,Germany",Central,Corporate,1/22/2016,Economy,
BN-2014-1952726,1/19/2016,Anthony Lawrence,"Chaumont,Alsace-Champagne-Ardenne-Lorraine,France",Central,Consumer,1/26/2016,Economy,
AZ-2014-7306180,1/21/2016,Charlie Brooks,"Antibes,Provence-Alpes-Côte d'Azur,France",Central,Consumer,1/25/2016,Economy Plus,
AZ-2014-6147970,1/21/2016,Jack Holland,"Lohne,Lower Saxony,Germany",Central,Consumer,1/25/2016,Economy,
AZ-2014-4295030,1/21/2016,Tom Charlton,"Reus,Catalonia,Spain",South,Corporate,1/23/2016,Economy Plus,
BN-2014-3037532,1/21/2016,Winnie Moss,"Aix-en-Provence,Provence-Alpes-Côte d'Azur,France",Central,Consumer,1/27/2016,Economy,
BN-2014-1799683,1/21/2016,Luther King,"Naples,Campania,Italy",South,Consumer,1/25/2016,Economy,
AZ-2014-7416402,1/22/2016,Kenneth Gonzales,"Gummersbach,North Rhine-Westphalia,Germany",Central,Consumer,1/25/2016,Priority,Critical
AZ-2014-6273241,1/22/2016,Sofia Goddard,"Valencia,Valenciana,Spain",South,Corporate,1/28/2016,Economy,
AZ-2014-7225808,1/22/2016,Jacob Roemer,"Letchworth,England,United Kingdom",North,Corporate,1/26/2016,Economy,
AZ-2014-8803055,1/22/2016,Nathan Clayton,"Oberhausen,North Rhine-Westphalia,Germany",Central,Consumer,1/27/2016,Economy,
AZ-2014-2483272,1/22/2016,Lorri Stratton,"Roanne,Auvergne-Rhône-Alpes,France",Central,Consumer,1/24/2016,Economy Plus,
AZ-2014-17071,1/22/2016,Liam Newton,"Augsburg,Bavaria,Germany",Central,Corporate,1/23/2016,Priority,Critical
AZ-2014-4160520,1/22/2016,Aaron Cunningham,"Roissy-en-Brie,Ile-de-France,France",Central,Consumer,1/27/2016,Economy,
AZ-2014-6672718,1/23/2016,Kaitlyn Dorsch,"Glasgow,Scotland,United Kingdom",North,Corporate,1/25/2016,Economy Plus,
AZ-2014-1191751,1/23/2016,Nate Dacey,"Falconara Marittima,Marche,Italy",South,Consumer,1/27/2016,Economy,
AZ-2014-6001342,1/23/2016,Kayla Ronald,"Essen,North Rhine-Westphalia,Germany",Central,Corporate,1/27/2016,Economy,
AZ-2014-9065291,1/23/2016,Edward Zwar,"Rome,Lazio,Italy",South,Consumer,1/26/2016,Priority,Critical
BN-2014-9473306,1/23/2016,Tyson Ebden,"Fuenlabrada,Madrid,Spain",South,Consumer,1/29/2016,Economy,
BN-2014-7598465,1/23/2016,Georgina Arnold,"Copenhagen,Hovedstaden,Denmark",North,Corporate,1/27/2016,Economy,
BN-2014-9936235,1/23/2016,Gracie Hunter,"Lowestoft,England,United Kingdom",North,Consumer,1/28/2016,Economy,
AZ-2014-9580273,1/24/2016,Nicholas Watkins,"Rostock,Mecklenburg-Vorpommern,Germany",Central,Consumer,1/25/2016,Priority,Critical
BN-2014-4902106,1/24/2016,Oscar Serena,"Chieti,Abruzzi,Italy",South,Consumer,1/24/2016,Immediate,Critical
AZ-2014-9742933,1/25/2016,Winnie Moss,"Dinslaken,North Rhine-Westphalia,Germany",Central,Consumer,1/27/2016,Priority,Critical
AZ-2014-327161,1/25/2016,Jennifer Mattingly,"Dortmund,North Rhine-Westphalia,Germany",Central,Home Office,1/28/2016,Priority,Critical
AZ-2014-7597862,1/25/2016,Kayla Tearle,"Brescia,Lombardy,Italy",South,Corporate,1/30/2016,Economy,
BN-2014-3772513,1/25/2016,Audrey Knowles,"Stockholm,Stockholm,Sweden",North,Consumer,1/31/2016,Economy,
BN-2014-9257992,1/26/2016,Katherine Grant,"Magdeburg,Saxony-Anhalt,Germany",Central,Consumer,1/31/2016,Economy,
AZ-2014-6197467,1/27/2016,Tristan Glassey,"Salzburg,Salzburg,Austria",Central,Consumer,2/1/2016,Economy,
AZ-2014-6360899,1/27/2016,Britney Basaldua,"Paris,Ile-de-France,France",Central,Corporate,2/1/2016,Economy,
AZ-2014-1235152,1/28/2016,Christopher Goold,"Derby,England,United Kingdom",North,Corporate,2/3/2016,Economy,
AZ-2014-3145770,1/28/2016,Sean Wheeler,"London,England,United Kingdom",North,Corporate,1/30/2016,Priority,Critical
AZ-2014-2348996,1/28/2016,Phoebe Moore,"London,England,United Kingdom",North,Corporate,1/30/2016,Economy Plus,
AZ-2014-9603730,1/29/2016,Eloise Sykes,"Flers,Normandy,France",Central,Consumer,2/2/2016,Economy,
AZ-2014-2339680,1/29/2016,Riley Howells,"Bourg-en-Bresse,Auvergne-Rhône-Alpes,France",Central,Consumer,2/5/2016,Economy,
BN-2014-9612123,1/29/2016,Kai Leonard,"Zaanstad,North Holland,Netherlands",Central,Corporate,2/2/2016,Economy,
AZ-2014-9284245,1/30/2016,Keith Martinez,"Aubervilliers,Ile-de-France,France",Central,Consumer,2/5/2016,Economy,
AZ-2014-1826212,1/30/2016,Katie Evenden,"Wels,Upper Austria,Austria",Central,Corporate,2/4/2016,Economy,
BN-2014-3491882,1/30/2016,Katie Evenden,"Drammen,Buskerud,Norway",North,Corporate,2/3/2016,Economy,
BN-2014-3043420,1/30/2016,Alannah Langridge,"Le Havre,Normandy,France",Central,Consumer,2/3/2016,Economy,
AZ-2014-3958582,1/31/2016,Florence Wark,"Milan,Lombardy,Italy",South,Consumer,2/6/2016,Economy,
AZ-2014-789686,2/1/2016,Jose Gambino,"Stuttgart,Baden-Württemberg,Germany",Central,Corporate,2/1/2016,Immediate,Critical
AZ-2014-1092798,2/1/2016,Jose Gullo,"Reggio nell'Emilia,Emilia-Romagna,Italy",South,Consumer,2/4/2016,Priority,Critical
AZ-2014-3770776,2/1/2016,Harvey Drozd,"Majadahonda,Madrid,Spain",South,Consumer,2/6/2016,Economy,
AZ-2014-978460,2/1/2016,Philip Newsom,"Annecy-le-Vieux,Auvergne-Rhône-Alpes,France",Central,Corporate,2/5/2016,Economy,
AZ-2014-3603664,2/1/2016,Isla Vogel,"Palermo,Sicily,Italy",South,Home Office,2/5/2016,Economy,
AZ-2014-4843798,2/2/2016,Bethany Child,"Milan,Lombardy,Italy",South,Consumer,2/8/2016,Economy,
AZ-2014-5889242,2/4/2016,Jessica Paramor,"Antwerp,Antwerp,Belgium",Central,Corporate,2/7/2016,Economy Plus,
AZ-2014-8122105,2/4/2016,Tyler Miah,"Granada,Andalusía,Spain",South,Home Office,2/8/2016,Economy,
AZ-2014-4015519,2/4/2016,Carl Proctor,"Lanester,Brittany,France",Central,Consumer,2/10/2016,Economy,
BN-2014-7098171,2/5/2016,Niki Peirce,"Zwolle,Overijssel,Netherlands",Central,Consumer,2/11/2016,Economy,
AZ-2014-1473813,2/6/2016,Ali Mander-Jones,"Eskilstuna,Södermanland,Sweden",North,Home Office,2/10/2016,Economy,
AZ-2014-777252,2/6/2016,Taj Knetes,"Rome,Lazio,Italy",South,Consumer,2/11/2016,Economy,
AZ-2014-6826926,2/7/2016,Owen Faulkner,"Stuttgart,Baden-Württemberg,Germany",Central,Home Office,2/14/2016,Economy,
AZ-2014-4679554,2/7/2016,Oscar Noble,"Kortrijk,West Flanders,Belgium",Central,Consumer,2/12/2016,Economy Plus,
AZ-2014-6041195,2/7/2016,David Arnold,"Witten,North Rhine-Westphalia,Germany",Central,Consumer,2/7/2016,Immediate,Critical
AZ-2014-783246,2/7/2016,Sam Rees,"Cholet,Pays de la Loire,France",Central,Home Office,2/9/2016,Priority,Critical
AZ-2014-3004222,2/8/2016,Kayla Tearle,"Leeds,England,United Kingdom",North,Corporate,2/12/2016,Economy,
AZ-2014-2131403,2/8/2016,Cooper Burn,"Valencia,Valenciana,Spain",South,Consumer,2/12/2016,Economy,
AZ-2014-19192,2/8/2016,Thomas Shepherd,"Nottingham,England,United Kingdom",North,Corporate,2/12/2016,Economy Plus,
AZ-2014-7917041,2/8/2016,Leo Jenkins,"Northampton,England,United Kingdom",North,Home Office,2/11/2016,Priority,Critical
AZ-2014-6943105,2/8/2016,Bailey Morris,"Norwich,England,United Kingdom",North,Consumer,2/12/2016,Economy,
BN-2014-1772108,2/8/2016,Aaron Bootman,"Bognor Regis,England,United Kingdom",North,Consumer,2/13/2016,Economy Plus,
BN-2014-1317809,2/8/2016,Annabelle Heydon,"Stockholm,Stockholm,Sweden",North,Home Office,2/15/2016,Economy,
BN-2014-3711552,2/8/2016,Angus Reading,"Apeldoorn,Gelderland,Netherlands",Central,Corporate,2/10/2016,Priority,Critical
AZ-2014-7416333,2/9/2016,Poppy Gunn,"Rouen,Normandy,France",Central,Consumer,2/14/2016,Economy,
AZ-2014-8991506,2/9/2016,Chelsea Parkinson,"Barcelona,Catalonia,Spain",South,Corporate,2/12/2016,Priority,Critical
AZ-2014-6715732,2/11/2016,Skye Hammond,"Portsmouth,England,United Kingdom",North,Corporate,2/12/2016,Priority,Critical
AZ-2014-7615629,2/11/2016,Tyson Brookman,"Kalundborg,Zealand,Denmark",North,Consumer,2/14/2016,Priority,Critical
AZ-2014-6084917,2/11/2016,Jasper Neighbour,"Madrid,Madrid,Spain",South,Corporate,2/15/2016,Economy,
BN-2014-3939293,2/11/2016,Sean Ford,"Paris,Ile-de-France,France",Central,Home Office,2/17/2016,Economy,
AZ-2014-1466658,2/12/2016,Rachel Morton,"Vienna,Vienna,Austria",Central,Corporate,2/14/2016,Priority,Critical
AZ-2014-6500467,2/12/2016,Everett Dunbar,"Nottingham,England,United Kingdom",North,Corporate,2/16/2016,Economy Plus,
AZ-2014-2889820,2/12/2016,Phoebe Moore,"Oviedo,Asturias,Spain",South,Corporate,2/16/2016,Economy,
BN-2014-319061,2/12/2016,Tia Metcalfe,"Birmingham,England,United Kingdom",North,Consumer,2/14/2016,Priority,Critical
BN-2014-8340437,2/12/2016,Mary Parker,"Gothenburg,Västra Götaland,Sweden",North,Corporate,2/17/2016,Economy,
AZ-2014-6884762,2/13/2016,Michael Kim,"Sandnes,Rogaland,Norway",North,Consumer,2/14/2016,Priority,Critical
AZ-2014-1644192,2/14/2016,Logan Allan,"Stavanger,Rogaland,Norway",North,Corporate,2/19/2016,Economy,
AZ-2014-3437856,2/15/2016,Joel McKean,"Rhondda,Wales,United Kingdom",North,Home Office,2/18/2016,Economy Plus,
AZ-2014-9954741,2/15/2016,Noah Old,"Bremen,Bremen,Germany",Central,Corporate,2/15/2016,Immediate,Critical
AZ-2014-3203712,2/15/2016,Aubrey Shedd,"Dortmund,North Rhine-Westphalia,Germany",Central,Corporate,2/20/2016,Economy,
AZ-2014-1490273,2/15/2016,Oscar Noble,"Munster,Lower Saxony,Germany",Central,Consumer,2/22/2016,Economy,
AZ-2014-2860692,2/15/2016,Alice Black,"Brindisi,Apulia,Italy",South,Home Office,2/19/2016,Economy,
BN-2014-2534492,2/16/2016,Casey Forte,"Dublin,Dublin,Ireland",North,Consumer,2/19/2016,Priority,Critical
BN-2014-1575343,2/16/2016,Jose Gullo,"Stockholm,Stockholm,Sweden",North,Consumer,2/21/2016,Economy,
AZ-2014-3985814,2/18/2016,Peggy Hua,"Frankfurt,Hesse,Germany",Central,Corporate,2/20/2016,Priority,Critical
AZ-2014-5335564,2/18/2016,Vaughn Gibbs,"Talavera de la Reina,Castile-La Mancha,Spain",South,Home Office,2/23/2016,Economy,
AZ-2014-4525081,2/18/2016,Jack Maughan,"Genoa,Liguria,Italy",South,Consumer,2/22/2016,Economy,
AZ-2014-5577510,2/18/2016,Spencer Oliver,"Moulins,Auvergne-Rhône-Alpes,France",Central,Consumer,2/23/2016,Economy,
AZ-2014-9590613,2/18/2016,Aidan Rowe,"Tourcoing,Nord-Pas-de-Calais-Picardie,France",Central,Consumer,2/22/2016,Economy Plus,
AZ-2014-4502269,2/18/2016,Harriet Webb,"Angers,Pays de la Loire,France",Central,Consumer,2/18/2016,Immediate,Critical
BN-2014-6168100,2/18/2016,Hershel Snyder,"Oss,North Brabant,Netherlands",Central,Corporate,2/23/2016,Economy,
BN-2014-3375705,2/18/2016,Spencer Hull,"Groningen,Groningen,Netherlands",Central,Consumer,2/19/2016,Priority,Critical
AZ-2014-6053931,2/21/2016,Lewis Greenwood,"Villingen-Schwenningen,Baden-Württemberg,Germany",Central,Consumer,2/24/2016,Priority,Critical
AZ-2014-656568,2/21/2016,David Mortlock,"Gennevilliers,Ile-de-France,France",Central,Consumer,2/23/2016,Priority,Critical
BN-2014-2369995,2/21/2016,Alexander Bennett,"Varese,Lombardy,Italy",South,Corporate,2/28/2016,Economy,
BN-2014-5536187,2/22/2016,Bonnie Wilson,"Dieppe,Normandy,France",Central,Corporate,2/26/2016,Economy,
AZ-2014-6379288,2/23/2016,Daniel Lucas,"Saint-Gratien,Ile-de-France,France",Central,Home Office,2/27/2016,Economy,
AZ-2014-3625438,2/23/2016,Aaron Cunningham,"Weston-super-Mare,England,United Kingdom",North,Consumer,2/27/2016,Economy Plus,
AZ-2014-1239779,2/24/2016,Alice Black,"Rome,Lazio,Italy",South,Home Office,2/28/2016,Economy,
AZ-2014-7929704,2/25/2016,Amy Pritchard,"San Fernando,Andalusía,Spain",South,Consumer,2/29/2016,Economy,
AZ-2014-1191224,2/25/2016,Edward Hodges,"Wigan,England,United Kingdom",North,Consumer,2/27/2016,Economy Plus,
BN-2014-2462392,2/25/2016,Dylan Dry,"The Hague,South Holland,Netherlands",Central,Consumer,3/1/2016,Economy,
BN-2014-5117024,2/25/2016,David Lowe,"Sheffield,England,United Kingdom",North,Consumer,2/28/2016,Economy Plus,
BN-2014-5951909,2/25/2016,Rory Martindale,"Trier,Rhineland-Palatinate,Germany",Central,Consumer,3/1/2016,Economy Plus,
AZ-2014-7578563,2/26/2016,Jeffrey Laird,"Marseille,Provence-Alpes-Côte d'Azur,France",Central,Corporate,2/29/2016,Economy Plus,
AZ-2014-1723403,2/26/2016,Ava Giles,"Nuneaton,England,United Kingdom",North,Corporate,3/2/2016,Economy,
AZ-2014-2194070,2/26/2016,Nicole Todd,"Pforzheim,Baden-Württemberg,Germany",Central,Corporate,2/29/2016,Priority,Critical
BN-2014-7262414,2/26/2016,Isabelle Torpy,"Birmingham,England,United Kingdom",North,Consumer,2/28/2016,Economy Plus,
AZ-2014-6634288,2/27/2016,Mason Adams,"Salzburg,Salzburg,Austria",Central,Consumer,3/3/2016,Economy,
AZ-2014-6846105,2/27/2016,Michael Myers,"Frankfurt,Hesse,Germany",Central,Home Office,2/29/2016,Economy Plus,
BN-2014-5871078,2/27/2016,Jack Holland,"Toulouse,Languedoc-Roussillon-Midi-Pyrénées,France",Central,Consumer,3/4/2016,Economy,
BN-2014-3085945,2/27/2016,Rachel Tyler,"Alkmaar,North Holland,Netherlands",Central,Corporate,3/3/2016,Economy Plus,
AZ-2014-6340236,2/28/2016,Declan Dundas,"Genoa,Liguria,Italy",South,Corporate,3/6/2016,Economy,
AZ-2014-2672334,2/28/2016,Alexander Bond,"Wasquehal,Nord-Pas-de-Calais-Picardie,France",Central,Corporate,3/1/2016,Priority,Critical
AZ-2014-8638233,2/28/2016,Bianca Monsoor,"Huddersfield,England,United Kingdom",North,Consumer,3/3/2016,Economy,
AZ-2014-9583503,2/28/2016,Rhys Murphy,"Naples,Campania,Italy",South,Consumer,3/4/2016,Economy,
AZ-2014-4258600,2/29/2016,Hollie Norris,"Colombes,Ile-de-France,France",Central,Consumer,3/4/2016,Economy,
AZ-2014-3348489,2/29/2016,Hershel Snyder,"Cardiff,Wales,United Kingdom",North,Corporate,3/2/2016,Economy Plus,
AZ-2014-3967797,2/29/2016,Angie Massengill,"Heilbronn,Baden-Württemberg,Germany",Central,Consumer,3/4/2016,Economy,
AZ-2014-9560415,2/29/2016,Crystal Turner,"London,England,United Kingdom",North,Consumer,3/1/2016,Priority,Critical
AZ-2014-4237223,3/3/2016,Leah Barrett,"Amiens,Nord-Pas-de-Calais-Picardie,France",Central,Consumer,3/8/2016,Economy Plus,
AZ-2014-7020120,3/3/2016,Isabella Fowler,"Essen,North Rhine-Westphalia,Germany",Central,Consumer,3/5/2016,Economy Plus,
AZ-2014-3387010,3/3/2016,Madison Holloway,"Norderstedt,Schleswig-Holstein,Germany",Central,Corporate,3/7/2016,Economy,
AZ-2014-2604590,3/3/2016,Spencer Calvert,"Oviedo,Asturias,Spain",South,Corporate,3/8/2016,Economy,
AZ-2014-9687341,3/3/2016,Zachary Warner,"Taranto,Apulia,Italy",South,Consumer,3/6/2016,Priority,Critical
AZ-2014-2432395,3/4/2016,Zona Meyer,"Innsbruck,Tyrol,Austria",Central,Corporate,3/8/2016,Economy,
AZ-2014-4803875,3/4/2016,Hayden Perkins,"Odense,South Denmark,Denmark",North,Consumer,3/9/2016,Economy,
AZ-2014-1282413,3/4/2016,Libby Allan,"Middlesbrough,England,United Kingdom",North,Consumer,3/9/2016,Economy,
AZ-2014-5479576,3/4/2016,Nancy Seay,"Milan,Lombardy,Italy",South,Consumer,3/8/2016,Economy,
AZ-2014-3666609,3/4/2016,Eloise Mahmood,"Trieste,Friuli-Venezia Giulia,Italy",South,Corporate,3/6/2016,Economy Plus,
AZ-2014-8796314,3/5/2016,Alana Zahel,"Paris,Ile-de-France,France",Central,Consumer,3/5/2016,Immediate,Critical
AZ-2014-139627,3/5/2016,Julia Martell,"Angers,Pays de la Loire,France",Central,Home Office,3/10/2016,Economy,
AZ-2014-1846606,3/6/2016,Eva Arnold,"Frankfurt,Hesse,Germany",Central,Consumer,3/6/2016,Immediate,Critical
AZ-2014-4649759,3/6/2016,Jose Gambino,"Castres,Languedoc-Roussillon-Midi-Pyrénées,France",Central,Corporate,3/12/2016,Economy,
AZ-2014-6408237,3/6/2016,Adam Walpole,"Dresden,Saxony,Germany",Central,Corporate,3/10/2016,Economy,
BN-2014-291873,3/6/2016,Rebecca Heysen,"Palermo,Sicily,Italy",South,Corporate,3/8/2016,Priority,Critical
AZ-2014-4714590,3/8/2016,Chelsea Bannister,"Turin,Piedmont,Italy",South,Consumer,3/14/2016,Economy,
AZ-2014-5151587,3/10/2016,Andrew Stephens,"Wolverhampton,England,United Kingdom",North,Consumer,3/14/2016,Economy,
AZ-2014-6368939,3/10/2016,Carley Wynn,"Munich,Bavaria,Germany",Central,Home Office,3/12/2016,Economy Plus,
AZ-2014-1092628,3/10/2016,Brooke Horton,"Ghent,East Flanders,Belgium",Central,Consumer,3/14/2016,Economy,
BN-2014-2854953,3/11/2016,Aaron Bootman,"Neunkirchen,Saarland,Germany",Central,Consumer,3/11/2016,Immediate,Critical
BN-2014-1493038,3/12/2016,Harrison Cooke,"Galway,Galway,Ireland",North,Consumer,3/14/2016,Priority,Critical
BN-2014-7233661,3/12/2016,Joyce Cornell,"Dublin,Dublin,Ireland",North,Consumer,3/19/2016,Economy,
AZ-2014-2335509,3/14/2016,Georgina Garner,"Charleroi,Hainaut,Belgium",Central,Consumer,3/16/2016,Priority,Critical
AZ-2014-1144428,3/14/2016,Luther King,"Brandenburg,Brandenburg,Germany",Central,Consumer,3/19/2016,Economy Plus,
BN-2014-4795126,3/14/2016,Isabelle Torpy,"Velsen,North Holland,Netherlands",Central,Consumer,3/19/2016,Economy,
AZ-2014-8582071,3/15/2016,Tahlia Coughlan,"Dunstable,England,United Kingdom",North,Corporate,3/21/2016,Economy,
AZ-2014-8487214,3/15/2016,Paul Collazo,"Monza,Lombardy,Italy",South,Home Office,3/22/2016,Economy,
AZ-2014-9189061,3/15/2016,Catharine Robbins,"Le Havre,Normandy,France",Central,Corporate,3/21/2016,Economy,
BN-2014-3961366,3/15/2016,Alice Black,"Bari,Apulia,Italy",South,Home Office,3/19/2016,Economy Plus,
AZ-2014-6745557,3/17/2016,Christy Wiley,"Vigneux-sur-Seine,Ile-de-France,France",Central,Consumer,3/22/2016,Economy,
AZ-2014-5228686,3/17/2016,Charli Rose,"Rochdale,England,United Kingdom",North,Consumer,3/18/2016,Priority,Critical
BN-2014-9660071,3/17/2016,Ali Jerger,"Dundee,Scotland,United Kingdom",North,Corporate,3/22/2016,Economy,
BN-2014-6482721,3/17/2016,Tyler Duncan,"Duisburg,North Rhine-Westphalia,Germany",Central,Home Office,3/21/2016,Economy Plus,
AZ-2014-9586532,3/18/2016,Kian Sykes,"Barcelona,Catalonia,Spain",South,Consumer,3/18/2016,Immediate,Critical
AZ-2014-5410108,3/18/2016,Louis Dominguez,"Cork,Cork,Ireland",North,Corporate,3/18/2016,Immediate,Critical
AZ-2014-7988186,3/18/2016,Georgia Bermingham,"Rome,Lazio,Italy",South,Home Office,3/22/2016,Economy,
BN-2014-2423414,3/18/2016,Claudia Poore,"Chelles,Ile-de-France,France",Central,Corporate,3/21/2016,Economy Plus,
AZ-2014-3980434,3/19/2016,John Basser,"Graz,Styria,Austria",Central,Corporate,3/23/2016,Economy,
AZ-2014-1476167,3/19/2016,Carol Evans,"Bristol,England,United Kingdom",North,Consumer,3/19/2016,Immediate,Critical
AZ-2014-9092874,3/19/2016,Sarah Cross,"Mainz,Rhineland-Palatinate,Germany",Central,Consumer,3/26/2016,Economy,
BN-2014-2531975,3/19/2016,Samantha Reynell,"Badalona,Catalonia,Spain",South,Home Office,3/25/2016,Economy,
AZ-2014-6229450,3/20/2016,Nate Wilder-Neligan,"Abbeville,Nord-Pas-de-Calais-Picardie,France",Central,Consumer,3/21/2016,Priority,Critical
AZ-2014-4950235,3/21/2016,Koby Phillip,"Sarcelles,Ile-de-France,France",Central,Consumer,3/24/2016,Economy Plus,
AZ-2014-786652,3/21/2016,Michael Watkins,"Antony,Ile-de-France,France",Central,Home Office,3/24/2016,Economy Plus,
AZ-2014-5151973,3/21/2016,Kyle Beard,"Velbert,North Rhine-Westphalia,Germany",Central,Consumer,3/25/2016,Economy,
AZ-2014-9418749,3/21/2016,Samantha Reynell,"Castrop-Rauxel,North Rhine-Westphalia,Germany",Central,Home Office,3/28/2016,Economy,
AZ-2014-9440624,3/22/2016,Aaron Cunningham,"Frankfurt,Hesse,Germany",Central,Consumer,3/24/2016,Economy Plus,
AZ-2014-3599759,3/23/2016,Abigail Humffray,"Widnes,England,United Kingdom",North,Consumer,3/30/2016,Economy,
AZ-2014-9683881,3/24/2016,Richard Harvey,"Poissy,Ile-de-France,France",Central,Corporate,3/30/2016,Economy,
BN-2014-8322857,3/24/2016,Mia McLean,"Birmingham,England,United Kingdom",North,Corporate,3/29/2016,Economy,
AZ-2014-9106967,3/25/2016,Naomi Hancock,"Capannori,Tuscany,Italy",South,Corporate,4/1/2016,Economy,
AZ-2014-995232,3/25/2016,Elijah Sodeman,"Brighton,England,United Kingdom",North,Consumer,3/31/2016,Economy,
AZ-2014-5778824,3/26/2016,Charlotte Savage,"Augsburg,Bavaria,Germany",Central,Consumer,3/28/2016,Priority,Critical
AZ-2014-2640603,3/26/2016,Patricia Smith,"Guadalajara,Castile-La Mancha,Spain",South,Corporate,4/1/2016,Economy,
BN-2014-4063586,3/26/2016,Oscar Noble,"Munster,Lower Saxony,Germany",Central,Consumer,3/28/2016,Priority,Critical
AZ-2014-5418007,3/27/2016,Frances Matthias,"London,England,United Kingdom",North,Corporate,4/2/2016,Economy,
AZ-2014-1181661,3/27/2016,Millie Newman,"Saint-Nazaire,Pays de la Loire,France",Central,Consumer,3/29/2016,Economy Plus,
AZ-2014-6896726,3/28/2016,Bianca Crisp,"Lowestoft,England,United Kingdom",North,Home Office,4/1/2016,Economy,
AZ-2014-9044600,3/28/2016,Ngoc Orozco,"Vaulx-en-Velin,Auvergne-Rhône-Alpes,France",Central,Home Office,4/3/2016,Economy,
AZ-2014-1790715,3/28/2016,Mia McLean,"Milan,Lombardy,Italy",South,Corporate,4/1/2016,Economy,
BN-2014-6163592,3/28/2016,Charles Builder,"Quartu Sant'Elena,Sardinia,Italy",South,Consumer,3/30/2016,Economy Plus,
AZ-2014-6326220,3/29/2016,Sean Wheeler,"Estepona,Andalusía,Spain",South,Corporate,4/2/2016,Economy Plus,
BN-2014-9956190,3/29/2016,Daniel Lucas,"Breda,North Brabant,Netherlands",Central,Home Office,4/1/2016,Economy Plus,
AZ-2014-2056021,3/31/2016,Nicole Nash,"Quimper,Brittany,France",Central,Consumer,4/3/2016,Priority,Critical
AZ-2014-1698292,3/31/2016,Max Ronald,"Offenbach,Hesse,Germany",Central,Corporate,4/4/2016,Economy,
AZ-2014-1058907,4/1/2016,Michelle Barrett,"Hanover,Lower Saxony,Germany",Central,Consumer,4/4/2016,Priority,Critical
AZ-2014-5969019,4/1/2016,Gail Thompson,"Wilhelmshaven,Lower Saxony,Germany",Central,Consumer,4/6/2016,Economy,
AZ-2014-795523,4/2/2016,Sam Rees,"Bremen,Bremen,Germany",Central,Home Office,4/7/2016,Economy,
BN-2014-4017957,4/2/2016,Tyson Brookman,"Nacka,Stockholm,Sweden",North,Consumer,4/7/2016,Economy,
AZ-2014-7256409,4/3/2016,Alexander Bond,"Graz,Styria,Austria",Central,Corporate,4/8/2016,Economy,
AZ-2014-8546369,4/3/2016,Joel McKean,"Boulogne-Billancourt,Ile-de-France,France",Central,Home Office,4/7/2016,Economy,
AZ-2014-7397204,4/3/2016,Jessica Paramor,"London,England,United Kingdom",North,Corporate,4/5/2016,Priority,Critical
BN-2014-5575990,4/3/2016,Mike Obrien,"Stuttgart,Baden-Württemberg,Germany",Central,Consumer,4/7/2016,Economy,
BN-2014-4554837,4/3/2016,Louis Dominguez,"Den Helder,North Holland,Netherlands",Central,Corporate,4/5/2016,Priority,Critical
AZ-2014-1661689,4/4/2016,Hollie Norris,"Tourcoing,Nord-Pas-de-Calais-Picardie,France",Central,Consumer,4/8/2016,Economy,
BN-2014-3358594,4/4/2016,Angelina Beeton,"Enschede,Overijssel,Netherlands",Central,Consumer,4/9/2016,Economy Plus,
BN-2014-7281135,4/5/2016,Joe Gilbert,"Wolfsburg,Lower Saxony,Germany",Central,Home Office,4/10/2016,Economy,
AZ-2014-7189649,4/6/2016,Bailey Morris,"Clichy,Ile-de-France,France",Central,Consumer,4/10/2016,Economy,
AZ-2014-2987514,4/6/2016,Nate Dacey,"Avignon,Provence-Alpes-Côte d'Azur,France",Central,Consumer,4/8/2016,Priority,Critical
AZ-2014-3500808,4/7/2016,Alannah Langridge,"Nuremberg,Bavaria,Germany",Central,Consumer,4/11/2016,Economy,
AZ-2014-9650132,4/7/2016,Katie Evenden,"Lille,Nord-Pas-de-Calais-Picardie,France",Central,Corporate,4/11/2016,Economy,
AZ-2014-5598677,4/7/2016,Desiree Hurt,"Madrid,Madrid,Spain",South,Home Office,4/11/2016,Economy,
AZ-2014-3154737,4/7/2016,Lilly Le Grand,"Berlin,Berlin,Germany",Central,Home Office,4/14/2016,Economy,
BN-2014-8509634,4/7/2016,Tia Metcalfe,"Marseille,Provence-Alpes-Côte d'Azur,France",Central,Consumer,4/12/2016,Economy,
AZ-2014-5692945,4/8/2016,Lydia Webster,"Nantes,Pays de la Loire,France",Central,Consumer,4/12/2016,Economy,
AZ-2014-186904,4/9/2016,Angus De Groot,"Detmold,North Rhine-Westphalia,Germany",Central,Corporate,4/14/2016,Economy,
AZ-2014-2846196,4/9/2016,Terence Welch,"Bayeux,Normandy,France",Central,Consumer,4/12/2016,Priority,Critical
AZ-2014-1320048,4/10/2016,Ava Corbin,"London,England,United Kingdom",North,Home Office,4/11/2016,Priority,Critical
AZ-2014-532333,4/10/2016,Gary Crume,"Exeter,England,United Kingdom",North,Consumer,4/14/2016,Economy,
AZ-2014-6975089,4/10/2016,Isabelle Torpy,"Lyon,Auvergne-Rhône-Alpes,France",Central,Consumer,4/14/2016,Economy Plus,
AZ-2014-8184590,4/10/2016,Mike Langer,"Nantes,Pays de la Loire,France",Central,Corporate,4/16/2016,Economy,
AZ-2014-2492440,4/11/2016,Alexis Code,"Zwickau,Saxony,Germany",Central,Corporate,4/16/2016,Economy,
BN-2014-277851,4/12/2016,Henry Chandler,"Alphen aan den Rijn,South Holland,Netherlands",Central,Home Office,4/17/2016,Economy,
BN-2014-9322996,4/12/2016,Louis Dominguez,"Pamiers,Languedoc-Roussillon-Midi-Pyrénées,France",Central,Corporate,4/18/2016,Economy,
AZ-2014-9749362,4/13/2016,Harriet Chadwick,"Nantes,Pays de la Loire,France",Central,Corporate,4/14/2016,Priority,Critical
AZ-2014-7035422,4/13/2016,John Baca,"Haguenau,Alsace-Champagne-Ardenne-Lorraine,France",Central,Consumer,4/16/2016,Economy Plus,
BN-2014-9635866,4/13/2016,Mark Washington,"Saint-Chamond,Auvergne-Rhône-Alpes,France",Central,Home Office,4/17/2016,Economy,
AZ-2014-9774095,4/14/2016,Maya O'Sullivan,"Grosseto,Tuscany,Italy",South,Corporate,4/16/2016,Priority,Critical
AZ-2014-8532434,4/14/2016,Chelsea Bannister,"Castelnau-le-Lez,Languedoc-Roussillon-Midi-Pyrénées,France",Central,Consumer,4/17/2016,Economy Plus,
AZ-2014-5593703,4/14/2016,Jason Roger,"Hamburg,Hamburg,Germany",Central,Corporate,4/16/2016,Economy Plus,
AZ-2014-8812108,4/14/2016,Christopher Goold,"Las Rozas de Madrid,Madrid,Spain",South,Corporate,4/20/2016,Economy,
BN-2014-9478365,4/14/2016,Katie Evenden,"Florence,Tuscany,Italy",South,Corporate,4/16/2016,Economy Plus,
AZ-2014-7242450,4/15/2016,Imogen Steele,"Naples,Campania,Italy",South,Corporate,4/21/2016,Economy,
AZ-2014-5519564,4/15/2016,Paige Hopley,"Kilwinning,Scotland,United Kingdom",North,Consumer,4/22/2016,Economy,
BN-2014-8046775,4/15/2016,Louis Dominguez,"Toulouse,Languedoc-Roussillon-Midi-Pyrénées,France",Central,Corporate,4/21/2016,Economy,
AZ-2014-3020492,4/16/2016,Freya Briggs,"Dudley,England,United Kingdom",North,Corporate,4/16/2016,Immediate,Critical
AZ-2014-8902331,4/16/2016,Jade Howe,"Bradford,England,United Kingdom",North,Corporate,4/21/2016,Economy Plus,
AZ-2014-175651,4/16/2016,Rory Jess,"Preston,England,United Kingdom",North,Home Office,4/21/2016,Economy,
AZ-2014-886827,4/16/2016,Dylan Dry,"Mainz,Rhineland-Palatinate,Germany",Central,Consumer,4/20/2016,Economy,
AZ-2014-8284131,4/17/2016,Christopher Goold,"Antwerp,Antwerp,Belgium",Central,Corporate,4/21/2016,Economy,
AZ-2014-1758207,4/17/2016,Archie Springfield,"Fleury-les-Aubrais,Centre-Val de Loire,France",Central,Home Office,4/20/2016,Economy Plus,
BN-2014-8493925,4/17/2016,Ava Giles,"Stockholm,Stockholm,Sweden",North,Corporate,4/23/2016,Economy,
BN-2014-4759297,4/17/2016,Evie Rees,"Amsterdam,North Holland,Netherlands",Central,Consumer,4/23/2016,Economy,
BN-2014-9271210,4/17/2016,Molly Crawford,"Barcelona,Catalonia,Spain",South,Corporate,4/21/2016,Economy,
AZ-2014-9397794,4/18/2016,Liam Newton,"Ermont,Ile-de-France,France",Central,Corporate,4/20/2016,Priority,Critical
AZ-2014-1833043,4/19/2016,Ryan Ackland,"Carquefou,Pays de la Loire,France",Central,Consumer,4/19/2016,Immediate,Critical
AZ-2014-1592554,4/19/2016,Anna Macdonald,"Vienna,Vienna,Austria",Central,Consumer,4/22/2016,Priority,Critical
AZ-2014-791703,4/19/2016,Nathan Noble,"Lund,Skåne,Sweden",North,Corporate,4/22/2016,Priority,Critical
AZ-2014-5973940,4/19/2016,Jake Barry,"Narbonne,Languedoc-Roussillon-Midi-Pyrénées,France",Central,Home Office,4/23/2016,Economy,
AZ-2014-8986990,4/19/2016,Ella Knopwood,"Hamburg,Hamburg,Germany",Central,Consumer,4/23/2016,Economy,
BN-2014-7358344,4/20/2016,Molly Palmer,"Talence,Aquitaine-Limousin-Poitou-Charentes,France",Central,Corporate,4/24/2016,Economy,
AZ-2014-5845365,4/21/2016,Shelby Dunston,"Lippstadt,North Rhine-Westphalia,Germany",Central,Consumer,4/24/2016,Priority,Critical
AZ-2014-778430,4/21/2016,Freddie Kaur,"Issy-les-Moulineaux,Ile-de-France,France",Central,Consumer,4/24/2016,Priority,Critical
AZ-2014-7046345,4/21/2016,Millie Arnold,"London,England,United Kingdom",North,Consumer,4/23/2016,Economy Plus,
BN-2014-45288,4/21/2016,Gracie Hicks,"Palma de Mallorca,Balearic Islands,Spain",South,Consumer,4/26/2016,Economy,
BN-2014-1468237,4/21/2016,Angus Ibsch,"Ludwigsburg,Baden-Württemberg,Germany",Central,Consumer,4/25/2016,Economy,
AZ-2014-9634517,4/23/2016,Aaron Bootman,"Casoria,Campania,Italy",South,Consumer,4/28/2016,Economy,
AZ-2014-5960256,4/24/2016,Michael Kim,"Regensburg,Bavaria,Germany",Central,Consumer,4/27/2016,Economy Plus,
AZ-2014-1803267,4/24/2016,Lisa Watkins,"Rome,Lazio,Italy",South,Consumer,4/29/2016,Economy,
AZ-2014-1627961,4/24/2016,Geraldine Mizelle,"Mannheim,Baden-Württemberg,Germany",Central,Corporate,4/28/2016,Economy,
AZ-2014-8880439,4/25/2016,Gail Thompson,"Trappes,Ile-de-France,France",Central,Consumer,4/28/2016,Economy Plus,
AZ-2014-6878748,4/25/2016,Mark Briggs,"Marbella,Andalusía,Spain",South,Consumer,4/28/2016,Priority,Critical
BN-2014-3140940,4/25/2016,Matilda Jackson,"Toulouse,Languedoc-Roussillon-Midi-Pyrénées,France",Central,Corporate,4/27/2016,Priority,Critical
BN-2014-1489324,4/25/2016,Larry Klaus,"Dublin,Dublin,Ireland",North,Corporate,4/29/2016,Economy,
AZ-2014-6301419,4/26/2016,Jasmine Hanson,"Marseille,Provence-Alpes-Côte d'Azur,France",Central,Consumer,4/30/2016,Economy,
AZ-2014-7453944,4/26/2016,David To,"Vienna,Vienna,Austria",Central,Home Office,5/2/2016,Economy,
AZ-2014-2733980,4/26/2016,Maya O'Sullivan,"Halifax,England,United Kingdom",North,Corporate,5/1/2016,Economy,
AZ-2014-8480616,4/26/2016,Patricia Smith,"Antwerp,Antwerp,Belgium",Central,Corporate,5/1/2016,Economy,
BN-2014-9778057,4/26/2016,Jay Johnson,"Niort,Aquitaine-Limousin-Poitou-Charentes,France",Central,Consumer,5/2/2016,Economy,
AZ-2014-1007120,4/28/2016,Robert Quick,"Sesto San Giovanni,Lombardy,Italy",South,Consumer,5/3/2016,Economy,
BN-2014-4920125,4/28/2016,Angus Fryar,"Maastricht,Limburg,Netherlands",Central,Consumer,5/3/2016,Economy,
AZ-2014-3159501,4/29/2016,Jade Howe,"Elx,Valenciana,Spain",South,Corporate,4/29/2016,Immediate,Critical
AZ-2014-5426715,4/30/2016,Kelly Long,"Barcelona,Catalonia,Spain",South,Corporate,5/2/2016,Economy Plus,
AZ-2014-7725232,4/30/2016,Zona Meyer,"Nuremberg,Bavaria,Germany",Central,Corporate,5/5/2016,Economy,
AZ-2014-8489186,4/30/2016,Kerry Dorsey,"Bagnolet,Ile-de-France,France",Central,Consumer,5/5/2016,Economy,
BN-2014-6460657,4/30/2016,Lori Miller,"Stockholm,Stockholm,Sweden",North,Consumer,5/6/2016,Economy,
BN-2014-1655185,4/30/2016,Amber Adams,"Lisbon,Lisboa,Portugal",South,Corporate,5/4/2016,Economy,
AZ-2014-3540181,5/1/2016,Rory Jess,"Les Lilas,Ile-de-France,France",Central,Home Office,5/3/2016,Economy Plus,
AZ-2014-1568727,5/1/2016,Lauren Hobbs,"Nice,Provence-Alpes-Côte d'Azur,France",Central,Consumer,5/3/2016,Priority,Critical
AZ-2014-4295830,5/1/2016,Brandon Preston,"Langenhagen,Lower Saxony,Germany",Central,Consumer,5/4/2016,Priority,Critical
AZ-2014-5958487,5/2/2016,Felicia Cooley,"Poole,England,United Kingdom",North,Consumer,5/8/2016,Economy,
AZ-2014-2583309,5/2/2016,Eden Kern,"Wasquehal,Nord-Pas-de-Calais-Picardie,France",Central,Consumer,5/5/2016,Economy Plus,
AZ-2014-6158544,5/2/2016,Taj Knetes,"Limay,Ile-de-France,France",Central,Consumer,5/3/2016,Priority,Critical
AZ-2014-5299088,5/2/2016,Dylan Disney,"Agrigento,Sicily,Italy",South,Home Office,5/6/2016,Economy Plus,
AZ-2014-9676120,5/2/2016,Charli Rose,"Manchester,England,United Kingdom",North,Consumer,5/5/2016,Priority,Critical
BN-2014-5698928,5/2/2016,Charlie Horrocks,"Tilburg,North Brabant,Netherlands",Central,Consumer,5/6/2016,Economy,
BN-2014-1507316,5/2/2016,George Dawson,"Milan,Lombardy,Italy",South,Home Office,5/5/2016,Economy Plus,
BN-2014-2570912,5/2/2016,Sam French,"Libourne,Aquitaine-Limousin-Poitou-Charentes,France",Central,Consumer,5/3/2016,Priority,Critical
AZ-2014-7679425,5/3/2016,Francesca Bowen,"Amiens,Nord-Pas-de-Calais-Picardie,France",Central,Consumer,5/8/2016,Economy,
AZ-2014-4524252,5/3/2016,Juanita Smalls,"Nottingham,England,United Kingdom",North,Home Office,5/9/2016,Economy,
AZ-2014-8562932,5/3/2016,Abby Mei,"Lucca,Tuscany,Italy",South,Corporate,5/5/2016,Economy Plus,
BN-2014-8459769,5/3/2016,Kerry Dorsey,"Stockholm,Stockholm,Sweden",North,Consumer,5/3/2016,Immediate,Critical
AZ-2014-1769606,5/5/2016,Gracie Powell,"Saint-Pol-sur-Mer,Nord-Pas-de-Calais-Picardie,France",Central,Consumer,5/9/2016,Economy Plus,
AZ-2014-6407661,5/6/2016,Joshua Romero,"Berlin,Berlin,Germany",Central,Consumer,5/11/2016,Economy,
AZ-2014-1861968,5/7/2016,Mark Westfall,"Pau,Aquitaine-Limousin-Poitou-Charentes,France",Central,Consumer,5/11/2016,Economy,
AZ-2014-6630320,5/7/2016,Isabella Cleary,"Poole,England,United Kingdom",North,Home Office,5/12/2016,Economy Plus,
AZ-2014-3040435,5/7/2016,Elijah Sodeman,"Velletri,Lazio,Italy",South,Consumer,5/7/2016,Immediate,Critical
AZ-2014-8951189,5/8/2016,Imogen Steele,"Andria,Apulia,Italy",South,Corporate,5/11/2016,Priority,Critical
AZ-2014-462189,5/8/2016,Jean Crowley,"Madrid,Madrid,Spain",South,Corporate,5/10/2016,Economy Plus,
AZ-2014-5567456,5/8/2016,Max Ronald,"Koblenz,Rhineland-Palatinate,Germany",Central,Corporate,5/12/2016,Economy,
AZ-2014-1556718,5/8/2016,Jay Johnson,"Crawley,England,United Kingdom",North,Consumer,5/13/2016,Economy Plus,
AZ-2014-2291964,5/8/2016,Aaron Cunningham,"Berlin,Berlin,Germany",Central,Consumer,5/10/2016,Priority,Critical
AZ-2014-9904920,5/8/2016,Phoebe Moore,"Meyzieu,Auvergne-Rhône-Alpes,France",Central,Corporate,5/15/2016,Economy,
AZ-2014-8899652,5/9/2016,Tina Brantley,"Rouen,Normandy,France",Central,Home Office,5/13/2016,Economy,
AZ-2014-756508,5/9/2016,Keith Martinez,"Pisa,Tuscany,Italy",South,Consumer,5/13/2016,Economy,
AZ-2014-6041399,5/9/2016,Lloyd Barnes,"Bologna,Emilia-Romagna,Italy",South,Corporate,5/15/2016,Economy,
AZ-2014-5901455,5/9/2016,Georgina Fuller,"London,England,United Kingdom",North,Consumer,5/13/2016,Economy,
AZ-2014-8467172,5/9/2016,Harry Josephson,"Middlesbrough,England,United Kingdom",North,Consumer,5/12/2016,Priority,Critical
BN-2014-3985726,5/9/2016,Laura Elizabeth,"Amsterdam,North Holland,Netherlands",Central,Consumer,5/12/2016,Priority,Critical
BN-2014-2450854,5/9/2016,Tahlia Coughlan,"Stockholm,Stockholm,Sweden",North,Corporate,5/14/2016,Economy,
AZ-2014-1948946,5/10/2016,Kayleigh Summers,"Boulogne-Billancourt,Ile-de-France,France",Central,Consumer,5/15/2016,Economy,
AZ-2014-2367501,5/10/2016,Toby Conway,"Heidelberg,Baden-Württemberg,Germany",Central,Consumer,5/15/2016,Economy Plus,
AZ-2014-5084567,5/10/2016,Zachary Disher,"Peterborough,England,United Kingdom",North,Consumer,5/16/2016,Economy,
BN-2014-7160254,5/10/2016,Eric Anderson,"Copenhagen,Hovedstaden,Denmark",North,Home Office,5/15/2016,Economy,
AZ-2014-4414949,5/12/2016,Jeffrey Laird,"Hagen,North Rhine-Westphalia,Germany",Central,Corporate,5/15/2016,Economy Plus,
BN-2014-7390420,5/12/2016,Paige Hopley,"Toulouse,Languedoc-Roussillon-Midi-Pyrénées,France",Central,Consumer,5/17/2016,Economy,
BN-2014-8871614,5/13/2016,Ben Hogben,"Tallaght,Dublin,Ireland",North,Corporate,5/16/2016,Priority,Critical
AZ-2014-1474181,5/14/2016,Ethan Barrett,"London,England,United Kingdom",North,Consumer,5/16/2016,Economy Plus,
AZ-2014-526283,5/15/2016,Angus Reading,"Alessandria,Piedmont,Italy",South,Corporate,5/19/2016,Economy,
BN-2014-3013563,5/15/2016,Chloe Miller,"Toulouse,Languedoc-Roussillon-Midi-Pyrénées,France",Central,Consumer,5/19/2016,Economy Plus,
AZ-2014-6031845,5/16/2016,Evie Morton,"Oberhausen,North Rhine-Westphalia,Germany",Central,Consumer,5/21/2016,Economy,
AZ-2014-2981657,5/16/2016,Isabelle Vaughan,"Bergen,Hordaland,Norway",North,Consumer,5/21/2016,Economy,
AZ-2014-9380952,5/19/2016,Liam Marshall,"Oslo,Oslo,Norway",North,Home Office,5/22/2016,Economy Plus,
AZ-2014-1114768,5/19/2016,Mark Briggs,"Avion,Nord-Pas-de-Calais-Picardie,France",Central,Consumer,5/22/2016,Priority,Critical
AZ-2014-6019807,5/20/2016,Dylan Dry,"Levallois-Perret,Ile-de-France,France",Central,Consumer,5/21/2016,Priority,Critical
AZ-2014-2816978,5/20/2016,Oscar Clayton,"Berlin,Berlin,Germany",Central,Consumer,5/25/2016,Economy,
AZ-2014-2658996,5/21/2016,Paul Cleary,"Grenoble,Auvergne-Rhône-Alpes,France",Central,Corporate,5/26/2016,Economy,
AZ-2014-8090546,5/21/2016,Charlie Brooks,"Dijon,Bourgogne-Franche-Comté,France",Central,Consumer,5/23/2016,Priority,Critical
BN-2014-3618473,5/21/2016,Faith Greenwood,"Barneveld,Gelderland,Netherlands",Central,Consumer,5/25/2016,Economy,
AZ-2014-9905195,5/22/2016,Nathan Clayton,"Guidonia Montecelio,Lazio,Italy",South,Consumer,5/28/2016,Economy,
AZ-2014-2510582,5/22/2016,Brandon Preston,"Hildesheim,Lower Saxony,Germany",Central,Consumer,5/23/2016,Priority,Critical
AZ-2014-2215737,5/23/2016,Dakota Baynes,"Edinburgh,Scotland,United Kingdom",North,Corporate,5/26/2016,Economy Plus,
AZ-2014-2478728,5/23/2016,Hayley Baldwinson,"Southend-on-Sea,England,United Kingdom",North,Consumer,5/25/2016,Priority,Critical
AZ-2014-6235976,5/24/2016,Mark Burkett,"Lecce,Apulia,Italy",South,Home Office,5/29/2016,Economy,
AZ-2014-77046,5/24/2016,Ewan Walton,"Marseille,Provence-Alpes-Côte d'Azur,France",Central,Consumer,5/28/2016,Economy,
AZ-2014-6429468,5/24/2016,Terence Welch,"Innsbruck,Tyrol,Austria",Central,Consumer,5/30/2016,Economy,
AZ-2014-6710580,5/26/2016,Judy Rodriquez,"Dudley,England,United Kingdom",North,Consumer,5/31/2016,Economy,
AZ-2014-7247090,5/26/2016,Julian Corbin,"Madrid,Madrid,Spain",South,Home Office,6/1/2016,Economy,
BN-2014-2557638,5/26/2016,Laura Elizabeth,"Treviso,Veneto,Italy",South,Consumer,5/28/2016,Economy Plus,
AZ-2014-9550736,5/27/2016,Donald Pak,"Cologne,North Rhine-Westphalia,Germany",Central,Corporate,6/1/2016,Economy,
AZ-2014-6427379,5/27/2016,Aidan Hayward,"Vienna,Vienna,Austria",Central,Corporate,6/2/2016,Economy,
AZ-2014-8568021,5/28/2016,Nancy Seay,"Marseille,Provence-Alpes-Côte d'Azur,France",Central,Consumer,5/30/2016,Economy Plus,
AZ-2014-8128242,5/28/2016,Mary Saterfiel,"Flensburg,Schleswig-Holstein,Germany",Central,Consumer,5/30/2016,Economy Plus,
AZ-2014-325624,5/29/2016,Kieran Herbert,"Krefeld,North Rhine-Westphalia,Germany",Central,Consumer,6/4/2016,Economy,
AZ-2014-4220771,5/29/2016,Lola Hughes,"London,England,United Kingdom",North,Consumer,6/1/2016,Economy Plus,
AZ-2014-3247933,5/29/2016,Koby Phillip,"Clichy,Ile-de-France,France",Central,Consumer,6/2/2016,Economy,
AZ-2014-8154802,5/29/2016,Rhonda Ford,"Purmerend,North Holland,Netherlands",Central,Consumer,6/3/2016,Economy Plus,
AZ-2014-1406790,5/29/2016,David Mortlock,"Lyon,Auvergne-Rhône-Alpes,France",Central,Consumer,6/2/2016,Economy,
AZ-2014-5202108,5/30/2016,Rose Nicolay,"Maisons-Alfort,Ile-de-France,France",Central,Home Office,6/4/2016,Economy,
AZ-2014-9876866,5/30/2016,Sophie Watson,"La Teste-de-Buch,Aquitaine-Limousin-Poitou-Charentes,France",Central,Corporate,6/3/2016,Economy,
AZ-2014-6950700,5/30/2016,John Basser,"Anzio,Lazio,Italy",South,Corporate,6/4/2016,Economy,
AZ-2014-6626996,5/31/2016,Theresa Varner,"Gloucester,England,United Kingdom",North,Corporate,6/3/2016,Economy Plus,
AZ-2014-2853843,6/2/2016,Audry Smith,"Le Havre,Normandy,France",Central,Consumer,6/7/2016,Economy,
AZ-2014-5335130,6/2/2016,Jason Roger,"Corbeil-Essonnes,Ile-de-France,France",Central,Corporate,6/5/2016,Economy Plus,
BN-2014-5799987,6/2/2016,Caleb Kenyon,"Karlstad,Värmland,Sweden",North,Corporate,6/6/2016,Economy,
AZ-2014-221897,6/3/2016,Dominic Stephenson,"Ghent,East Flanders,Belgium",Central,Home Office,6/5/2016,Priority,Critical
AZ-2014-1043314,6/3/2016,Kiara Allen,"Cologne,North Rhine-Westphalia,Germany",Central,Consumer,6/8/2016,Economy,
AZ-2014-5829110,6/3/2016,Nancy Seay,"Lyon,Auvergne-Rhône-Alpes,France",Central,Consumer,6/9/2016,Economy,
AZ-2014-5688152,6/3/2016,Henry Winder,"Huddersfield,England,United Kingdom",North,Corporate,6/9/2016,Economy,
AZ-2014-4789346,6/3/2016,Rory Martindale,"Turku,Finland Proper,Finland",North,Consumer,6/9/2016,Economy,
AZ-2014-1308209,6/3/2016,Aaron Cunningham,"Carcassonne,Languedoc-Roussillon-Midi-Pyrénées,France",Central,Consumer,6/4/2016,Priority,Critical
AZ-2014-6883963,6/3/2016,Jonathan Bottrill,"Douai,Nord-Pas-de-Calais-Picardie,France",Central,Consumer,6/8/2016,Economy,
AZ-2014-9821147,6/4/2016,Kieran Herbert,"Voiron,Auvergne-Rhône-Alpes,France",Central,Consumer,6/8/2016,Economy,
AZ-2014-7447666,6/4/2016,Phoebe Moore,"Bradford,England,United Kingdom",North,Corporate,6/7/2016,Priority,Critical
AZ-2014-9952627,6/4/2016,Maya Summers,"Murcia,Murcia,Spain",South,Home Office,6/4/2016,Immediate,Critical
AZ-2014-6650288,6/4/2016,Rhonda Ford,"Calais,Nord-Pas-de-Calais-Picardie,France",Central,Consumer,6/7/2016,Economy Plus,
AZ-2014-6597356,6/4/2016,Alexandra Whitehouse,"Helsinki,Uusimaa,Finland",North,Consumer,6/4/2016,Immediate,Critical
AZ-2014-8916168,6/4/2016,Sienna Williamson,"Talavera de la Reina,Castile-La Mancha,Spain",South,Corporate,6/9/2016,Economy,
AZ-2014-4255691,6/4/2016,Jason Roger,"Colombes,Ile-de-France,France",Central,Corporate,6/8/2016,Economy,
AZ-2014-2413956,6/5/2016,Patrick Cassidy,"Montpellier,Languedoc-Roussillon-Midi-Pyrénées,France",Central,Corporate,6/7/2016,Economy Plus,
AZ-2014-2446526,6/5/2016,Laura Elizabeth,"London,England,United Kingdom",North,Consumer,6/12/2016,Economy,
AZ-2014-8687924,6/5/2016,Steven Cordoba,"Bradford,England,United Kingdom",North,Consumer,6/9/2016,Economy,
AZ-2014-6714214,6/5/2016,Esther Henderson,"Pisa,Tuscany,Italy",South,Consumer,6/10/2016,Economy,
AZ-2014-8536659,6/5/2016,Amy Pendred,"Frankfurt,Hesse,Germany",Central,Consumer,6/10/2016,Economy,
AZ-2014-2805092,6/6/2016,Sherron Henegar,"Schwerin,Mecklenburg-Vorpommern,Germany",Central,Consumer,6/10/2016,Economy,
AZ-2014-208875,6/7/2016,Leroy Dudley,"Bolzano,Trentino-Alto Adige,Italy",South,Consumer,6/12/2016,Economy Plus,
AZ-2014-9423386,6/8/2016,Winnie Moss,"Exeter,England,United Kingdom",North,Consumer,6/12/2016,Economy,
AZ-2014-1466197,6/9/2016,Patricia Lukes,"Ronchin,Nord-Pas-de-Calais-Picardie,France",Central,Corporate,6/15/2016,Economy,
AZ-2014-1805424,6/9/2016,Jodie Mellor,"Rome,Lazio,Italy",South,Consumer,6/12/2016,Priority,Critical
AZ-2014-2277609,6/9/2016,Bianca Whitford,"Munich,Bavaria,Germany",Central,Corporate,6/15/2016,Economy,
AZ-2014-7702774,6/9/2016,Toni Lanz,"Antibes,Provence-Alpes-Côte d'Azur,France",Central,Consumer,6/9/2016,Immediate,Critical
AZ-2014-1353698,6/9/2016,Isla Vogel,"Rome,Lazio,Italy",South,Home Office,6/14/2016,Economy,
AZ-2014-6526295,6/9/2016,Alice Currie,"Madrid,Madrid,Spain",South,Consumer,6/13/2016,Economy,
AZ-2014-2857176,6/9/2016,Joseph Locke,"Turin,Piedmont,Italy",South,Corporate,6/13/2016,Economy Plus,
AZ-2014-7893156,6/9/2016,Alana Zahel,"Nieuwegein,Utrecht,Netherlands",Central,Consumer,6/12/2016,Priority,Critical
AZ-2014-8101198,6/9/2016,Charlie Donnelly,"London,England,United Kingdom",North,Consumer,6/12/2016,Priority,Critical
AZ-2014-186386,6/10/2016,Eve Spencer,"Ludwigsfelde,Brandenburg,Germany",Central,Consumer,6/14/2016,Economy,
AZ-2014-2748286,6/10/2016,Rachel Tyler,"Valencia,Valenciana,Spain",South,Corporate,6/16/2016,Economy,
AZ-2014-6552559,6/10/2016,Evie Morton,"Ponferrada,Castile and León,Spain",South,Consumer,6/12/2016,Priority,Critical
AZ-2014-6264387,6/10/2016,Zoe Lanigan,"Stockholm,Stockholm,Sweden",North,Corporate,6/15/2016,Economy,
AZ-2014-6764855,6/10/2016,Evie Rees,"Le Havre,Normandy,France",Central,Consumer,6/14/2016,Economy Plus,
AZ-2014-9575428,6/10/2016,Lloyd Barnes,"Granada,Andalusía,Spain",South,Corporate,6/14/2016,Economy,
AZ-2014-5722842,6/11/2016,Jeffrey Laird,"Portici,Campania,Italy",South,Corporate,6/16/2016,Economy,
AZ-2014-5429592,6/11/2016,Thomas Stephens,"Caen,Normandy,France",Central,Corporate,6/15/2016,Economy Plus,
AZ-2014-7142751,6/11/2016,Dylan O'Halloran,"Glasgow,Scotland,United Kingdom",North,Home Office,6/16/2016,Economy,
AZ-2014-8498328,6/11/2016,Tyler Miah,"London,England,United Kingdom",North,Home Office,6/13/2016,Priority,Critical
AZ-2014-8090092,6/11/2016,Aidan Rowe,"Vienna,Vienna,Austria",Central,Consumer,6/11/2016,Immediate,Critical
AZ-2014-2638814,6/11/2016,Caleb Kenyon,"Nottingham,England,United Kingdom",North,Corporate,6/13/2016,Priority,Critical
AZ-2014-7437787,6/11/2016,Julia Martell,"Marsala,Sicily,Italy",South,Home Office,6/15/2016,Economy,
AZ-2014-5887026,6/11/2016,Audrey Emanuel,"Manchester,England,United Kingdom",North,Consumer,6/16/2016,Economy Plus,
AZ-2014-313741,6/11/2016,Sienna Williamson,"Northampton,England,United Kingdom",North,Corporate,6/14/2016,Priority,Critical
BN-2014-5914359,6/11/2016,Xavier Martindale,"Oviedo,Asturias,Spain",South,Consumer,6/17/2016,Economy,
AZ-2014-3811134,6/12/2016,Spencer Oliver,"La Spezia,Liguria,Italy",South,Consumer,6/18/2016,Economy,
AZ-2014-8203998,6/12/2016,Ruby Nicholls,"Le Plessis-Robinson,Ile-de-France,France",Central,Corporate,6/16/2016,Economy,
AZ-2014-7873209,6/12/2016,Jose Gambino,"Preston,England,United Kingdom",North,Corporate,6/16/2016,Economy,
BN-2014-8266627,6/12/2016,Charles Builder,"San Severo,Apulia,Italy",South,Consumer,6/13/2016,Priority,Critical
AZ-2014-5196501,6/13/2016,Jason Roger,"Grasse,Provence-Alpes-Côte d'Azur,France",Central,Corporate,6/15/2016,Economy Plus,
AZ-2014-3848321,6/13/2016,Lily Skurrie,"Paris,Ile-de-France,France",Central,Corporate,6/20/2016,Economy,
AZ-2014-423825,6/13/2016,Andrew Stephens,"Marseille,Provence-Alpes-Côte d'Azur,France",Central,Consumer,6/20/2016,Economy,
BN-2014-4149729,6/13/2016,Audrey Knowles,"Stockholm,Stockholm,Sweden",North,Consumer,6/20/2016,Economy,
AZ-2014-2533893,6/14/2016,Isabella Fowler,"Livry-Gargan,Ile-de-France,France",Central,Consumer,6/19/2016,Economy,
AZ-2014-4923095,6/14/2016,Elliot Owen,"Dortmund,North Rhine-Westphalia,Germany",Central,Consumer,6/17/2016,Economy Plus,
AZ-2014-1555448,6/15/2016,Mohammed Fox,"Cartagena,Murcia,Spain",South,Consumer,6/17/2016,Economy Plus,
AZ-2014-5667627,6/16/2016,Evan Allen,"Avellino,Campania,Italy",South,Corporate,6/20/2016,Economy,
AZ-2014-240841,6/16/2016,Isabelle Macghey,"Limoges,Aquitaine-Limousin-Poitou-Charentes,France",Central,Consumer,6/16/2016,Immediate,Critical
AZ-2014-7114093,6/16/2016,David Chadwick,"Salzburg,Salzburg,Austria",Central,Corporate,6/23/2016,Economy,
BN-2014-2116035,6/16/2016,Sebastian McClelland,"Birmingham,England,United Kingdom",North,Consumer,6/19/2016,Priority,Critical
BN-2014-7420129,6/16/2016,Leslie Wilson,"Gagny,Ile-de-France,France",Central,Consumer,6/18/2016,Priority,Critical
BN-2014-4240139,6/16/2016,Michael Myers,"Rome,Lazio,Italy",South,Home Office,6/21/2016,Economy,
AZ-2014-4039650,6/17/2016,Katie Thom,"Watford,England,United Kingdom",North,Corporate,6/20/2016,Economy Plus,
AZ-2014-3031109,6/17/2016,Ashton Foley,"Grenoble,Auvergne-Rhône-Alpes,France",Central,Consumer,6/22/2016,Economy,
AZ-2014-8912005,6/17/2016,Katie Evenden,"Lens,Nord-Pas-de-Calais-Picardie,France",Central,Corporate,6/22/2016,Economy,
AZ-2014-986540,6/17/2016,Jose Gambino,"Salamanca,Castile and León,Spain",South,Corporate,6/21/2016,Economy,
AZ-2014-1223291,6/18/2016,Jose Gullo,"Dortmund,North Rhine-Westphalia,Germany",Central,Consumer,6/23/2016,Economy,
AZ-2014-5010364,6/18/2016,Toby Conway,"Vienna,Vienna,Austria",Central,Consumer,6/23/2016,Economy,
AZ-2014-9794319,6/18/2016,Angus Reading,"West Bromwich,England,United Kingdom",North,Corporate,6/24/2016,Economy,
AZ-2014-8648912,6/18/2016,Donald Pak,"Kassel,Hesse,Germany",Central,Corporate,6/24/2016,Economy,
AZ-2014-1785806,6/18/2016,Rhys Barnett,"Mulhouse,Alsace-Champagne-Ardenne-Lorraine,France",Central,Consumer,6/23/2016,Economy,
BN-2014-7502802,6/18/2016,Alana Tyson,"Cagliari,Sardinia,Italy",South,Home Office,6/24/2016,Economy,
BN-2014-4787383,6/18/2016,Rebecca Cook,"Toulouse,Languedoc-Roussillon-Midi-Pyrénées,France",Central,Corporate,6/23/2016,Economy Plus,
BN-2014-8981319,6/18/2016,Timothy Pownall,"York,England,United Kingdom",North,Consumer,6/18/2016,Immediate,Critical
AZ-2014-2194395,6/19/2016,Sue Castaneda,"Rome,Lazio,Italy",South,Home Office,6/25/2016,Economy,
AZ-2014-8737214,6/19/2016,Mike Obrien,"Carquefou,Pays de la Loire,France",Central,Consumer,6/24/2016,Economy,
BN-2014-2311123,6/19/2016,Freya Briggs,"Rome,Lazio,Italy",South,Corporate,6/25/2016,Economy,
AZ-2014-8770825,6/20/2016,Piper Wilder-Neligan,"Madrid,Madrid,Spain",South,Consumer,6/23/2016,Economy Plus,
AZ-2014-6013408,6/20/2016,Sofia Goddard,"Leeds,England,United Kingdom",North,Corporate,6/24/2016,Economy Plus,
BN-2014-8840192,6/20/2016,Anna Moreton,"Stockholm,Stockholm,Sweden",North,Corporate,6/24/2016,Economy Plus,
AZ-2014-9229911,6/21/2016,Ruby Nicholls,"Saint-Genis-Laval,Auvergne-Rhône-Alpes,France",Central,Corporate,6/23/2016,Economy Plus,
AZ-2014-1647261,6/21/2016,Hudson Ordell,"Vienna,Vienna,Austria",Central,Corporate,6/23/2016,Economy Plus,
AZ-2014-7363418,6/22/2016,Madeleine Nixon,"Berlin,Berlin,Germany",Central,Home Office,6/29/2016,Economy,
AZ-2014-381698,6/23/2016,Devin Huddleston,"Saint-Denis,Ile-de-France,France",Central,Consumer,6/27/2016,Economy,
AZ-2014-7156514,6/23/2016,George Bryan,"Bastia,Corsica,France",Central,Consumer,6/27/2016,Economy,
AZ-2014-3302938,6/23/2016,Amanda Hutcherson,"Sheffield,England,United Kingdom",North,Corporate,6/28/2016,Economy,
AZ-2014-2088036,6/23/2016,Jasmine Hanson,"Peterborough,England,United Kingdom",North,Consumer,6/26/2016,Priority,Critical
AZ-2014-4281843,6/23/2016,Dominic Scott,"Dresden,Saxony,Germany",Central,Consumer,6/27/2016,Economy,
BN-2014-2056771,6/23/2016,Ruby Nicholls,"Manchester,England,United Kingdom",North,Corporate,6/29/2016,Economy,
AZ-2014-4704527,6/24/2016,Bethany Hunt,"Torcy,Ile-de-France,France",Central,Corporate,6/26/2016,Economy Plus,
AZ-2014-655850,6/24/2016,Summer Hayward,"Strasbourg,Alsace-Champagne-Ardenne-Lorraine,France",Central,Consumer,6/28/2016,Economy Plus,
AZ-2014-3840915,6/24/2016,Jodie Mellor,"Barcelona,Catalonia,Spain",South,Consumer,6/28/2016,Economy,
AZ-2014-944918,6/24/2016,Steven Cordoba,"Hazebrouck,Nord-Pas-de-Calais-Picardie,France",Central,Consumer,6/29/2016,Economy,
AZ-2014-5554789,6/24/2016,Owen Faulkner,"Vienna,Vienna,Austria",Central,Home Office,6/28/2016,Economy,
AZ-2014-2926551,6/24/2016,Louie Knight,"Elda,Valenciana,Spain",South,Consumer,6/30/2016,Economy,
AZ-2014-8492621,6/24/2016,Isabella Secombe,"Frankfurt,Hesse,Germany",Central,Consumer,6/30/2016,Economy,
BN-2014-9493182,6/24/2016,Janet Broussard,"London,England,United Kingdom",North,Consumer,6/27/2016,Economy Plus,
BN-2014-6943244,6/24/2016,Xavier Burford,"Dublin,Dublin,Ireland",North,Corporate,6/29/2016,Economy,
AZ-2014-9292431,6/25/2016,Tilly Payne,"Barcelona,Catalonia,Spain",South,Consumer,6/29/2016,Economy,
AZ-2014-4484783,6/25/2016,Erin Rogers,"Ghent,East Flanders,Belgium",Central,Consumer,6/30/2016,Economy,
AZ-2014-5857850,6/25/2016,Toby Patterson,"Berlin,Berlin,Germany",Central,Home Office,6/29/2016,Economy Plus,
AZ-2014-2188891,6/25/2016,Sharon Kerley,"Vienna,Vienna,Austria",Central,Consumer,6/30/2016,Economy Plus,
AZ-2014-3184977,6/25/2016,Benjamin Lee,"Vannes,Brittany,France",Central,Corporate,6/27/2016,Economy Plus,
BN-2014-2088809,6/25/2016,Kristal McCaslin,"Reims,Alsace-Champagne-Ardenne-Lorraine,France",Central,Corporate,7/1/2016,Economy,
AZ-2014-2110602,6/26/2016,Kaitlyn Dorsch,"Madrid,Madrid,Spain",South,Corporate,6/28/2016,Priority,Critical
AZ-2014-3673606,6/26/2016,Leo Jenkins,"Antwerp,Antwerp,Belgium",Central,Home Office,7/3/2016,Economy,
AZ-2014-4764451,6/26/2016,Toby Patterson,"Villeneuve-sur-Lot,Aquitaine-Limousin-Poitou-Charentes,France",Central,Home Office,6/28/2016,Economy Plus,
AZ-2014-3255631,6/26/2016,Rory Gunson,"Charleroi,Hainaut,Belgium",Central,Consumer,7/2/2016,Economy,
AZ-2014-9815081,6/26/2016,Jacob Carter,"Rotherham,England,United Kingdom",North,Consumer,6/28/2016,Economy Plus,
AZ-2014-533150,6/26/2016,Xavier Burford,"Bilbao,Basque Country,Spain",South,Corporate,7/1/2016,Economy,
AZ-2014-6497288,6/26/2016,Sue Castaneda,"Barcelona,Catalonia,Spain",South,Home Office,6/30/2016,Economy,
AZ-2014-5157015,6/26/2016,Thomas Thompson,"Sunderland,England,United Kingdom",North,Corporate,7/2/2016,Economy,
BN-2014-9564073,6/26/2016,Toni Lanz,"Heerlen,Limburg,Netherlands",Central,Consumer,7/1/2016,Economy,
BN-2014-1458748,6/26/2016,Maynard Moorman,"Bilbao,Basque Country,Spain",South,Consumer,7/1/2016,Economy,
AZ-2014-7427594,6/27/2016,Cora Konieczny,"Stoke-on-Trent,England,United Kingdom",North,Home Office,6/28/2016,Priority,Critical
AZ-2014-7614787,6/27/2016,Caitlin Schmidt,"Carvin,Nord-Pas-de-Calais-Picardie,France",Central,Corporate,7/3/2016,Economy,
AZ-2014-1888707,6/27/2016,Alfonso Gomez,"Peterborough,England,United Kingdom",North,Corporate,6/29/2016,Economy Plus,
AZ-2014-176207,6/27/2016,Joe Gilbert,"Berne,Bern,Switzerland",Central,Home Office,7/1/2016,Economy,
AZ-2014-3039763,6/27/2016,Lily Skurrie,"Bruges,West Flanders,Belgium",Central,Corporate,7/1/2016,Economy,
AZ-2014-7106624,6/27/2016,Xavier Synan,"Valencia,Valenciana,Spain",South,Consumer,7/1/2016,Economy,
BN-2014-7312501,6/27/2016,Koby Ricketson,"Dundee,Scotland,United Kingdom",North,Corporate,7/3/2016,Economy,
AZ-2014-8488653,6/30/2016,Libby McDonald,"Cologne,North Rhine-Westphalia,Germany",Central,Home Office,7/4/2016,Economy,
AZ-2014-5614288,6/30/2016,Michael Wilson,"Stoke-on-Trent,England,United Kingdom",North,Home Office,6/30/2016,Immediate,Critical
AZ-2014-8202914,6/30/2016,Patricia Epps,"Gela,Sicily,Italy",South,Corporate,7/4/2016,Economy,
AZ-2014-1270889,6/30/2016,Jason Roger,"Stuttgart,Baden-Württemberg,Germany",Central,Corporate,7/5/2016,Economy Plus,
AZ-2014-4709921,6/30/2016,Koby Ricketson,"Paris,Ile-de-France,France",Central,Corporate,7/7/2016,Economy,
AZ-2014-1627847,7/1/2016,Logan Allan,"Santiago de Compostela,Galicia,Spain",South,Corporate,7/5/2016,Economy,
AZ-2014-4726682,7/1/2016,Ben Summerville,"Wels,Upper Austria,Austria",Central,Consumer,7/4/2016,Priority,Critical
AZ-2014-2210419,7/1/2016,Tyson Hanna,"Zeist,Utrecht,Netherlands",Central,Consumer,7/3/2016,Economy Plus,
BN-2014-4460556,7/1/2016,Skye Hammond,"Treviglio,Lombardy,Italy",South,Corporate,7/4/2016,Economy Plus,
AZ-2014-8773911,7/2/2016,Nancy Seay,"Sassari,Sardinia,Italy",South,Consumer,7/6/2016,Economy,
AZ-2014-110527,7/3/2016,Kiara Allen,"Murcia,Murcia,Spain",South,Consumer,7/8/2016,Economy,
BN-2014-8625232,7/3/2016,Steven Cordoba,"Blackpool,England,United Kingdom",North,Consumer,7/6/2016,Economy Plus,
AZ-2014-9538326,7/4/2016,Katie Thom,"Rome,Lazio,Italy",South,Corporate,7/4/2016,Immediate,Critical
AZ-2014-6246493,7/4/2016,Eden Kern,"Catania,Sicily,Italy",South,Consumer,7/9/2016,Economy,
BN-2014-5409026,7/4/2016,Harry Ahmed,"Gothenburg,Västra Götaland,Sweden",North,Consumer,7/9/2016,Economy,
AZ-2014-9743631,7/5/2016,Nicole Carr,"Molina de Segura,Murcia,Spain",South,Consumer,7/8/2016,Economy Plus,
AZ-2014-2427220,7/5/2016,Rory Jess,"Glasgow,Scotland,United Kingdom",North,Home Office,7/8/2016,Priority,Critical
BN-2014-6091035,7/5/2016,Anna Macdonald,"London,England,United Kingdom",North,Consumer,7/9/2016,Economy,
AZ-2014-2661434,7/7/2016,Catharine Robbins,"Sonderborg,South Denmark,Denmark",North,Corporate,7/12/2016,Economy,
AZ-2014-7540023,7/7/2016,Catharine Robbins,"London,England,United Kingdom",North,Corporate,7/9/2016,Economy Plus,
AZ-2014-3370172,7/7/2016,Lily Skurrie,"Munich,Bavaria,Germany",Central,Corporate,7/12/2016,Economy Plus,
AZ-2014-6401061,7/7/2016,Isabelle Grimstone,"Vienna,Vienna,Austria",Central,Consumer,7/12/2016,Economy Plus,
BN-2014-7867544,7/7/2016,Ebony Northcott,"Bonn,North Rhine-Westphalia,Germany",Central,Consumer,7/11/2016,Economy,
AZ-2014-9433956,7/8/2016,Patricia Smith,"Paris,Ile-de-France,France",Central,Corporate,7/12/2016,Economy,
BN-2014-9995192,7/9/2016,Hayley Baldwinson,"Celle,Lower Saxony,Germany",Central,Consumer,7/10/2016,Priority,Critical
AZ-2014-4865312,7/10/2016,Rachel Goddard,"Rotherham,England,United Kingdom",North,Consumer,7/14/2016,Economy,
AZ-2014-3888440,7/10/2016,Leon Barnes,"Sabadell,Catalonia,Spain",South,Consumer,7/14/2016,Economy,
BN-2014-5088203,7/10/2016,Jodie Mellor,"The Hague,South Holland,Netherlands",Central,Consumer,7/13/2016,Priority,Critical
BN-2014-3416372,7/10/2016,Georgia Blackburn,"Garbsen,Lower Saxony,Germany",Central,Corporate,7/14/2016,Economy Plus,
AZ-2014-9712649,7/11/2016,Zoe Lanigan,"Pescara,Abruzzi,Italy",South,Corporate,7/16/2016,Economy,
AZ-2014-3762374,7/11/2016,Evie Flockhart,"Washington,England,United Kingdom",North,Consumer,7/15/2016,Economy,
AZ-2014-8061862,7/13/2016,Jayden Ali,"Le Mans,Pays de la Loire,France",Central,Consumer,7/16/2016,Priority,Critical
AZ-2014-7906967,7/14/2016,Jessie White,"Rome,Lazio,Italy",South,Consumer,7/16/2016,Economy Plus,
AZ-2014-2071548,7/14/2016,Charlie Donnelly,"Madrid,Madrid,Spain",South,Consumer,7/16/2016,Priority,Critical
AZ-2014-7090421,7/14/2016,Hayley Baldwinson,"Le Mans,Pays de la Loire,France",Central,Consumer,7/18/2016,Economy Plus,
BN-2014-4805161,7/14/2016,Casey Beckett,"Stockholm,Stockholm,Sweden",North,Home Office,7/21/2016,Economy,
BN-2014-8433549,7/15/2016,Luther King,"Amadora,Lisboa,Portugal",South,Consumer,7/19/2016,Economy,
AZ-2014-7709968,7/16/2016,Norma McCowan,"Berlin,Berlin,Germany",Central,Consumer,7/19/2016,Economy Plus,
AZ-2014-9252618,7/16/2016,John Kemp,"Genk,Limburg,Belgium",Central,Home Office,7/20/2016,Economy Plus,
AZ-2014-3822265,7/16/2016,Alta Nokes,"Pontevedra,Galicia,Spain",South,Home Office,7/21/2016,Economy,
AZ-2014-7559848,7/16/2016,Ava Corbin,"Rovigo,Veneto,Italy",South,Home Office,7/17/2016,Priority,Critical
AZ-2014-7613436,7/16/2016,Lydia Fowler,"Bologna,Emilia-Romagna,Italy",South,Corporate,7/22/2016,Economy,
AZ-2014-399532,7/16/2016,Adam Bentley,"Vienna,Vienna,Austria",Central,Consumer,7/20/2016,Economy,
BN-2014-5261213,7/16/2016,Isaac David,"Amsterdam,North Holland,Netherlands",Central,Corporate,7/21/2016,Economy,
BN-2014-9608893,7/17/2016,Indiana Wekey,"Stockholm,Stockholm,Sweden",North,Corporate,7/22/2016,Economy,
AZ-2014-2763663,7/18/2016,Everett Dunbar,"Torre del Greco,Campania,Italy",South,Corporate,7/22/2016,Economy,
AZ-2014-839784,7/18/2016,Lucas Wood,"Vienna,Vienna,Austria",Central,Corporate,7/18/2016,Immediate,Critical
BN-2014-6469413,7/19/2016,George Bryan,"Essen,North Rhine-Westphalia,Germany",Central,Consumer,7/23/2016,Economy,
AZ-2014-7674132,7/21/2016,Ewan Hyde,"Schwerin,Mecklenburg-Vorpommern,Germany",Central,Consumer,7/21/2016,Immediate,Critical
AZ-2014-2800894,7/22/2016,Lori Miller,"Waterlooville,England,United Kingdom",North,Consumer,7/24/2016,Priority,Critical
AZ-2014-586948,7/22/2016,Charlie Horrocks,"Geneva,Geneva,Switzerland",Central,Consumer,7/24/2016,Economy Plus,
BN-2014-2290642,7/22/2016,Terence Welch,"Dordrecht,South Holland,Netherlands",Central,Consumer,7/24/2016,Economy Plus,
AZ-2014-1036259,7/24/2016,Nicole Howard,"Reading,England,United Kingdom",North,Consumer,7/27/2016,Priority,Critical
BN-2014-7302833,7/24/2016,Scarlett Truchanas,"Fulda,Hesse,Germany",Central,Corporate,7/28/2016,Economy,
BN-2014-2393314,7/24/2016,Joseph Wright,"El Prat de Llobregat,Catalonia,Spain",South,Home Office,7/27/2016,Priority,Critical
AZ-2014-275213,7/26/2016,John Basser,"Bottrop,North Rhine-Westphalia,Germany",Central,Corporate,7/30/2016,Economy,
AZ-2014-8976002,7/26/2016,Rory Jess,"Vienna,Vienna,Austria",Central,Home Office,7/28/2016,Economy Plus,
AZ-2014-7380286,7/27/2016,Phoebe Moore,"Perpignan,Languedoc-Roussillon-Midi-Pyrénées,France",Central,Corporate,7/31/2016,Economy,
AZ-2014-1993253,7/28/2016,Rose Nicolay,"Valladolid,Castile and León,Spain",South,Home Office,8/3/2016,Economy,
AZ-2014-4277891,7/28/2016,Will Poynton,"Badalona,Catalonia,Spain",South,Consumer,8/3/2016,Economy,
AZ-2014-4257204,7/28/2016,Millie Arnold,"Glasgow,Scotland,United Kingdom",North,Consumer,7/31/2016,Economy Plus,
AZ-2014-8512143,7/28/2016,Jasmine Slater,"Madrid,Madrid,Spain",South,Corporate,7/30/2016,Priority,Critical
AZ-2014-8682388,7/28/2016,Rory Martindale,"Reutlingen,Baden-Württemberg,Germany",Central,Consumer,7/31/2016,Priority,Critical
AZ-2014-6299049,7/29/2016,Harry Ahmed,"Barcelona,Catalonia,Spain",South,Consumer,8/3/2016,Economy,
AZ-2014-3145112,7/30/2016,Leo Bannister,"Northampton,England,United Kingdom",North,Home Office,8/4/2016,Economy,
AZ-2014-6791682,7/30/2016,Joyce Cornell,"Sabadell,Catalonia,Spain",South,Consumer,8/3/2016,Economy,
AZ-2014-5463403,7/30/2016,Mark Burkett,"Turin,Piedmont,Italy",South,Home Office,8/4/2016,Economy,
AZ-2014-963453,7/30/2016,Ruby Nicholls,"Seville,Andalusía,Spain",South,Corporate,7/31/2016,Priority,Critical
AZ-2014-4696834,7/30/2016,Philip Newsom,"Rome,Lazio,Italy",South,Corporate,8/4/2016,Economy,
BN-2014-5571092,7/30/2016,Crystal Turner,"Jena,Thuringia,Germany",Central,Consumer,8/4/2016,Economy,
BN-2014-9861831,7/30/2016,Leroy Samson,"Stockholm,Stockholm,Sweden",North,Home Office,8/4/2016,Economy Plus,
AZ-2014-1538989,7/31/2016,Molly Crawford,"Hamburg,Hamburg,Germany",Central,Corporate,8/7/2016,Economy,
AZ-2014-1021956,7/31/2016,Sandra Hooks,"Mulhouse,Alsace-Champagne-Ardenne-Lorraine,France",Central,Corporate,8/6/2016,Economy,
AZ-2014-2300523,7/31/2016,Rebecca Chamberlain,"Duisburg,North Rhine-Westphalia,Germany",Central,Home Office,8/4/2016,Economy,
AZ-2014-739354,7/31/2016,Maya Summers,"Alfortville,Ile-de-France,France",Central,Home Office,8/2/2016,Economy Plus,
AZ-2014-8335609,7/31/2016,Leah Barrett,"Northampton,England,United Kingdom",North,Consumer,8/5/2016,Economy Plus,
AZ-2014-168273,7/31/2016,Rory Braim,"Jerez de la Frontera,Andalusía,Spain",South,Consumer,8/3/2016,Priority,Critical
AZ-2014-2021789,7/31/2016,Isabelle Torpy,"Madrid,Madrid,Spain",South,Consumer,8/4/2016,Economy Plus,
AZ-2014-729084,8/1/2016,Kiera Chandler,"West Bromwich,England,United Kingdom",North,Consumer,8/6/2016,Economy Plus,
AZ-2014-4892329,8/1/2016,Oscar Clayton,"Cologne,North Rhine-Westphalia,Germany",Central,Consumer,8/6/2016,Economy,
BN-2014-4616231,8/1/2016,Abby Muramats,"Huddinge,Stockholm,Sweden",North,Consumer,8/1/2016,Immediate,Critical
AZ-2014-6660694,8/2/2016,Joel Peters,"Krefeld,North Rhine-Westphalia,Germany",Central,Home Office,8/7/2016,Economy,
AZ-2014-2348970,8/2/2016,Judith Franke,"Bracknell,England,United Kingdom",North,Home Office,8/7/2016,Economy,
AZ-2014-2767190,8/2/2016,Kayleigh Farmer,"Palma de Mallorca,Balearic Islands,Spain",South,Consumer,8/5/2016,Economy Plus,
AZ-2014-7450631,8/2/2016,Daniel Hamilton,"Lille,Nord-Pas-de-Calais-Picardie,France",Central,Home Office,8/4/2016,Economy Plus,
AZ-2014-1343992,8/2/2016,Imogen Symon,"Le Petit-Quevilly,Normandy,France",Central,Consumer,8/3/2016,Priority,Critical
AZ-2014-6271247,8/2/2016,Blake Lymburner,"Cagnes-sur-Mer,Provence-Alpes-Côte d'Azur,France",Central,Consumer,8/5/2016,Priority,Critical
AZ-2014-2584189,8/2/2016,Amber Adams,"Leeds,England,United Kingdom",North,Corporate,8/6/2016,Economy,
AZ-2014-4467303,8/2/2016,Harry Ahmed,"Brive-la-Gaillarde,Aquitaine-Limousin-Poitou-Charentes,France",Central,Consumer,8/7/2016,Economy,
BN-2014-6598534,8/2/2016,Lola Dale,"Bari,Apulia,Italy",South,Consumer,8/8/2016,Economy,
BN-2014-3864024,8/2/2016,Benjamin Humphries,"Tarbes,Languedoc-Roussillon-Midi-Pyrénées,France",Central,Consumer,8/6/2016,Economy,
AZ-2014-9111247,8/3/2016,Mark Westfall,"Florence,Tuscany,Italy",South,Consumer,8/6/2016,Priority,Critical
AZ-2014-8438801,8/3/2016,Mary Parker,"Paisley,Scotland,United Kingdom",North,Corporate,8/6/2016,Economy Plus,
AZ-2014-2897959,8/4/2016,Bonnie Wilson,"Mijas,Andalusía,Spain",South,Corporate,8/10/2016,Economy,
AZ-2014-5584970,8/4/2016,Lucas Wood,"Strasbourg,Alsace-Champagne-Ardenne-Lorraine,France",Central,Corporate,8/7/2016,Priority,Critical
AZ-2014-2752390,8/4/2016,Alexandra Whitehouse,"Berlin,Berlin,Germany",Central,Consumer,8/8/2016,Economy,
AZ-2014-4871918,8/4/2016,David Harney,"Madrid,Madrid,Spain",South,Corporate,8/10/2016,Economy,
AZ-2014-2750080,8/4/2016,Aidan Rowe,"Turin,Piedmont,Italy",South,Consumer,8/9/2016,Economy,
AZ-2014-9838410,8/4/2016,Victor Kron,"Sarcelles,Ile-de-France,France",Central,Consumer,8/10/2016,Economy,
AZ-2014-3504387,8/4/2016,Kai Ford,"Ratingen,North Rhine-Westphalia,Germany",Central,Corporate,8/8/2016,Economy,
AZ-2014-861955,8/4/2016,Harry Nelson,"Sant Boi de Llobregat,Catalonia,Spain",South,Consumer,8/6/2016,Economy Plus,
BN-2014-7375739,8/4/2016,Patricia Smith,"Bergen,Hordaland,Norway",North,Corporate,8/10/2016,Economy,
BN-2014-6245972,8/4/2016,Rachel Norton,"Fontenay-sous-Bois,Ile-de-France,France",Central,Corporate,8/8/2016,Economy,
AZ-2014-5904203,8/5/2016,Joseph Banks,"Chartres,Centre-Val de Loire,France",Central,Consumer,8/11/2016,Economy,
BN-2014-3518568,8/5/2016,Kyle Nash,"Upplands Väsby,Stockholm,Sweden",North,Consumer,8/8/2016,Economy Plus,
BN-2014-1557149,8/5/2016,Minnie Cash,"Stockholm,Stockholm,Sweden",North,Corporate,8/10/2016,Economy,
AZ-2014-5473130,8/6/2016,Casey Beckett,"Fresnes,Ile-de-France,France",Central,Home Office,8/12/2016,Economy,
AZ-2014-522884,8/6/2016,Leah Marsh,"Kristiansand,Vest-Agder,Norway",North,Corporate,8/6/2016,Immediate,Critical
AZ-2014-8294649,8/6/2016,Jude Leonard,"Levallois-Perret,Ile-de-France,France",Central,Consumer,8/7/2016,Priority,Critical
AZ-2014-6819161,8/6/2016,Jennifer Douglas,"Gloucester,England,United Kingdom",North,Corporate,8/13/2016,Economy,
AZ-2014-1976505,8/6/2016,Ava Giles,"Stoke-on-Trent,England,United Kingdom",North,Corporate,8/12/2016,Economy,
AZ-2014-302639,8/6/2016,Carrie Boots,"Barcelona,Catalonia,Spain",South,Corporate,8/12/2016,Economy,
AZ-2014-4571565,8/6/2016,Toni Lanz,"Getafe,Madrid,Spain",South,Consumer,8/11/2016,Economy,
AZ-2014-1597164,8/6/2016,Natasha Heane,"Stavanger,Rogaland,Norway",North,Home Office,8/12/2016,Economy,
BN-2014-1328067,8/6/2016,Jasmine Slater,"Paris,Ile-de-France,France",Central,Corporate,8/8/2016,Economy Plus,
BN-2014-3915044,8/6/2016,Anna Leal,"Solingen,North Rhine-Westphalia,Germany",Central,Consumer,8/8/2016,Priority,Critical
AZ-2014-651851,8/7/2016,Jade Howe,"London,England,United Kingdom",North,Corporate,8/13/2016,Economy,
AZ-2014-6685609,8/7/2016,Mason Adams,"London,England,United Kingdom",North,Consumer,8/12/2016,Economy Plus,
AZ-2014-9211150,8/7/2016,Brooke Hodgson,"Rome,Lazio,Italy",South,Consumer,8/13/2016,Economy,
AZ-2014-6155335,8/7/2016,Elise Godfrey,"Coventry,England,United Kingdom",North,Consumer,8/12/2016,Economy,
AZ-2014-4321659,8/7/2016,Erick Tanner,"Getafe,Madrid,Spain",South,Corporate,8/12/2016,Economy,
AZ-2014-3374412,8/7/2016,Elise Godfrey,"Harrow,England,United Kingdom",North,Consumer,8/10/2016,Priority,Critical
BN-2014-2153442,8/7/2016,Jean Crowley,"Drammen,Buskerud,Norway",North,Corporate,8/10/2016,Economy Plus,
BN-2014-3084273,8/7/2016,Libby McDonald,"Parma,Emilia-Romagna,Italy",South,Home Office,8/11/2016,Economy,
BN-2014-388260,8/7/2016,Archer Hort,"Dublin,Dublin,Ireland",North,Consumer,8/12/2016,Economy,
BN-2014-6086541,8/7/2016,Ashley Baldwinson,"Menton,Provence-Alpes-Côte d'Azur,France",Central,Corporate,8/9/2016,Economy Plus,
AZ-2014-3303023,8/8/2016,Corey Norton,"Paris,Ile-de-France,France",Central,Consumer,8/11/2016,Priority,Critical
AZ-2014-6926624,8/8/2016,Lamar Lockhart,"Schwerin,Mecklenburg-Vorpommern,Germany",Central,Consumer,8/12/2016,Economy,
AZ-2014-4634987,8/8/2016,Isabelle Gould,"Cork,Cork,Ireland",North,Consumer,8/14/2016,Economy,
AZ-2014-9141986,8/8/2016,Lucas Northcott,"Wiesbaden,Hesse,Germany",Central,Consumer,8/10/2016,Economy Plus,
AZ-2014-3178451,8/8/2016,Sophie Franklin,"Rome,Lazio,Italy",South,Corporate,8/13/2016,Economy,
BN-2014-9212655,8/8/2016,Mohammed Arnold,"Bilbao,Basque Country,Spain",South,Consumer,8/13/2016,Economy,
BN-2014-3197989,8/8/2016,Koby Ricketson,"Stockholm,Stockholm,Sweden",North,Corporate,8/13/2016,Economy Plus,
BN-2014-9982544,8/8/2016,Charlie Power,"Essen,North Rhine-Westphalia,Germany",Central,Home Office,8/15/2016,Economy,
AZ-2014-9876300,8/9/2016,Max Ludwig,"Pertuis,Provence-Alpes-Côte d'Azur,France",Central,Home Office,8/15/2016,Economy,
AZ-2014-6094082,8/9/2016,Lewis Greenwood,"Vichy,Auvergne-Rhône-Alpes,France",Central,Consumer,8/11/2016,Priority,Critical
BN-2014-9297622,8/9/2016,Jett Osman,"Laval,Pays de la Loire,France",Central,Home Office,8/15/2016,Economy,
AZ-2014-49399,8/11/2016,Georgia Blackburn,"Angers,Pays de la Loire,France",Central,Corporate,8/16/2016,Economy,
AZ-2014-8677910,8/11/2016,Michael Watkins,"Stoke-on-Trent,England,United Kingdom",North,Home Office,8/14/2016,Priority,Critical
AZ-2014-6797948,8/11/2016,Phoebe Baines,"Strasbourg,Alsace-Champagne-Ardenne-Lorraine,France",Central,Home Office,8/15/2016,Economy,
AZ-2014-9462955,8/11/2016,Alfonso Gomez,"Vienna,Vienna,Austria",Central,Corporate,8/12/2016,Priority,Critical
AZ-2014-4668799,8/11/2016,Alexandra Portus,"Antwerp,Antwerp,Belgium",Central,Corporate,8/16/2016,Economy,
AZ-2014-4112918,8/11/2016,Kazuko Mason,"Rillieux-la-Pape,Auvergne-Rhône-Alpes,France",Central,Home Office,8/17/2016,Economy,
BN-2014-3359053,8/11/2016,Darcy St George,"Rome,Lazio,Italy",South,Corporate,8/11/2016,Immediate,Critical
BN-2014-4964479,8/11/2016,Ella Knopwood,"Nacka,Stockholm,Sweden",North,Consumer,8/17/2016,Economy,
AZ-2014-9026521,8/12/2016,Madison Holloway,"Bottrop,North Rhine-Westphalia,Germany",Central,Corporate,8/16/2016,Economy,
AZ-2014-2995713,8/12/2016,Ella Knopwood,"Annecy,Auvergne-Rhône-Alpes,France",Central,Consumer,8/14/2016,Economy Plus,
AZ-2014-356444,8/12/2016,Jeremy Pilcher,"Essen,North Rhine-Westphalia,Germany",Central,Corporate,8/15/2016,Priority,Critical
AZ-2014-3152192,8/12/2016,Hannah Conyers,"Cormeilles-en-Parisis,Ile-de-France,France",Central,Home Office,8/14/2016,Economy Plus,
BN-2014-47251,8/12/2016,Kazuko Mason,"Madrid,Madrid,Spain",South,Home Office,8/16/2016,Economy,
BN-2014-6947599,8/12/2016,Elijah Ruatoka,"Zurich,Zürich,Switzerland",Central,Home Office,8/19/2016,Economy,
BN-2014-4513142,8/12/2016,Niamh Mann,"Shrewsbury,England,United Kingdom",North,Consumer,8/17/2016,Economy,
BN-2014-9900559,8/12/2016,Rachel Tyler,"St. Gallen,St. Gallen,Switzerland",Central,Corporate,8/16/2016,Economy,
AZ-2014-8054390,8/13/2016,Taj Knetes,"Offenburg,Baden-Württemberg,Germany",Central,Consumer,8/18/2016,Economy,
AZ-2014-1447703,8/13/2016,Kelly Long,"Tourcoing,Nord-Pas-de-Calais-Picardie,France",Central,Corporate,8/18/2016,Economy,
AZ-2014-4898591,8/13/2016,Lester Wimmer,"Geneva,Geneva,Switzerland",Central,Consumer,8/13/2016,Immediate,Critical
AZ-2014-5324394,8/13/2016,Ella Troy,"Swindon,England,United Kingdom",North,Home Office,8/19/2016,Economy,
AZ-2014-7795641,8/13/2016,Lily Skurrie,"Doncaster,England,United Kingdom",North,Corporate,8/13/2016,Immediate,Critical
AZ-2014-6244900,8/13/2016,Lilly Le Grand,"Munich,Bavaria,Germany",Central,Home Office,8/13/2016,Immediate,Critical
BN-2014-9289926,8/13/2016,Alexandra Macdonald,"Toulouse,Languedoc-Roussillon-Midi-Pyrénées,France",Central,Corporate,8/17/2016,Economy,
AZ-2014-2002086,8/14/2016,Dylan Dry,"Bedford,England,United Kingdom",North,Consumer,8/18/2016,Economy Plus,
AZ-2014-3892421,8/14/2016,Ethan Howarth,"Menton,Provence-Alpes-Côte d'Azur,France",Central,Consumer,8/18/2016,Economy,
AZ-2014-8854182,8/14/2016,Harvey Daniels,"Chiclana de la Frontera,Andalusía,Spain",South,Consumer,8/20/2016,Economy,
AZ-2014-4019056,8/14/2016,Robert James,"Cardiff,Wales,United Kingdom",North,Home Office,8/20/2016,Economy,
AZ-2014-5167139,8/14/2016,Dylan O'Halloran,"Odense,South Denmark,Denmark",North,Home Office,8/18/2016,Economy,
AZ-2014-3146183,8/14/2016,Chloe Landale,"Vienna,Vienna,Austria",Central,Home Office,8/16/2016,Priority,Critical
BN-2014-2863458,8/14/2016,John Kemp,"Como,Lombardy,Italy",South,Home Office,8/18/2016,Economy,
BN-2014-7005725,8/14/2016,Isabelle Macghey,"Bottrop,North Rhine-Westphalia,Germany",Central,Consumer,8/17/2016,Economy Plus,
AZ-2014-8533393,8/15/2016,Harriet Chadwick,"Madrid,Madrid,Spain",South,Corporate,8/16/2016,Priority,Critical
AZ-2014-167426,8/15/2016,David Arnold,"Trieste,Friuli-Venezia Giulia,Italy",South,Consumer,8/15/2016,Immediate,Critical
AZ-2014-3393517,8/15/2016,Kyle Nash,"Ceuta,Ceuta,Spain",South,Consumer,8/20/2016,Economy,
BN-2014-5824025,8/15/2016,Amy Nixon,"Rotterdam,South Holland,Netherlands",Central,Consumer,8/16/2016,Priority,Critical
BN-2014-91476,8/15/2016,Amy Pritchard,"Oosterhout,North Brabant,Netherlands",Central,Consumer,8/18/2016,Priority,Critical
AZ-2014-3798193,8/16/2016,Tyson Ebden,"Oviedo,Asturias,Spain",South,Consumer,8/21/2016,Economy,
AZ-2014-8696751,8/16/2016,Elijah Sodeman,"Cesena,Emilia-Romagna,Italy",South,Consumer,8/20/2016,Economy,
AZ-2014-5931184,8/16/2016,Ethel Cole,"Berne,Bern,Switzerland",Central,Home Office,8/18/2016,Priority,Critical
BN-2014-8933251,8/16/2016,Lloyd Barnes,"Alphen aan den Rijn,South Holland,Netherlands",Central,Corporate,8/21/2016,Economy,
BN-2014-2645644,8/16/2016,Jeremy Pilcher,"The Hague,South Holland,Netherlands",Central,Corporate,8/17/2016,Priority,Critical
AZ-2014-5935860,8/18/2016,Ginger Owens,"Bagneux,Ile-de-France,France",Central,Consumer,8/18/2016,Immediate,Critical
AZ-2014-5446211,8/18/2016,Gary Crume,"Borken,North Rhine-Westphalia,Germany",Central,Consumer,8/18/2016,Immediate,Critical
AZ-2014-8531575,8/18/2016,Nicole Johns,"Copenhagen,Hovedstaden,Denmark",North,Consumer,8/24/2016,Economy,
AZ-2014-3085077,8/18/2016,Ella Dwyer-Gray,"Meudon,Ile-de-France,France",Central,Consumer,8/21/2016,Economy Plus,
AZ-2014-1020342,8/18/2016,Ella Dwyer-Gray,"Nuremberg,Bavaria,Germany",Central,Consumer,8/22/2016,Economy,
AZ-2014-6397741,8/18/2016,Victor Kron,"Mainz,Rhineland-Palatinate,Germany",Central,Consumer,8/20/2016,Economy Plus,
BN-2014-153112,8/18/2016,Ella Dwyer-Gray,"London,England,United Kingdom",North,Consumer,8/24/2016,Economy,
BN-2014-9235525,8/18/2016,Maya Pamphlett,"Pistoia,Tuscany,Italy",South,Consumer,8/24/2016,Economy,
BN-2014-5307129,8/18/2016,Katie Evenden,"Almelo,Overijssel,Netherlands",Central,Corporate,8/23/2016,Economy,
AZ-2014-115654,8/19/2016,Jose Gambino,"Berlin,Berlin,Germany",Central,Corporate,8/22/2016,Priority,Critical
AZ-2014-8967305,8/19/2016,Kimberly Jones,"Verona,Veneto,Italy",South,Corporate,8/25/2016,Economy,
AZ-2014-4531843,8/19/2016,Kian Thomson,"Frankfurt,Hesse,Germany",Central,Consumer,8/25/2016,Economy,
AZ-2014-9736684,8/19/2016,Lola Hughes,"Madrid,Madrid,Spain",South,Consumer,8/23/2016,Economy Plus,
AZ-2014-183577,8/19/2016,Zara Loton,"Leicester,England,United Kingdom",North,Corporate,8/23/2016,Economy,
BN-2014-8685864,8/19/2016,Georgina Storey,"Villeneuve-d'Ascq,Nord-Pas-de-Calais-Picardie,France",Central,Consumer,8/25/2016,Economy,
BN-2014-1551236,8/19/2016,Jasmine Slater,"Gothenburg,Västra Götaland,Sweden",North,Corporate,8/22/2016,Priority,Critical
AZ-2014-9133960,8/20/2016,Kazuko Mason,"Marseille,Provence-Alpes-Côte d'Azur,France",Central,Home Office,8/24/2016,Economy,
AZ-2014-6477857,8/20/2016,Blake Lymburner,"London,England,United Kingdom",North,Consumer,8/24/2016,Economy,
AZ-2014-8849270,8/20/2016,Yasmin Higgins,"Langenfeld,North Rhine-Westphalia,Germany",Central,Corporate,8/22/2016,Priority,Critical
AZ-2014-8676068,8/20/2016,Evie Rees,"Fontenay-aux-Roses,Ile-de-France,France",Central,Consumer,8/23/2016,Priority,Critical
AZ-2014-129299,8/20/2016,Koby Phillip,"Milan,Lombardy,Italy",South,Consumer,8/20/2016,Immediate,Critical
AZ-2014-2961810,8/20/2016,Angus Ibsch,"Mantes-la-Ville,Ile-de-France,France",Central,Consumer,8/27/2016,Economy,
AZ-2014-8438862,8/20/2016,Henry Chandler,"Nieuwegein,Utrecht,Netherlands",Central,Home Office,8/25/2016,Economy,
BN-2014-8744375,8/20/2016,Maya O'Sullivan,"Birmingham,England,United Kingdom",North,Corporate,8/25/2016,Economy,
AZ-2014-4317243,8/21/2016,Nelson Olsen,"Moers,North Rhine-Westphalia,Germany",Central,Home Office,8/23/2016,Economy Plus,
AZ-2014-1240629,8/21/2016,Fredrick Beveridge,"Ragusa,Sicily,Italy",South,Corporate,8/25/2016,Economy,
AZ-2014-3706282,8/21/2016,Yasmin Higgins,"Bar-le-Duc,Alsace-Champagne-Ardenne-Lorraine,France",Central,Corporate,8/26/2016,Economy,
AZ-2014-1957538,8/21/2016,Courtney Hancock,"Paris,Ile-de-France,France",Central,Consumer,8/21/2016,Immediate,Critical
AZ-2014-727040,8/21/2016,Kyle Beard,"Rome,Lazio,Italy",South,Consumer,8/24/2016,Priority,Critical
BN-2014-1462193,8/21/2016,Rebecca Heysen,"Cork,Cork,Ireland",North,Corporate,8/24/2016,Economy Plus,
BN-2014-3821323,8/21/2016,Tina Brantley,"London,England,United Kingdom",North,Home Office,8/21/2016,Immediate,Critical
AZ-2014-383147,8/22/2016,Angus Ibsch,"Maidenhead,England,United Kingdom",North,Consumer,8/24/2016,Economy Plus,
AZ-2014-7156078,8/22/2016,Amy Nixon,"Hagen,North Rhine-Westphalia,Germany",Central,Consumer,8/28/2016,Economy,
AZ-2014-5363417,8/22/2016,Bianca Crisp,"Sunderland,England,United Kingdom",North,Home Office,8/28/2016,Economy,
AZ-2014-5408556,8/22/2016,Jessica Paramor,"Madrid,Madrid,Spain",South,Corporate,8/27/2016,Economy,
BN-2014-8703611,8/22/2016,Crystal Turner,"Bagnolet,Ile-de-France,France",Central,Consumer,8/26/2016,Economy,
BN-2014-2791040,8/22/2016,Jason Martinez,"Perugia,Umbria,Italy",South,Corporate,8/24/2016,Economy Plus,
BN-2014-2717006,8/22/2016,Devin Huddleston,"Vallauris,Provence-Alpes-Côte d'Azur,France",Central,Consumer,8/28/2016,Economy,
BN-2014-7374900,8/22/2016,Melody Nelson,"Acireale,Sicily,Italy",South,Corporate,8/26/2016,Economy Plus,
AZ-2014-8231196,8/23/2016,Alana Zahel,"Salon-de-Provence,Provence-Alpes-Côte d'Azur,France",Central,Consumer,8/23/2016,Immediate,Critical
AZ-2014-604264,8/23/2016,John Baca,"Nottingham,England,United Kingdom",North,Consumer,8/26/2016,Priority,Critical
AZ-2014-3694312,8/23/2016,Denise Harris,"Crotone,Calabria,Italy",South,Consumer,8/28/2016,Economy,
AZ-2014-1670847,8/23/2016,Joshua Romero,"Bordeaux,Aquitaine-Limousin-Poitou-Charentes,France",Central,Consumer,8/25/2016,Priority,Critical
BN-2014-5918284,8/23/2016,Isabelle Gould,"Amsterdam,North Holland,Netherlands",Central,Consumer,8/27/2016,Economy Plus,
BN-2014-6231386,8/23/2016,Leon Thompson,"Dublin,Dublin,Ireland",North,Consumer,8/30/2016,Economy,
AZ-2014-4740053,8/25/2016,Judy Rodriquez,"Montrouge,Ile-de-France,France",Central,Consumer,8/30/2016,Economy,
AZ-2014-7978715,8/25/2016,Jeffrey Laird,"Dewsbury,England,United Kingdom",North,Corporate,8/28/2016,Economy Plus,
AZ-2014-3685250,8/25/2016,Winnie Moss,"Oslo,Oslo,Norway",North,Consumer,8/31/2016,Economy,
AZ-2014-5629900,8/25/2016,Ruth Williams,"Lisbon,Lisboa,Portugal",South,Consumer,8/29/2016,Economy,
AZ-2014-7552735,8/25/2016,John Kemp,"Valencia,Valenciana,Spain",South,Home Office,8/28/2016,Economy Plus,
AZ-2014-2107464,8/25/2016,Wanda Wingert,"Southend-on-Sea,England,United Kingdom",North,Consumer,8/27/2016,Priority,Critical
BN-2014-4592650,8/25/2016,Alexandra Macdonald,"Milan,Lombardy,Italy",South,Corporate,8/30/2016,Economy Plus,
BN-2014-4627406,8/25/2016,Jennifer Mattingly,"Worms,Rhineland-Palatinate,Germany",Central,Home Office,8/26/2016,Priority,Critical
AZ-2014-8432869,8/26/2016,Mia McLean,"Neuilly-sur-Seine,Ile-de-France,France",Central,Corporate,8/29/2016,Priority,Critical
AZ-2014-5210235,8/26/2016,John Harris,"Cologne,North Rhine-Westphalia,Germany",Central,Corporate,8/30/2016,Economy,
AZ-2014-1135927,8/26/2016,Kiera Chandler,"Rome,Lazio,Italy",South,Consumer,9/1/2016,Economy,
AZ-2014-6308636,8/26/2016,Joshua Romero,"London,England,United Kingdom",North,Consumer,9/2/2016,Economy,
AZ-2014-772814,8/26/2016,Enrique Friedman,"Liverpool,England,United Kingdom",North,Consumer,8/31/2016,Economy,
AZ-2014-13469,8/26/2016,Nelson Olsen,"Reggio nell'Emilia,Emilia-Romagna,Italy",South,Home Office,8/30/2016,Economy,
BN-2014-4619083,8/26/2016,Kaitlyn Dorsch,"Castellammare di Stabia,Campania,Italy",South,Corporate,8/30/2016,Economy,
BN-2014-6657034,8/26/2016,Eric Anderson,"Leiden,South Holland,Netherlands",Central,Home Office,8/31/2016,Economy,
BN-2014-3332467,8/26/2016,Bettie Lang,"Maastricht,Limburg,Netherlands",Central,Consumer,8/29/2016,Priority,Critical
AZ-2014-7029389,8/27/2016,Hazel Turner,"Marseille,Provence-Alpes-Côte d'Azur,France",Central,Home Office,9/1/2016,Economy Plus,
AZ-2014-6937153,8/27/2016,Layla Furnell,"Basel,Basel-Stadt,Switzerland",Central,Consumer,8/31/2016,Economy,
AZ-2014-5438822,8/27/2016,Julian Corbin,"Halesowen,England,United Kingdom",North,Home Office,8/31/2016,Economy,
AZ-2014-3997418,8/27/2016,Samantha Reynell,"Barcelona,Catalonia,Spain",South,Home Office,8/31/2016,Economy,
AZ-2014-2049554,8/27/2016,Riley Douglas,"Ceuta,Ceuta,Spain",South,Corporate,8/30/2016,Priority,Critical
BN-2014-5960677,8/27/2016,Zachary Disher,"Rome,Lazio,Italy",South,Consumer,9/1/2016,Economy,
BN-2014-3227902,8/27/2016,Joseph Ford,"Berlin,Berlin,Germany",Central,Corporate,8/31/2016,Economy,
BN-2014-301235,8/27/2016,Audrey Knowles,"Lisbon,Lisboa,Portugal",South,Consumer,9/3/2016,Economy,
AZ-2014-8495612,8/28/2016,Rebecca Heysen,"Ivry-sur-Seine,Ile-de-France,France",Central,Corporate,9/1/2016,Economy Plus,
AZ-2014-96826,8/28/2016,Jayden Ali,"Ludwigsburg,Baden-Württemberg,Germany",Central,Consumer,9/1/2016,Economy Plus,
AZ-2014-8612658,8/28/2016,Ricky Cullen,"Hamm,North Rhine-Westphalia,Germany",Central,Consumer,9/2/2016,Economy,
AZ-2014-2074276,8/28/2016,William Martin,"London,England,United Kingdom",North,Corporate,8/31/2016,Economy Plus,
AZ-2014-5561990,8/28/2016,Jammie Gibbs,"Cologne,North Rhine-Westphalia,Germany",Central,Consumer,8/30/2016,Priority,Critical
AZ-2014-3872710,8/28/2016,Rose Nicolay,"Cottbus,Brandenburg,Germany",Central,Home Office,9/2/2016,Economy,
AZ-2014-1832142,8/28/2016,Julia Martell,"Vienna,Vienna,Austria",Central,Home Office,9/2/2016,Economy,
BN-2014-4519782,8/28/2016,Bethany Powell,"Toulouse,Languedoc-Roussillon-Midi-Pyrénées,France",Central,Home Office,9/1/2016,Economy,
BN-2014-4521538,8/28/2016,Paige Horsfall,"The Hague,South Holland,Netherlands",Central,Home Office,9/2/2016,Economy Plus,
AZ-2014-7610238,8/29/2016,Ewan Lee,"Leeds,England,United Kingdom",North,Consumer,9/2/2016,Economy,
AZ-2014-378120,8/29/2016,Edward Hodges,"Kiel,Schleswig-Holstein,Germany",Central,Consumer,8/30/2016,Priority,Critical
AZ-2014-9539724,8/29/2016,Alice Currie,"Elx,Valenciana,Spain",South,Consumer,9/3/2016,Economy,
AZ-2014-5109192,8/29/2016,Oscar Noble,"Rome,Lazio,Italy",South,Consumer,9/1/2016,Economy Plus,
AZ-2014-8297343,8/29/2016,Maddison Breen,"Valladolid,Castile and León,Spain",South,Corporate,8/29/2016,Immediate,Critical
AZ-2014-5856629,8/29/2016,William Reichert,"La Spezia,Liguria,Italy",South,Consumer,9/2/2016,Economy,
AZ-2014-9593137,8/29/2016,Max Ronald,"Friedberg,Hesse,Germany",Central,Corporate,8/31/2016,Priority,Critical
AZ-2014-4986921,8/29/2016,Robert James,"Plaisir,Ile-de-France,France",Central,Home Office,9/3/2016,Economy,
AZ-2014-5444543,8/29/2016,Ella Knopwood,"Creil,Nord-Pas-de-Calais-Picardie,France",Central,Consumer,9/3/2016,Economy Plus,
AZ-2014-6097969,8/29/2016,Rhys Murphy,"Barcelona,Catalonia,Spain",South,Consumer,9/2/2016,Economy,
BN-2014-1221335,8/29/2016,Alta Nokes,"Apeldoorn,Gelderland,Netherlands",Central,Home Office,9/5/2016,Economy,
BN-2014-6157106,8/29/2016,Jeffrey Laird,"Amersfoort,Utrecht,Netherlands",Central,Corporate,9/1/2016,Priority,Critical
AZ-2014-2490387,8/30/2016,Angus Fryar,"Prato,Tuscany,Italy",South,Consumer,9/5/2016,Economy,
AZ-2014-3954912,8/30/2016,Thomas Shepherd,"Glasgow,Scotland,United Kingdom",North,Corporate,9/3/2016,Economy,
AZ-2014-1811710,8/31/2016,Tyler Duncan,"Briton Ferry,Wales,United Kingdom",North,Home Office,9/3/2016,Priority,Critical
AZ-2014-1891559,9/1/2016,Ralph Holmes,"Bath,England,United Kingdom",North,Consumer,9/3/2016,Economy Plus,
AZ-2014-139785,9/1/2016,Daniel Howells,"Leicester,England,United Kingdom",North,Corporate,9/6/2016,Economy,
AZ-2014-2013491,9/1/2016,Angelina Hurst,"Hanover,Lower Saxony,Germany",Central,Consumer,9/5/2016,Economy,
AZ-2014-870440,9/1/2016,Xavier Synan,"Manchester,England,United Kingdom",North,Consumer,9/5/2016,Economy,
AZ-2014-5155500,9/1/2016,Don Willie,"Exeter,England,United Kingdom",North,Corporate,9/4/2016,Economy Plus,
AZ-2014-1094147,9/1/2016,Jonathan Summons,"Munich,Bavaria,Germany",Central,Consumer,9/5/2016,Economy,
BN-2014-4587618,9/1/2016,Nicholas Carey,"Dordrecht,South Holland,Netherlands",Central,Consumer,9/7/2016,Economy,
AZ-2014-8955026,9/2/2016,Chelsea Parkinson,"Linz,Upper Austria,Austria",Central,Corporate,9/7/2016,Economy,
AZ-2014-9066153,9/2/2016,Imogen Symon,"Bielefeld,North Rhine-Westphalia,Germany",Central,Consumer,9/4/2016,Economy Plus,
AZ-2014-8286084,9/2/2016,Kristina Moore,"Saint-Quentin,Nord-Pas-de-Calais-Picardie,France",Central,Corporate,9/6/2016,Economy,
AZ-2014-7786801,9/2/2016,Rachel Tyler,"Villeurbanne,Auvergne-Rhône-Alpes,France",Central,Corporate,9/9/2016,Economy,
AZ-2014-5560441,9/2/2016,Ewan Lee,"Milan,Lombardy,Italy",South,Consumer,9/7/2016,Economy,
AZ-2014-9673217,9/2/2016,Jammie Gibbs,"Valencia,Valenciana,Spain",South,Consumer,9/6/2016,Economy,
BN-2014-3999779,9/2/2016,Victor Kron,"Paris,Ile-de-France,France",Central,Consumer,9/4/2016,Economy Plus,
BN-2014-8403814,9/2/2016,Ava Giles,"Naples,Campania,Italy",South,Corporate,9/7/2016,Economy,
AZ-2014-3885179,9/3/2016,James Bruns,"Letchworth,England,United Kingdom",North,Consumer,9/7/2016,Economy,
AZ-2014-5956672,9/3/2016,Gemma Sharp,"Nuremberg,Bavaria,Germany",Central,Corporate,9/7/2016,Economy,
AZ-2014-2602647,9/3/2016,Georgina Storey,"Courbevoie,Ile-de-France,France",Central,Consumer,9/7/2016,Economy,
AZ-2014-1173814,9/3/2016,Ebony Northcott,"Seville,Andalusía,Spain",South,Consumer,9/5/2016,Priority,Critical
AZ-2014-6451890,9/3/2016,Amy Nixon,"Zeist,Utrecht,Netherlands",Central,Consumer,9/7/2016,Economy Plus,
AZ-2014-1111012,9/3/2016,Lloyd Barnes,"Pescara,Abruzzi,Italy",South,Corporate,9/7/2016,Economy,
BN-2014-2257467,9/3/2016,Nathan Noble,"Senlis,Nord-Pas-de-Calais-Picardie,France",Central,Corporate,9/7/2016,Economy,
AZ-2014-1390032,9/4/2016,Lucas Wood,"Solingen,North Rhine-Westphalia,Germany",Central,Corporate,9/8/2016,Economy,
AZ-2014-4303771,9/4/2016,Lane Taylor,"Stourbridge,England,United Kingdom",North,Corporate,9/6/2016,Priority,Critical
AZ-2014-7973944,9/4/2016,Juan Smith,"Pescara,Abruzzi,Italy",South,Consumer,9/8/2016,Economy,
AZ-2014-3767753,9/4/2016,Amy Nixon,"Bordeaux,Aquitaine-Limousin-Poitou-Charentes,France",Central,Consumer,9/8/2016,Economy,
AZ-2014-3603253,9/4/2016,Alexandra Mahmood,"Hemel Hempstead,England,United Kingdom",North,Consumer,9/7/2016,Priority,Critical
AZ-2014-4362946,9/4/2016,Victoria Burke,"Ravenna,Emilia-Romagna,Italy",South,Corporate,9/6/2016,Economy Plus,
AZ-2014-1240658,9/4/2016,Timothy Pownall,"Toulon,Provence-Alpes-Côte d'Azur,France",Central,Consumer,9/9/2016,Economy,
AZ-2014-6207132,9/4/2016,Alpha Ross,"Saint-Nazaire,Pays de la Loire,France",Central,Corporate,9/11/2016,Economy,
AZ-2014-1332889,9/4/2016,Paul Collazo,"Nottingham,England,United Kingdom",North,Home Office,9/9/2016,Economy,
BN-2014-8330750,9/4/2016,Scarlett Pollard,"Saint-Jean-de-la-Ruelle,Centre-Val de Loire,France",Central,Corporate,9/10/2016,Economy,
AZ-2014-181496,9/5/2016,Lane Taylor,"Stuttgart,Baden-Württemberg,Germany",Central,Corporate,9/11/2016,Economy,
AZ-2014-7615931,9/5/2016,Corey Norton,"Saint-Michel-sur-Orge,Ile-de-France,France",Central,Consumer,9/8/2016,Priority,Critical
AZ-2014-1314393,9/5/2016,Tara Hines,"Hamburg,Hamburg,Germany",Central,Consumer,9/9/2016,Economy,
BN-2014-6199887,9/5/2016,Daniel Burke,"Sheffield,England,United Kingdom",North,Home Office,9/5/2016,Immediate,Critical
BN-2014-5801390,9/5/2016,Ashton Charles,"Celle,Lower Saxony,Germany",Central,Consumer,9/12/2016,Economy,
AZ-2014-4059237,9/6/2016,Corey Norton,"Madrid,Madrid,Spain",South,Consumer,9/11/2016,Economy,
AZ-2014-8469117,9/6/2016,Michael Watkins,"Trento,Trentino-Alto Adige,Italy",South,Home Office,9/6/2016,Immediate,Critical
AZ-2014-9518862,9/6/2016,Zara Loton,"Seville,Andalusía,Spain",South,Corporate,9/11/2016,Economy,
AZ-2014-5282151,9/6/2016,Linda Dennis,"Hartlepool,England,United Kingdom",North,Consumer,9/10/2016,Economy,
AZ-2014-855671,9/6/2016,Tyson Brookman,"Murcia,Murcia,Spain",South,Consumer,9/10/2016,Economy,
AZ-2014-1879822,9/8/2016,Molly Bidmead,"Tournai,Hainaut,Belgium",Central,Home Office,9/12/2016,Economy,
AZ-2014-4339601,9/8/2016,William Jolly,"Dijon,Bourgogne-Franche-Comté,France",Central,Consumer,9/12/2016,Economy,
AZ-2014-6356102,9/8/2016,Caleb Kenyon,"Sindelfingen,Baden-Württemberg,Germany",Central,Corporate,9/13/2016,Economy Plus,
AZ-2014-9985991,9/9/2016,Isabel Turnbull,"Witten,North Rhine-Westphalia,Germany",Central,Home Office,9/9/2016,Immediate,Critical
AZ-2014-3101518,9/9/2016,Norma McCowan,"Ploemeur,Brittany,France",Central,Consumer,9/11/2016,Economy Plus,
AZ-2014-7329559,9/9/2016,Nicholas Carey,"Vitrolles,Provence-Alpes-Côte d'Azur,France",Central,Consumer,9/11/2016,Economy Plus,
BN-2014-6549234,9/9/2016,Chloe Landale,"Amsterdam,North Holland,Netherlands",Central,Home Office,9/15/2016,Economy,
BN-2014-1166603,9/9/2016,Freya Briggs,"Blackpool,England,United Kingdom",North,Corporate,9/15/2016,Economy,
BN-2014-9255621,9/9/2016,David To,"Rome,Lazio,Italy",South,Home Office,9/14/2016,Economy Plus,
AZ-2014-1476767,9/10/2016,Shelby Dunston,"Bologna,Emilia-Romagna,Italy",South,Consumer,9/15/2016,Economy,
AZ-2014-8008458,9/10/2016,Leah Derham,"Lille,Nord-Pas-de-Calais-Picardie,France",Central,Consumer,9/15/2016,Economy Plus,
AZ-2014-4698064,9/10/2016,Lisa Watkins,"Brescia,Lombardy,Italy",South,Consumer,9/15/2016,Economy Plus,
AZ-2014-3032977,9/10/2016,Audrey Knowles,"Nantes,Pays de la Loire,France",Central,Consumer,9/13/2016,Priority,Critical
AZ-2014-4315429,9/10/2016,Maddison Breen,"Herford,North Rhine-Westphalia,Germany",Central,Corporate,9/14/2016,Economy,
BN-2014-839820,9/10/2016,Hayden Perkins,"Milan,Lombardy,Italy",South,Consumer,9/13/2016,Priority,Critical
BN-2014-4656521,9/10/2016,Liam Mathias,"Huddinge,Stockholm,Sweden",North,Corporate,9/17/2016,Economy,
AZ-2014-2827922,9/11/2016,Adam Gibbs,"Halle,Saxony-Anhalt,Germany",Central,Corporate,9/17/2016,Economy,
AZ-2014-955637,9/11/2016,Lydia Fowler,"Essen,North Rhine-Westphalia,Germany",Central,Corporate,9/13/2016,Economy Plus,
AZ-2014-4687220,9/11/2016,Elise Ali,"Wasquehal,Nord-Pas-de-Calais-Picardie,France",Central,Home Office,9/15/2016,Economy,
AZ-2014-2500745,9/11/2016,Elisabeth Manson,"Herten,North Rhine-Westphalia,Germany",Central,Consumer,9/15/2016,Economy,
AZ-2014-2576958,9/11/2016,Randall Roberts,"Hastings,England,United Kingdom",North,Consumer,9/16/2016,Economy,
AZ-2014-8957312,9/11/2016,Lisa Boyette,"Leipzig,Saxony,Germany",Central,Corporate,9/14/2016,Priority,Critical
AZ-2014-1586750,9/11/2016,Elise Ali,"West Bromwich,England,United Kingdom",North,Home Office,9/14/2016,Economy Plus,
AZ-2014-8568817,9/11/2016,Amber Adams,"Schiltigheim,Alsace-Champagne-Ardenne-Lorraine,France",Central,Corporate,9/12/2016,Priority,Critical
BN-2014-7173798,9/11/2016,Bianca Crisp,"Helmond,North Brabant,Netherlands",Central,Home Office,9/15/2016,Economy,
AZ-2014-9225058,9/12/2016,David Chadwick,"Vitoria,Basque Country,Spain",South,Corporate,9/16/2016,Economy Plus,
AZ-2014-36141,9/12/2016,Nicholas Carey,"Kassel,Hesse,Germany",Central,Consumer,9/17/2016,Economy Plus,
AZ-2014-2138061,9/12/2016,Patricia Lukes,"Montmorency,Ile-de-France,France",Central,Corporate,9/16/2016,Economy,
AZ-2014-5538768,9/12/2016,Skye McCaffrey,"Antwerp,Antwerp,Belgium",Central,Consumer,9/17/2016,Economy,
AZ-2014-2049231,9/12/2016,Henry Chandler,"Mainz,Rhineland-Palatinate,Germany",Central,Home Office,9/12/2016,Immediate,Critical
BN-2014-7135917,9/12/2016,Mark Washington,"Nacka,Stockholm,Sweden",North,Home Office,9/15/2016,Priority,Critical
AZ-2014-8864215,9/13/2016,Molly Bidmead,"Madrid,Madrid,Spain",South,Home Office,9/14/2016,Priority,Critical
BN-2014-5849086,9/13/2016,Archie Whittaker,"Milan,Lombardy,Italy",South,Home Office,9/18/2016,Economy,
AZ-2014-2258709,9/15/2016,Poppy McWilliams,"Istres,Provence-Alpes-Côte d'Azur,France",Central,Corporate,9/20/2016,Economy Plus,
AZ-2014-3938164,9/15/2016,Michael Myers,"Eindhoven,North Brabant,Netherlands",Central,Home Office,9/18/2016,Priority,Critical
AZ-2014-7400496,9/15/2016,Georgina Arnold,"Brighton,England,United Kingdom",North,Corporate,9/21/2016,Economy,
AZ-2014-6391866,9/15/2016,James Bruns,"Coulommiers,Ile-de-France,France",Central,Consumer,9/21/2016,Economy,
BN-2014-5531507,9/15/2016,Kayla Tearle,"Stockholm,Stockholm,Sweden",North,Corporate,9/20/2016,Economy,
BN-2014-3650547,9/15/2016,Zachary Warner,"Elx,Valenciana,Spain",South,Consumer,9/21/2016,Economy,
AZ-2014-8014717,9/16/2016,Carol Leach,"Chelmsford,England,United Kingdom",North,Home Office,9/22/2016,Economy,
AZ-2014-2203949,9/16/2016,Gracie Hunter,"Sheffield,England,United Kingdom",North,Consumer,9/21/2016,Economy Plus,
AZ-2014-4360441,9/16/2016,Holly Doyle,"Argenteuil,Ile-de-France,France",Central,Consumer,9/22/2016,Economy,
AZ-2014-2884391,9/16/2016,Toby Labilliere,"Bilbao,Basque Country,Spain",South,Consumer,9/18/2016,Economy Plus,
AZ-2014-4182023,9/16/2016,Ethan Cover,"Carrara,Tuscany,Italy",South,Home Office,9/21/2016,Economy,
AZ-2014-4987937,9/16/2016,Nicole Todd,"Piacenza,Emilia-Romagna,Italy",South,Corporate,9/20/2016,Economy Plus,
AZ-2014-3981915,9/16/2016,Chloe Miller,"Epinal,Alsace-Champagne-Ardenne-Lorraine,France",Central,Consumer,9/16/2016,Immediate,Critical
AZ-2014-9760278,9/16/2016,Riley Howells,"Granollers,Catalonia,Spain",South,Consumer,9/21/2016,Economy Plus,
AZ-2014-980530,9/16/2016,Ryan Greenwood,"Mougins,Provence-Alpes-Côte d'Azur,France",Central,Consumer,9/20/2016,Economy,
BN-2014-6943286,9/16/2016,Scarlett Pollard,"Bognor Regis,England,United Kingdom",North,Corporate,9/20/2016,Economy,
BN-2014-3570494,9/16/2016,Alta Nokes,"Stockholm,Stockholm,Sweden",North,Home Office,9/19/2016,Priority,Critical
BN-2014-6758663,9/16/2016,Robert Duffy,"Brescia,Lombardy,Italy",South,Home Office,9/21/2016,Economy,
BN-2014-1068004,9/16/2016,Shannon Howe,"Doetinchem,Gelderland,Netherlands",Central,Consumer,9/22/2016,Economy,
AZ-2014-5827571,9/17/2016,Lori Miller,"Solihull,England,United Kingdom",North,Consumer,9/22/2016,Economy,
AZ-2014-8639155,9/17/2016,Rhys Murphy,"Altamura,Apulia,Italy",South,Consumer,9/19/2016,Priority,Critical
AZ-2014-3810373,9/17/2016,Thomas Shepherd,"Oslo,Oslo,Norway",North,Corporate,9/22/2016,Economy Plus,
AZ-2014-8630899,9/17/2016,Hayden Perkins,"Preston,England,United Kingdom",North,Consumer,9/21/2016,Economy Plus,
AZ-2014-8308689,9/17/2016,Brooke Hodgson,"Villejuif,Ile-de-France,France",Central,Consumer,9/22/2016,Economy,
BN-2014-2098637,9/17/2016,Ella Troy,"Augsburg,Bavaria,Germany",Central,Home Office,9/22/2016,Economy,
AZ-2014-21710,9/18/2016,Rose Heap,"Munich,Bavaria,Germany",Central,Consumer,9/22/2016,Economy,
AZ-2014-2593220,9/18/2016,Amanda Hutcherson,"Vienna,Vienna,Austria",Central,Corporate,9/23/2016,Economy,
AZ-2014-6085803,9/18/2016,Rita McCann,"Willich,North Rhine-Westphalia,Germany",Central,Consumer,9/22/2016,Economy Plus,
AZ-2014-5532037,9/18/2016,Nathan Niland,"Helsinki,Uusimaa,Finland",North,Consumer,9/21/2016,Priority,Critical
AZ-2014-5058573,9/18/2016,Gemma Curlewis,"Saint-Laurent-du-Var,Provence-Alpes-Côte d'Azur,France",Central,Corporate,9/18/2016,Immediate,Critical
BN-2014-6988890,9/18/2016,Faith Greenwood,"Birmingham,England,United Kingdom",North,Consumer,9/23/2016,Economy,
AZ-2014-279343,9/19/2016,Rory Jess,"Antony,Ile-de-France,France",Central,Home Office,9/21/2016,Economy Plus,
AZ-2014-1669266,9/19/2016,Mackenzie Whitford,"Cork,Cork,Ireland",North,Consumer,9/22/2016,Economy Plus,
AZ-2014-7287251,9/19/2016,Blake Lymburner,"Murcia,Murcia,Spain",South,Consumer,9/23/2016,Economy,
AZ-2014-3489537,9/19/2016,Walter Coley,"Cognac,Aquitaine-Limousin-Poitou-Charentes,France",Central,Consumer,9/22/2016,Priority,Critical
AZ-2014-8781156,9/19/2016,Sophia Owen,"Vicenza,Veneto,Italy",South,Corporate,9/25/2016,Economy,
AZ-2014-551552,9/19/2016,Lily Dallachy,"Valencia,Valenciana,Spain",South,Corporate,9/24/2016,Economy,
BN-2014-6976303,9/19/2016,Leah Barrett,"Berlin,Berlin,Germany",Central,Consumer,9/23/2016,Economy,
BN-2014-4890231,9/19/2016,Abby Muramats,"Issoire,Auvergne-Rhône-Alpes,France",Central,Consumer,9/23/2016,Economy,
AZ-2014-7938623,9/20/2016,Thomas McCallum,"Vienna,Vienna,Austria",Central,Consumer,9/23/2016,Economy Plus,
AZ-2014-8890800,9/20/2016,Harry Josephson,"Barcelona,Catalonia,Spain",South,Consumer,9/24/2016,Economy,
AZ-2014-7608548,9/20/2016,Sean Wheeler,"Brussels,Brussels,Belgium",Central,Corporate,9/22/2016,Economy Plus,
AZ-2014-8055993,9/21/2016,Jett Osman,"Cologne,North Rhine-Westphalia,Germany",Central,Home Office,9/25/2016,Economy,
AZ-2014-3445834,9/22/2016,Jonathan Summons,"Vienna,Vienna,Austria",Central,Consumer,9/22/2016,Immediate,Critical
AZ-2014-270140,9/22/2016,Luther King,"Acireale,Sicily,Italy",South,Consumer,9/25/2016,Priority,Critical
AZ-2014-6824092,9/22/2016,Riley Douglas,"Agen,Aquitaine-Limousin-Poitou-Charentes,France",Central,Corporate,9/27/2016,Economy Plus,
AZ-2014-1026568,9/23/2016,Millie Arnold,"Dresden,Saxony,Germany",Central,Consumer,9/25/2016,Economy Plus,
AZ-2014-758467,9/23/2016,Jason Roger,"Rambouillet,Ile-de-France,France",Central,Corporate,9/25/2016,Priority,Critical
AZ-2014-752622,9/23/2016,Koby Tompson,"Vienna,Vienna,Austria",Central,Consumer,9/28/2016,Economy,
AZ-2014-6619612,9/23/2016,Jasper Neighbour,"Manchester,England,United Kingdom",North,Corporate,9/27/2016,Economy,
AZ-2014-7782987,9/23/2016,Sebastian Barber,"Mulhouse,Alsace-Champagne-Ardenne-Lorraine,France",Central,Home Office,9/28/2016,Economy,
AZ-2014-7265288,9/23/2016,Mia McLean,"Plymouth,England,United Kingdom",North,Corporate,9/30/2016,Economy,
BN-2014-863446,9/23/2016,Hazel Turner,"Dublin,Dublin,Ireland",North,Home Office,9/23/2016,Immediate,Critical
AZ-2014-1302174,9/24/2016,Tyler Miah,"Schwerin,Mecklenburg-Vorpommern,Germany",Central,Home Office,10/1/2016,Economy,
BN-2014-9978138,9/24/2016,David Harney,"Gap,Provence-Alpes-Côte d'Azur,France",Central,Corporate,9/26/2016,Economy Plus,
AZ-2014-8548131,9/25/2016,Desiree Hurt,"Bolton,England,United Kingdom",North,Home Office,9/30/2016,Economy,
AZ-2014-6417679,9/25/2016,Jonathan Loftus,"Brussels,Brussels,Belgium",Central,Home Office,10/1/2016,Economy,
AZ-2014-19623,9/25/2016,Jasper Neighbour,"Elda,Valenciana,Spain",South,Corporate,9/30/2016,Economy Plus,
AZ-2014-1499701,9/25/2016,Kevin Madigan,"Oberhausen,North Rhine-Westphalia,Germany",Central,Consumer,10/1/2016,Economy,
AZ-2014-2017508,9/25/2016,Ewan Walton,"Rome,Lazio,Italy",South,Consumer,9/30/2016,Economy,
AZ-2014-3658958,9/25/2016,Abbie Perry,"Louviers,Normandy,France",Central,Consumer,9/30/2016,Economy,
AZ-2014-3636472,9/25/2016,Zona Meyer,"Huelva,Andalusía,Spain",South,Corporate,9/30/2016,Economy,
AZ-2014-2899056,9/26/2016,Mary Saterfiel,"Munich,Bavaria,Germany",Central,Consumer,10/1/2016,Economy,
AZ-2014-7575178,9/26/2016,Stacy Cummings,"Oldham,England,United Kingdom",North,Consumer,10/1/2016,Economy,
AZ-2014-7367498,9/26/2016,Elijah Sodeman,"Portsmouth,England,United Kingdom",North,Consumer,9/29/2016,Priority,Critical
BN-2014-3094583,9/26/2016,Jordan Peacock,"The Hague,South Holland,Netherlands",Central,Corporate,9/29/2016,Economy Plus,
BN-2014-3100971,9/26/2016,Anna Macdonald,"Cagnes-sur-Mer,Provence-Alpes-Côte d'Azur,France",Central,Consumer,9/28/2016,Economy Plus,
BN-2014-409695,9/26/2016,Erin Gill,"Stockholm,Stockholm,Sweden",North,Home Office,9/30/2016,Economy,
BN-2014-2658770,9/26/2016,Ewan O'Neill,"Sittard,Limburg,Netherlands",Central,Corporate,9/28/2016,Priority,Critical
BN-2014-848843,9/26/2016,Ella Dwyer-Gray,"London,England,United Kingdom",North,Consumer,10/1/2016,Economy,
AZ-2014-1214037,9/27/2016,Andrew Shah,"Berlin,Berlin,Germany",Central,Home Office,10/3/2016,Economy,
BN-2014-4065808,9/27/2016,Randall Roberts,"Sheffield,England,United Kingdom",North,Consumer,10/3/2016,Economy,
BN-2014-2274076,9/27/2016,Toby Patterson,"Dublin,Dublin,Ireland",North,Home Office,9/29/2016,Priority,Critical
AZ-2014-369464,9/28/2016,Kyle Beard,"Burnley,England,United Kingdom",North,Consumer,10/1/2016,Priority,Critical
AZ-2014-9783115,9/29/2016,Patrick Cassidy,"Brest,Brittany,France",Central,Corporate,10/4/2016,Economy,
AZ-2014-4010374,9/29/2016,Kimberly Boyd,"Munich,Bavaria,Germany",Central,Corporate,10/6/2016,Economy,
AZ-2014-9111832,9/29/2016,Eva Butler,"Peer,Limburg,Belgium",Central,Corporate,10/3/2016,Economy,
AZ-2014-1555562,9/29/2016,Anthony Lawrence,"Noisy-le-Sec,Ile-de-France,France",Central,Consumer,10/2/2016,Priority,Critical
AZ-2014-2805502,9/29/2016,Georgina Fuller,"Pulheim,North Rhine-Westphalia,Germany",Central,Consumer,9/30/2016,Priority,Critical
AZ-2014-3185599,9/30/2016,Eloise Mahmood,"Rome,Lazio,Italy",South,Corporate,10/3/2016,Economy Plus,
AZ-2014-9283852,9/30/2016,Chelsea Parkinson,"Rome,Lazio,Italy",South,Corporate,10/4/2016,Economy,
AZ-2014-942941,9/30/2016,Jammie Gibbs,"Glasgow,Scotland,United Kingdom",North,Consumer,10/4/2016,Economy,
AZ-2014-7413278,9/30/2016,Lisa Boyette,"Darmstadt,Hesse,Germany",Central,Corporate,10/2/2016,Economy Plus,
BN-2014-6632260,9/30/2016,Callum Hagai,"Sale,England,United Kingdom",North,Home Office,10/5/2016,Economy,
BN-2014-4354402,9/30/2016,Sofia de Castella,"Ravenna,Emilia-Romagna,Italy",South,Consumer,10/2/2016,Priority,Critical
AZ-2014-9479469,10/1/2016,Sean Ford,"Vienna,Vienna,Austria",Central,Home Office,10/4/2016,Priority,Critical
BN-2014-8911899,10/1/2016,Shannon Howe,"Loures,Lisboa,Portugal",South,Consumer,10/6/2016,Economy,
BN-2014-6571686,10/1/2016,Hayley Baldwinson,"Amsterdam,North Holland,Netherlands",Central,Consumer,10/6/2016,Economy,
AZ-2014-6214587,10/2/2016,David Chadwick,"London,England,United Kingdom",North,Corporate,10/7/2016,Economy,
AZ-2014-4241465,10/2/2016,Ava Corbin,"Madrid,Madrid,Spain",South,Home Office,10/6/2016,Economy,
AZ-2014-2681934,10/3/2016,Joel Ortega,"South Shields,England,United Kingdom",North,Corporate,10/5/2016,Priority,Critical
AZ-2014-5838029,10/3/2016,Archer Hort,"Bonn,North Rhine-Westphalia,Germany",Central,Consumer,10/8/2016,Economy,
BN-2014-6384429,10/3/2016,Jennifer Douglas,"Erfurt,Thuringia,Germany",Central,Corporate,10/6/2016,Economy Plus,
AZ-2014-5598265,10/5/2016,Milla Hollinworth,"Catania,Sicily,Italy",South,Corporate,10/12/2016,Economy,
AZ-2014-7956998,10/6/2016,Isabelle Grimstone,"Beauvais,Nord-Pas-de-Calais-Picardie,France",Central,Consumer,10/12/2016,Economy,
AZ-2014-9876425,10/6/2016,Logan Allan,"Munich,Bavaria,Germany",Central,Corporate,10/10/2016,Economy Plus,
BN-2014-5015566,10/6/2016,Mark Westfall,"Gothenburg,Västra Götaland,Sweden",North,Consumer,10/8/2016,Economy Plus,
AZ-2014-8900102,10/7/2016,Lillian Davis,"The Hague,South Holland,Netherlands",Central,Consumer,10/12/2016,Economy,
AZ-2014-9761172,10/7/2016,Robert Quick,"Vienna,Vienna,Austria",Central,Consumer,10/12/2016,Economy Plus,
AZ-2014-9021616,10/7/2016,Alice Currie,"Swindon,England,United Kingdom",North,Consumer,10/11/2016,Economy Plus,
AZ-2014-2103461,10/8/2016,Georgina Storey,"London,England,United Kingdom",North,Consumer,10/12/2016,Economy,
AZ-2014-3811327,10/8/2016,Ewan Hyde,"Hanover,Lower Saxony,Germany",Central,Consumer,10/12/2016,Economy Plus,
AZ-2014-4135544,10/9/2016,Gracie Hicks,"Graz,Styria,Austria",Central,Consumer,10/13/2016,Economy,
AZ-2014-6629970,10/10/2016,Alexandra Portus,"Aix-en-Provence,Provence-Alpes-Côte d'Azur,France",Central,Corporate,10/14/2016,Economy,
AZ-2014-7267065,10/10/2016,Julian Corbin,"Sartrouville,Ile-de-France,France",Central,Home Office,10/12/2016,Priority,Critical
BN-2014-3536767,10/10/2016,Niamh Mann,"Birmingham,England,United Kingdom",North,Consumer,10/14/2016,Economy,
AZ-2014-5624461,10/11/2016,Holly Black,"London,England,United Kingdom",North,Home Office,10/15/2016,Economy,
AZ-2014-5952161,10/13/2016,Anna Macdonald,"Stuttgart,Baden-Württemberg,Germany",Central,Consumer,10/18/2016,Economy,
AZ-2014-507287,10/13/2016,Molly De Mole,"Hamm,North Rhine-Westphalia,Germany",Central,Corporate,10/16/2016,Economy Plus,
AZ-2014-1092001,10/13/2016,Alannah Callaway,"Bath,England,United Kingdom",North,Consumer,10/20/2016,Economy,
AZ-2014-4093639,10/13/2016,Gail Thompson,"Madrid,Madrid,Spain",South,Consumer,10/17/2016,Economy,
AZ-2014-4346443,10/13/2016,Demi Power,"Paris,Ile-de-France,France",Central,Consumer,10/17/2016,Economy,
AZ-2014-4279735,10/13/2016,Erin Gill,"Burnley,England,United Kingdom",North,Home Office,10/18/2016,Economy Plus,
AZ-2014-8937167,10/13/2016,Hollie Morris,"Wattrelos,Nord-Pas-de-Calais-Picardie,France",Central,Corporate,10/19/2016,Economy,
BN-2014-6471690,10/13/2016,Gerald Booth,"Montauban,Languedoc-Roussillon-Midi-Pyrénées,France",Central,Consumer,10/17/2016,Economy,
BN-2014-4757131,10/13/2016,Leticia Sorrells,"Zurich,Zürich,Switzerland",Central,Consumer,10/17/2016,Economy,
AZ-2014-4707297,10/14/2016,Ronald Everson,"Outreau,Nord-Pas-de-Calais-Picardie,France",Central,Corporate,10/18/2016,Economy,
AZ-2014-2317283,10/14/2016,Karon Shah,"Messina,Sicily,Italy",South,Corporate,10/20/2016,Economy,
AZ-2014-2076783,10/14/2016,Noah Hart,"Les Ulis,Ile-de-France,France",Central,Consumer,10/15/2016,Priority,Critical
AZ-2014-9257351,10/15/2016,Louis Wilson,"Vienna,Vienna,Austria",Central,Consumer,10/17/2016,Economy Plus,
AZ-2014-9361129,10/15/2016,Cooper Burn,"Alicante,Valenciana,Spain",South,Consumer,10/17/2016,Economy Plus,
AZ-2014-8072952,10/16/2016,Casey Beckett,"Versailles,Ile-de-France,France",Central,Home Office,10/20/2016,Economy,
AZ-2014-6494772,10/16/2016,Kian Sykes,"Carpentras,Provence-Alpes-Côte d'Azur,France",Central,Consumer,10/17/2016,Priority,Critical
AZ-2014-5528996,10/17/2016,Charlie Power,"Berlin,Berlin,Germany",Central,Home Office,10/22/2016,Economy Plus,
AZ-2014-2032724,10/17/2016,Jacob Carter,"Concarneau,Brittany,France",Central,Consumer,10/20/2016,Priority,Critical
BN-2014-6079376,10/17/2016,Alexandra Portus,"Marano di Napoli,Campania,Italy",South,Corporate,10/23/2016,Economy,
AZ-2014-7828489,10/18/2016,Ricky Cullen,"Vienna,Vienna,Austria",Central,Consumer,10/23/2016,Economy,
AZ-2014-8671792,10/20/2016,Timothy Pownall,"Saint-Malo,Brittany,France",Central,Consumer,10/24/2016,Economy,
AZ-2014-1127335,10/20/2016,Charles Rice,"Hamburg,Hamburg,Germany",Central,Corporate,10/22/2016,Priority,Critical
AZ-2014-1290768,10/20/2016,Madelyn Anderson,"Paris,Ile-de-France,France",Central,Corporate,10/24/2016,Economy Plus,
AZ-2014-4571075,10/20/2016,Daniel Hamilton,"Turin,Piedmont,Italy",South,Home Office,10/24/2016,Economy,
AZ-2014-2131616,10/20/2016,Brooke Horton,"Taranto,Apulia,Italy",South,Consumer,10/22/2016,Economy Plus,
BN-2014-6860245,10/20/2016,Will Poynton,"Palermo,Sicily,Italy",South,Consumer,10/27/2016,Economy,
AZ-2014-3635641,10/21/2016,Sam Wood,"Barcelona,Catalonia,Spain",South,Home Office,10/26/2016,Economy,
AZ-2014-6063209,10/21/2016,Hazel Turner,"Gelsenkirchen,North Rhine-Westphalia,Germany",Central,Home Office,10/27/2016,Economy,
AZ-2014-7469338,10/22/2016,Ada Dalton,"Cologne,North Rhine-Westphalia,Germany",Central,Corporate,10/29/2016,Economy,
AZ-2014-4236300,10/23/2016,Alexander Bond,"Torquay,England,United Kingdom",North,Corporate,10/27/2016,Economy Plus,
AZ-2014-4004441,10/23/2016,Edward Davidson,"Troisdorf,North Rhine-Westphalia,Germany",Central,Home Office,10/28/2016,Economy,
AZ-2014-4045031,10/23/2016,Lara Giles,"Ulm,Baden-Württemberg,Germany",Central,Consumer,10/26/2016,Priority,Critical
AZ-2014-8841844,10/23/2016,Henry Winder,"Cologne,North Rhine-Westphalia,Germany",Central,Corporate,10/26/2016,Economy Plus,
AZ-2014-797220,10/23/2016,Katherine Grant,"Esbjerg,South Denmark,Denmark",North,Consumer,10/28/2016,Economy,
AZ-2014-5226106,10/24/2016,Nate Wilder-Neligan,"Oviedo,Asturias,Spain",South,Consumer,10/29/2016,Economy,
AZ-2014-3360679,10/24/2016,Leah Barrett,"Cesena,Emilia-Romagna,Italy",South,Consumer,10/26/2016,Priority,Critical
AZ-2014-4651248,10/24/2016,Amanda Hutcherson,"Kotka,Kymenlaakso,Finland",North,Corporate,10/24/2016,Immediate,Critical
AZ-2014-1612857,10/24/2016,Linda Dennis,"Madrid,Madrid,Spain",South,Consumer,10/29/2016,Economy,
AZ-2014-4660406,10/24/2016,Nathan Noble,"Munich,Bavaria,Germany",Central,Corporate,10/27/2016,Economy Plus,
BN-2014-8129561,10/24/2016,Lauren Knight,"Genoa,Liguria,Italy",South,Consumer,10/26/2016,Economy Plus,
AZ-2014-2264285,10/27/2016,Donald Molina,"Lille,Nord-Pas-de-Calais-Picardie,France",Central,Home Office,11/3/2016,Economy,
BN-2014-3819609,10/27/2016,Mary Parker,"Aberdeen,Scotland,United Kingdom",North,Corporate,10/31/2016,Economy,
AZ-2014-3625320,10/28/2016,Rebecca Cook,"Arezzo,Tuscany,Italy",South,Corporate,11/1/2016,Economy,
AZ-2014-9290079,10/29/2016,Craig Rayner,"Schwerin,Mecklenburg-Vorpommern,Germany",Central,Consumer,10/29/2016,Immediate,Critical
AZ-2014-4000369,10/29/2016,Ashton Charles,"Nancy,Alsace-Champagne-Ardenne-Lorraine,France",Central,Consumer,11/2/2016,Economy,
AZ-2014-5889570,10/29/2016,Robert Barnes,"Colchester,England,United Kingdom",North,Consumer,11/1/2016,Economy Plus,
AZ-2014-7862965,10/30/2016,Kimberly Jones,"Halle,North Rhine-Westphalia,Germany",Central,Corporate,11/3/2016,Economy Plus,
AZ-2014-5976427,10/30/2016,Taj Knetes,"Epinal,Alsace-Champagne-Ardenne-Lorraine,France",Central,Consumer,11/5/2016,Economy,
AZ-2014-9561392,10/30/2016,Cynthia Zielinski,"Avignon,Provence-Alpes-Côte d'Azur,France",Central,Home Office,11/3/2016,Economy,
AZ-2014-3851368,10/30/2016,Ginger Owens,"Sandnes,Rogaland,Norway",North,Consumer,11/6/2016,Economy,
BN-2014-3503687,10/30/2016,Angus Ibsch,"Kaiserslautern,Rhineland-Palatinate,Germany",Central,Consumer,11/2/2016,Priority,Critical
AZ-2014-2684654,10/31/2016,Alice Black,"Carcassonne,Languedoc-Roussillon-Midi-Pyrénées,France",Central,Home Office,11/6/2016,Economy,
BN-2014-1989454,10/31/2016,Rose Heap,"St. Gallen,St. Gallen,Switzerland",Central,Consumer,11/3/2016,Economy Plus,
BN-2014-3476090,10/31/2016,Owen Howell,"London,England,United Kingdom",North,Home Office,11/2/2016,Economy Plus,
AZ-2014-5623990,11/1/2016,Georgina Arnold,"Leicester,England,United Kingdom",North,Corporate,11/3/2016,Economy Plus,
AZ-2014-204778,11/1/2016,Owen Faulkner,"Parla,Madrid,Spain",South,Home Office,11/5/2016,Economy Plus,
AZ-2014-3163636,11/2/2016,Lily Dallachy,"Paderborn,North Rhine-Westphalia,Germany",Central,Corporate,11/6/2016,Economy,
AZ-2014-2874251,11/3/2016,Ben Hogben,"Grosseto,Tuscany,Italy",South,Corporate,11/7/2016,Economy,
BN-2014-3622670,11/3/2016,Kristen Holland,"Amsterdam,North Holland,Netherlands",Central,Consumer,11/7/2016,Economy,
BN-2014-6565146,11/3/2016,Andres Woodruff,"Hanover,Lower Saxony,Germany",Central,Home Office,11/9/2016,Economy,
BN-2014-2516060,11/3/2016,Elise Godfrey,"Rome,Lazio,Italy",South,Consumer,11/7/2016,Economy,
AZ-2014-4403540,11/4/2016,Gregory Rodriguez,"Valenciennes,Nord-Pas-de-Calais-Picardie,France",Central,Corporate,11/8/2016,Economy,
AZ-2014-8257707,11/4/2016,Sienna Williamson,"Bayonne,Aquitaine-Limousin-Poitou-Charentes,France",Central,Corporate,11/7/2016,Priority,Critical
AZ-2014-6304263,11/4/2016,Isabella Fowler,"Gelsenkirchen,North Rhine-Westphalia,Germany",Central,Consumer,11/8/2016,Economy Plus,
BN-2014-5614620,11/4/2016,Tina Phelps,"Stockholm,Stockholm,Sweden",North,Consumer,11/6/2016,Priority,Critical
AZ-2014-9866663,11/5/2016,Lincoln Want,"Mainz,Rhineland-Palatinate,Germany",Central,Consumer,11/9/2016,Economy Plus,
AZ-2014-4226060,11/5/2016,Harry Marion,"Messina,Sicily,Italy",South,Consumer,11/12/2016,Economy,
AZ-2014-1192603,11/5/2016,Kiera Chandler,"Berlin,Berlin,Germany",Central,Consumer,11/5/2016,Immediate,Critical
AZ-2014-7010933,11/5/2016,Nancy Fike,"Glasgow,Scotland,United Kingdom",North,Consumer,11/9/2016,Economy Plus,
AZ-2014-3772714,11/5/2016,Ruby Blomfield,"Berlin,Berlin,Germany",Central,Consumer,11/11/2016,Economy,
AZ-2014-4622829,11/6/2016,William Somerville,"Rome,Lazio,Italy",South,Corporate,11/11/2016,Economy,
AZ-2014-1058854,11/6/2016,Aidan Rowe,"Barcelona,Catalonia,Spain",South,Consumer,11/9/2016,Economy Plus,
AZ-2014-1914770,11/6/2016,Cooper Burn,"Hove,England,United Kingdom",North,Consumer,11/9/2016,Priority,Critical
AZ-2014-5012484,11/6/2016,Ewan Walton,"Bari,Apulia,Italy",South,Consumer,11/11/2016,Economy,
BN-2014-3563498,11/6/2016,Evie Rees,"Luton,England,United Kingdom",North,Consumer,11/11/2016,Economy Plus,
AZ-2014-4979219,11/7/2016,Lorri Stratton,"Nice,Provence-Alpes-Côte d'Azur,France",Central,Consumer,11/12/2016,Economy,
AZ-2014-3637939,11/7/2016,Louis Dominguez,"Berlin,Berlin,Germany",Central,Corporate,11/11/2016,Economy,
AZ-2014-8973958,11/7/2016,Harvey Daniels,"Cergy,Ile-de-France,France",Central,Consumer,11/10/2016,Priority,Critical
AZ-2014-7108970,11/7/2016,Paul Cleary,"Reading,England,United Kingdom",North,Corporate,11/11/2016,Economy,
AZ-2014-4591984,11/7/2016,Casey Beckett,"Cologne,North Rhine-Westphalia,Germany",Central,Home Office,11/11/2016,Economy Plus,
AZ-2014-3802828,11/7/2016,Angelina Hurst,"Ulm,Baden-Württemberg,Germany",Central,Consumer,11/12/2016,Economy Plus,
AZ-2014-3025995,11/7/2016,Benjamin Humphries,"Clermont-Ferrand,Auvergne-Rhône-Alpes,France",Central,Consumer,11/9/2016,Priority,Critical
AZ-2014-8465996,11/7/2016,Dylan Dry,"Novara,Piedmont,Italy",South,Consumer,11/11/2016,Economy,
AZ-2014-5189353,11/7/2016,Michael Watkins,"Vienna,Vienna,Austria",Central,Home Office,11/11/2016,Economy,
BN-2014-7351644,11/7/2016,Carol Evans,"Muret,Languedoc-Roussillon-Midi-Pyrénées,France",Central,Consumer,11/11/2016,Economy,
AZ-2014-5509537,11/8/2016,Nicole Howard,"Glasgow,Scotland,United Kingdom",North,Consumer,11/10/2016,Economy Plus,
AZ-2014-6017898,11/8/2016,Joan Douglas,"Valladolid,Castile and León,Spain",South,Corporate,11/14/2016,Economy,
AZ-2014-4756753,11/8/2016,Thomas McCallum,"Valladolid,Castile and León,Spain",South,Consumer,11/14/2016,Economy,
AZ-2014-2016291,11/8/2016,Marcus Griffin,"Leipzig,Saxony,Germany",Central,Home Office,11/10/2016,Economy Plus,
AZ-2014-8555156,11/10/2016,Madison Chadwick,"Nice,Provence-Alpes-Côte d'Azur,France",Central,Consumer,11/15/2016,Economy,
AZ-2014-5927838,11/10/2016,Maya O'Sullivan,"Offenbach,Hesse,Germany",Central,Corporate,11/15/2016,Economy,
AZ-2014-1389011,11/10/2016,Nicole Todd,"Magdeburg,Saxony-Anhalt,Germany",Central,Corporate,11/10/2016,Immediate,Critical
AZ-2014-599049,11/10/2016,Lily Dallachy,"Saint-Chamond,Auvergne-Rhône-Alpes,France",Central,Corporate,11/14/2016,Economy Plus,
AZ-2014-9727546,11/10/2016,Dylan Disney,"Marseille,Provence-Alpes-Côte d'Azur,France",Central,Home Office,11/15/2016,Economy,
AZ-2014-6389131,11/10/2016,Daisy Summers,"Lyon,Auvergne-Rhône-Alpes,France",Central,Corporate,11/15/2016,Economy Plus,
AZ-2014-9102115,11/10/2016,Thomas Stephens,"Savona,Liguria,Italy",South,Corporate,11/16/2016,Economy,
AZ-2014-4722343,11/10/2016,Morgan Dodd,"Istres,Provence-Alpes-Côte d'Azur,France",Central,Consumer,11/17/2016,Economy,
AZ-2014-6875422,11/10/2016,Elise Ali,"Gravesend,England,United Kingdom",North,Home Office,11/16/2016,Economy,
BN-2014-8082943,11/10/2016,Wynona Janelle,"Cuxhaven,Lower Saxony,Germany",Central,Corporate,11/15/2016,Economy,
AZ-2014-9504290,11/11/2016,Kimberly Russo,"Barakaldo,Basque Country,Spain",South,Corporate,11/16/2016,Economy,
AZ-2014-9894212,11/11/2016,Mark Washington,"Halle,North Rhine-Westphalia,Germany",Central,Home Office,11/15/2016,Economy,
AZ-2014-8489084,11/11/2016,Samuel Hardey,"Marseille,Provence-Alpes-Côte d'Azur,France",Central,Home Office,11/15/2016,Economy,
AZ-2014-6040640,11/11/2016,Nathan Iqbal,"Herne,North Rhine-Westphalia,Germany",Central,Consumer,11/13/2016,Economy Plus,
BN-2014-7571614,11/11/2016,Henry Pedder,"Reims,Alsace-Champagne-Ardenne-Lorraine,France",Central,Consumer,11/17/2016,Economy,
AZ-2014-3332040,11/12/2016,Lola Hughes,"Villach,Carinthia,Austria",Central,Consumer,11/16/2016,Economy,
AZ-2014-2419598,11/12/2016,Minnie Cash,"Dijon,Bourgogne-Franche-Comté,France",Central,Corporate,11/14/2016,Economy Plus,
AZ-2014-7526286,11/12/2016,Kristina Moore,"Nice,Provence-Alpes-Côte d'Azur,France",Central,Corporate,11/18/2016,Economy,
AZ-2014-9007405,11/12/2016,Ruth Williams,"Cardiff,Wales,United Kingdom",North,Consumer,11/14/2016,Economy Plus,
AZ-2014-4993399,11/12/2016,Kyle Beard,"Edinburgh,Scotland,United Kingdom",North,Consumer,11/14/2016,Economy Plus,
AZ-2014-6559589,11/12/2016,Natasha Sykes,"Fontenay-aux-Roses,Ile-de-France,France",Central,Consumer,11/14/2016,Priority,Critical
BN-2014-5368093,11/12/2016,Liam Newton,"Stockholm,Stockholm,Sweden",North,Corporate,11/19/2016,Economy,
BN-2014-7621631,11/12/2016,Sean Wheeler,"Porto,Porto,Portugal",South,Corporate,11/16/2016,Economy,
AZ-2014-9502741,11/13/2016,Madeline Crooks,"Ajaccio,Corsica,France",Central,Consumer,11/15/2016,Priority,Critical
AZ-2014-818907,11/13/2016,Julian Corbin,"Woking,England,United Kingdom",North,Home Office,11/19/2016,Economy,
BN-2014-504974,11/13/2016,Britney Basaldua,"Copenhagen,Hovedstaden,Denmark",North,Corporate,11/15/2016,Economy Plus,
BN-2014-7211355,11/13/2016,Gary Crume,"Amsterdam,North Holland,Netherlands",Central,Consumer,11/19/2016,Economy,
BN-2014-1002619,11/13/2016,Leah Derham,"Dublin,Dublin,Ireland",North,Consumer,11/17/2016,Economy Plus,
AZ-2014-1101148,11/14/2016,Dominic Joyce,"Cologne,North Rhine-Westphalia,Germany",Central,Corporate,11/20/2016,Economy,
AZ-2014-8568161,11/14/2016,Madison Holloway,"Heilbronn,Baden-Württemberg,Germany",Central,Corporate,11/21/2016,Economy,
AZ-2014-5374456,11/14/2016,Ryan Greenwood,"Viterbo,Lazio,Italy",South,Consumer,11/16/2016,Priority,Critical
AZ-2014-5759981,11/15/2016,Carol Leach,"Le Havre,Normandy,France",Central,Home Office,11/21/2016,Economy,
AZ-2014-5174076,11/15/2016,Abby Muramats,"Acireale,Sicily,Italy",South,Consumer,11/21/2016,Economy,
AZ-2014-5765261,11/15/2016,Libby Thompson,"Valencia,Valenciana,Spain",South,Consumer,11/19/2016,Economy,
AZ-2014-8751101,11/15/2016,Imogen Steele,"Modica,Sicily,Italy",South,Corporate,11/20/2016,Economy,
AZ-2014-4114625,11/15/2016,Lamar Lockhart,"Le Pré-Saint-Gervais,Ile-de-France,France",Central,Consumer,11/20/2016,Economy Plus,
AZ-2014-3621683,11/16/2016,Isabelle Gould,"Bergen,Hordaland,Norway",North,Consumer,11/17/2016,Priority,Critical
AZ-2014-6052512,11/17/2016,James Lamoureux,"Antwerp,Antwerp,Belgium",Central,Corporate,11/20/2016,Priority,Critical
AZ-2014-5406401,11/17/2016,Alexis Code,"Boulogne-Billancourt,Ile-de-France,France",Central,Corporate,11/20/2016,Economy Plus,
AZ-2014-5104048,11/17/2016,Georgia Blackburn,"Dresden,Saxony,Germany",Central,Corporate,11/21/2016,Economy,
AZ-2014-7384314,11/17/2016,Milla Hollinworth,"Berlin,Berlin,Germany",Central,Corporate,11/22/2016,Economy,
AZ-2014-985095,11/17/2016,Zachary Disher,"Florence,Tuscany,Italy",South,Consumer,11/22/2016,Economy Plus,
AZ-2014-7267676,11/17/2016,Shelby Dunston,"Poole,England,United Kingdom",North,Consumer,11/20/2016,Priority,Critical
BN-2014-444620,11/17/2016,Tricia Bustamante,"Foggia,Apulia,Italy",South,Corporate,11/21/2016,Economy,
BN-2014-4309746,11/17/2016,Adam Walpole,"Celle,Lower Saxony,Germany",Central,Corporate,11/22/2016,Economy,
BN-2014-5562074,11/17/2016,Kimberly Jones,"Braga,Braga,Portugal",South,Corporate,11/21/2016,Economy,
BN-2014-3198729,11/17/2016,Sebastian Barber,"Nijmegen,Gelderland,Netherlands",Central,Home Office,11/22/2016,Economy Plus,
AZ-2014-9050550,11/18/2016,Charles Builder,"Aix-les-Bains,Auvergne-Rhône-Alpes,France",Central,Consumer,11/20/2016,Economy Plus,
AZ-2014-6061991,11/18/2016,Gerald Galvan,"Landskrona,Skåne,Sweden",North,Corporate,11/20/2016,Economy Plus,
AZ-2014-3436015,11/18/2016,Jade Farmer,"Madrid,Madrid,Spain",South,Consumer,11/20/2016,Priority,Critical
AZ-2014-3855882,11/18/2016,Beverly Brooks,"Longjumeau,Ile-de-France,France",Central,Consumer,11/22/2016,Economy,
AZ-2014-2414105,11/18/2016,Jeremy Pilcher,"Saint-Malo,Brittany,France",Central,Corporate,11/25/2016,Economy,
AZ-2014-9165152,11/18/2016,Ethan Williams,"Livingston,Scotland,United Kingdom",North,Corporate,11/23/2016,Economy,
BN-2014-7201366,11/18/2016,Jeffrey Laird,"Las Rozas de Madrid,Madrid,Spain",South,Corporate,11/22/2016,Economy,
BN-2014-8834829,11/18/2016,Piper Wilder-Neligan,"Pantin,Ile-de-France,France",Central,Consumer,11/20/2016,Economy Plus,
AZ-2014-6305127,11/19/2016,Justin Armit,"Farnborough,England,United Kingdom",North,Consumer,11/24/2016,Economy,
AZ-2014-6530154,11/19/2016,Bettie Lang,"Lille,Nord-Pas-de-Calais-Picardie,France",Central,Consumer,11/23/2016,Economy,
AZ-2014-6854187,11/19/2016,Oscar Clayton,"Lille,Nord-Pas-de-Calais-Picardie,France",Central,Consumer,11/21/2016,Priority,Critical
AZ-2014-8637835,11/19/2016,Jasmine Slater,"Preston,England,United Kingdom",North,Corporate,11/24/2016,Economy,
BN-2014-8354693,11/19/2016,Jason Calhoun,"Hilversum,North Holland,Netherlands",Central,Consumer,11/25/2016,Economy,
BN-2014-9079543,11/19/2016,Freddie Kaur,"Naples,Campania,Italy",South,Consumer,11/26/2016,Economy,
AZ-2014-741158,11/20/2016,Victoria Burke,"Manchester,England,United Kingdom",North,Corporate,11/23/2016,Priority,Critical
AZ-2014-2539403,11/20/2016,Dennis Conaway,"Kiel,Schleswig-Holstein,Germany",Central,Consumer,11/24/2016,Economy,
AZ-2014-3740104,11/20/2016,Oliver Stephenson,"Vienna,Vienna,Austria",Central,Consumer,11/26/2016,Economy,
AZ-2014-8708841,11/20/2016,Isabella Falkiner,"Acireale,Sicily,Italy",South,Corporate,11/25/2016,Economy,
AZ-2014-3937200,11/20/2016,Isabelle Torpy,"Bilbao,Basque Country,Spain",South,Consumer,11/24/2016,Economy Plus,
BN-2014-9526659,11/20/2016,Keith Martinez,"El Ejido,Andalusía,Spain",South,Consumer,11/24/2016,Economy,
BN-2014-3991888,11/20/2016,Joyce Cornell,"Molfetta,Apulia,Italy",South,Consumer,11/27/2016,Economy,
AZ-2014-1473888,11/21/2016,Oscar Noble,"Maidenhead,England,United Kingdom",North,Consumer,11/26/2016,Economy,
AZ-2014-5541569,11/21/2016,Jett Osman,"Milan,Lombardy,Italy",South,Home Office,11/22/2016,Priority,Critical
AZ-2014-8808446,11/21/2016,Alexander Bennett,"Valence,Auvergne-Rhône-Alpes,France",Central,Corporate,11/25/2016,Economy,
AZ-2014-8193054,11/21/2016,Liam Mathias,"Antwerp,Antwerp,Belgium",Central,Corporate,11/25/2016,Economy,
BN-2014-9998478,11/21/2016,Ella Dwyer-Gray,"Breda,North Brabant,Netherlands",Central,Consumer,11/25/2016,Economy,
AZ-2014-9173852,11/22/2016,Rachel Tyler,"Argenteuil,Ile-de-France,France",Central,Corporate,11/28/2016,Economy,
AZ-2014-3494429,11/23/2016,Betty Reynolds,"Zamora,Castile and León,Spain",South,Corporate,11/29/2016,Economy,
AZ-2014-564669,11/24/2016,Rose Nicolay,"Lowestoft,England,United Kingdom",North,Home Office,11/28/2016,Economy,
AZ-2014-3200941,11/24/2016,Skye Hammond,"Paris,Ile-de-France,France",Central,Corporate,11/27/2016,Economy Plus,
AZ-2014-8232144,11/24/2016,Dylan Disney,"Dinslaken,North Rhine-Westphalia,Germany",Central,Home Office,11/28/2016,Economy,
BN-2014-2777881,11/24/2016,Jude Leonard,"Berlin,Berlin,Germany",Central,Consumer,11/24/2016,Immediate,Critical
BN-2014-1528026,11/24/2016,Abby Colebe,"Vigo,Galicia,Spain",South,Consumer,11/29/2016,Economy,
BN-2014-4538346,11/24/2016,Nathan Iqbal,"Dublin,Dublin,Ireland",North,Consumer,11/27/2016,Economy Plus,
AZ-2014-4188403,11/25/2016,Anna Leal,"Valence,Auvergne-Rhône-Alpes,France",Central,Consumer,11/29/2016,Economy,
AZ-2014-641146,11/25/2016,Kimberly Jones,"Montpellier,Languedoc-Roussillon-Midi-Pyrénées,France",Central,Corporate,11/28/2016,Economy Plus,
AZ-2014-3745040,11/25/2016,Dominic Stephenson,"Sandnes,Rogaland,Norway",North,Home Office,11/27/2016,Priority,Critical
AZ-2014-2942129,11/25/2016,Isabelle Grimstone,"Hamm,North Rhine-Westphalia,Germany",Central,Consumer,11/30/2016,Economy,
AZ-2014-165255,11/25/2016,Yasmin Bradley,"Leipzig,Saxony,Germany",Central,Consumer,12/1/2016,Economy,
AZ-2014-7388956,11/25/2016,Edward Dolling,"Odense,South Denmark,Denmark",North,Consumer,11/30/2016,Economy,
AZ-2014-3638648,11/25/2016,Joseph Banks,"Pomezia,Lazio,Italy",South,Consumer,11/27/2016,Priority,Critical
AZ-2014-3107566,11/25/2016,Laura Akhtar,"Leuven,Flemish Brabant,Belgium",Central,Consumer,11/27/2016,Priority,Critical
AZ-2014-6915689,11/26/2016,Tom Charlton,"Hasselt,Limburg,Belgium",Central,Corporate,11/28/2016,Economy Plus,
AZ-2014-8848786,11/26/2016,Hollie Norris,"Lisieux,Normandy,France",Central,Consumer,12/1/2016,Economy,
AZ-2014-2950767,11/26/2016,Donald Molina,"Stavanger,Rogaland,Norway",North,Home Office,11/30/2016,Economy,
AZ-2014-2699091,11/26/2016,Casey Forte,"Manchester,England,United Kingdom",North,Consumer,11/29/2016,Priority,Critical
BN-2014-3007442,11/26/2016,Mackenzie Whitford,"Vincennes,Ile-de-France,France",Central,Consumer,12/3/2016,Economy,
AZ-2014-4655935,11/27/2016,Tia Metcalfe,"Paris,Ile-de-France,France",Central,Consumer,12/4/2016,Economy,
AZ-2014-9653961,11/27/2016,Robert Quick,"Stuttgart,Baden-Württemberg,Germany",Central,Consumer,12/1/2016,Economy,
AZ-2014-4031340,11/27/2016,Rita McCann,"San Sebastian,Basque Country,Spain",South,Consumer,12/2/2016,Economy,
AZ-2014-320668,11/27/2016,Sandra Hooks,"Ivry-sur-Seine,Ile-de-France,France",Central,Corporate,11/29/2016,Priority,Critical
AZ-2014-1067698,11/27/2016,Chloe Miller,"Utrecht,Utrecht,Netherlands",Central,Consumer,11/29/2016,Priority,Critical
AZ-2014-5836619,11/27/2016,Julian Corbin,"Montgeron,Ile-de-France,France",Central,Home Office,12/1/2016,Economy,
BN-2014-657443,11/27/2016,Lane Taylor,"Halluin,Nord-Pas-de-Calais-Picardie,France",Central,Corporate,11/27/2016,Immediate,Critical
AZ-2014-2278287,11/28/2016,Bryce Efird,"Erlangen,Bavaria,Germany",Central,Corporate,12/3/2016,Economy,
BN-2014-8729433,11/28/2016,Jade Farmer,"Granada,Andalusía,Spain",South,Consumer,12/3/2016,Economy,
BN-2014-9643770,11/28/2016,Ruth Williams,"Manfredonia,Apulia,Italy",South,Consumer,12/2/2016,Economy,
BN-2014-2942497,11/28/2016,Abby Muramats,"Tilburg,North Brabant,Netherlands",Central,Consumer,12/3/2016,Economy,
AZ-2014-6484153,11/29/2016,Isabelle Radcliffe,"Oslo,Oslo,Norway",North,Corporate,12/3/2016,Economy,
AZ-2014-2183629,11/29/2016,Joel McKean,"Girona,Catalonia,Spain",South,Home Office,12/2/2016,Economy Plus,
BN-2014-7651755,11/29/2016,Jammie Gibbs,"Wuppertal,North Rhine-Westphalia,Germany",Central,Consumer,12/2/2016,Economy Plus,
AZ-2014-6185153,12/1/2016,Rose Heap,"Montreuil,Ile-de-France,France",Central,Consumer,12/6/2016,Economy,
AZ-2014-7955306,12/1/2016,Tahlia Coughlan,"Schiltigheim,Alsace-Champagne-Ardenne-Lorraine,France",Central,Corporate,12/7/2016,Economy,
AZ-2014-4042743,12/1/2016,Jasper Neighbour,"Cologne,North Rhine-Westphalia,Germany",Central,Corporate,12/7/2016,Economy,
AZ-2014-1732557,12/1/2016,Adam Harte,"Veenendaal,Utrecht,Netherlands",Central,Corporate,12/6/2016,Economy,
AZ-2014-688313,12/2/2016,Edward Davidson,"Torre del Greco,Campania,Italy",South,Home Office,12/8/2016,Economy,
AZ-2014-4277955,12/2/2016,Kian Pollard,"Vitoria,Basque Country,Spain",South,Consumer,12/7/2016,Economy,
AZ-2014-7187125,12/2/2016,Juan Smith,"Essen,North Rhine-Westphalia,Germany",Central,Consumer,12/9/2016,Economy,
AZ-2014-183532,12/2/2016,Kyle Nash,"Madrid,Madrid,Spain",South,Consumer,12/9/2016,Economy,
BN-2014-5580925,12/2/2016,Julian Corbin,"Acireale,Sicily,Italy",South,Home Office,12/7/2016,Economy,
BN-2014-1278253,12/2/2016,Amanda Hutcherson,"Amadora,Lisboa,Portugal",South,Corporate,12/9/2016,Economy,
AZ-2014-538841,12/3/2016,Rachel Morton,"Segovia,Castile and León,Spain",South,Corporate,12/8/2016,Economy,
AZ-2014-1598982,12/3/2016,Lucas Wood,"Ghent,East Flanders,Belgium",Central,Corporate,12/7/2016,Economy,
AZ-2014-8059227,12/3/2016,Alta Nokes,"Cologne,North Rhine-Westphalia,Germany",Central,Home Office,12/7/2016,Economy,
AZ-2014-5419885,12/4/2016,Kristal McCaslin,"Bolton,England,United Kingdom",North,Corporate,12/6/2016,Economy Plus,
AZ-2014-4284397,12/4/2016,Makayla Elphinstone,"Vienna,Vienna,Austria",Central,Consumer,12/9/2016,Economy,
AZ-2014-8735182,12/4/2016,Hannah Conyers,"Palermo,Sicily,Italy",South,Home Office,12/4/2016,Immediate,Critical
AZ-2014-582693,12/4/2016,Ava Corbin,"Grasse,Provence-Alpes-Côte d'Azur,France",Central,Home Office,12/4/2016,Immediate,Critical
BN-2014-4509327,12/4/2016,Anna Macdonald,"Zurich,Zürich,Switzerland",Central,Consumer,12/11/2016,Economy,
BN-2014-7902691,12/4/2016,Georgina Garner,"Reggio nell'Emilia,Emilia-Romagna,Italy",South,Consumer,12/6/2016,Economy Plus,
BN-2014-3939059,12/4/2016,Mark Briggs,"Dublin,Dublin,Ireland",North,Consumer,12/11/2016,Economy,
AZ-2014-8993401,12/5/2016,Eloise Sykes,"Pierrefitte-sur-Seine,Ile-de-France,France",Central,Consumer,12/10/2016,Economy,
AZ-2014-8665160,12/5/2016,Sam Rees,"Sant Boi de Llobregat,Catalonia,Spain",South,Home Office,12/10/2016,Economy,
AZ-2014-2293716,12/5/2016,Alexis Code,"Stoke-on-Trent,England,United Kingdom",North,Corporate,12/9/2016,Economy Plus,
BN-2014-6253845,12/5/2016,David To,"Villeneuve-sur-Lot,Aquitaine-Limousin-Poitou-Charentes,France",Central,Home Office,12/12/2016,Economy,
BN-2014-2113216,12/5/2016,Eleanor Pollard,"Velsen,North Holland,Netherlands",Central,Home Office,12/9/2016,Economy Plus,
BN-2014-6721665,12/5/2016,David Chadwick,"Agrigento,Sicily,Italy",South,Corporate,12/7/2016,Economy Plus,
BN-2014-4060472,12/5/2016,Molly Bidmead,"Guildford,England,United Kingdom",North,Home Office,12/9/2016,Economy Plus,
AZ-2014-8132045,12/6/2016,Will Poynton,"Lorient,Brittany,France",Central,Consumer,12/10/2016,Economy Plus,
AZ-2014-2804403,12/6/2016,Rita McCann,"Albacete,Castile-La Mancha,Spain",South,Consumer,12/8/2016,Economy Plus,
BN-2014-8847537,12/6/2016,Leroy Samson,"Leeuwarden,Friesland,Netherlands",Central,Home Office,12/9/2016,Priority,Critical
BN-2014-2952495,12/7/2016,Nancy Seay,"Seville,Andalusía,Spain",South,Consumer,12/8/2016,Priority,Critical
AZ-2014-1665809,12/8/2016,Jack Brier,"Seville,Andalusía,Spain",South,Consumer,12/12/2016,Economy,
AZ-2014-9792783,12/8/2016,Timothy Pownall,"Frankfurt,Hesse,Germany",Central,Consumer,12/10/2016,Priority,Critical
AZ-2014-4983887,12/8/2016,Kayla Tearle,"Le Cannet,Provence-Alpes-Côte d'Azur,France",Central,Corporate,12/14/2016,Economy,
BN-2014-5985534,12/8/2016,Craig Rayner,"Madrid,Madrid,Spain",South,Consumer,12/12/2016,Economy,
BN-2014-3537667,12/8/2016,Maddison Breen,"Venlo,Limburg,Netherlands",Central,Corporate,12/13/2016,Economy,
AZ-2014-1665836,12/9/2016,Philip Newsom,"Halle,Saxony-Anhalt,Germany",Central,Corporate,12/12/2016,Economy Plus,
AZ-2014-2235626,12/9/2016,Amber Adams,"Antwerp,Antwerp,Belgium",Central,Corporate,12/16/2016,Economy,
AZ-2014-2323449,12/9/2016,Mary Saterfiel,"Champigny-sur-Marne,Ile-de-France,France",Central,Consumer,12/16/2016,Economy,
BN-2014-5780585,12/9/2016,Demi Power,"The Hague,South Holland,Netherlands",Central,Consumer,12/14/2016,Economy,
BN-2014-3687942,12/9/2016,Rory Braim,"Paris,Ile-de-France,France",Central,Consumer,12/13/2016,Economy,
BN-2014-6653003,12/9/2016,Libby Allan,"Stockholm,Stockholm,Sweden",North,Consumer,12/14/2016,Economy,
AZ-2014-1912622,12/10/2016,Ralph Holmes,"Oyonnax,Auvergne-Rhône-Alpes,France",Central,Consumer,12/14/2016,Economy,
AZ-2014-2886352,12/10/2016,Carrie Boots,"Manchester,England,United Kingdom",North,Corporate,12/15/2016,Economy Plus,
AZ-2014-9494759,12/10/2016,Cora Konieczny,"Evreux,Normandy,France",Central,Home Office,12/14/2016,Economy,
AZ-2014-5855020,12/10/2016,Thomas Thompson,"Lille,Nord-Pas-de-Calais-Picardie,France",Central,Corporate,12/16/2016,Economy,
BN-2014-2999624,12/10/2016,Madison Rowley,"Stockholm,Stockholm,Sweden",North,Consumer,12/15/2016,Economy,
AZ-2014-2071834,12/11/2016,Peter Daly,"Sheffield,England,United Kingdom",North,Consumer,12/11/2016,Immediate,Critical
AZ-2014-767884,12/11/2016,Louise Walsh,"Bournemouth,England,United Kingdom",North,Consumer,12/13/2016,Economy Plus,
AZ-2014-371022,12/12/2016,Joseph Banks,"Ercolano,Campania,Italy",South,Consumer,12/16/2016,Economy,
AZ-2014-2885324,12/12/2016,Jason Calhoun,"Middlesbrough,England,United Kingdom",North,Consumer,12/12/2016,Immediate,Critical
AZ-2014-9683756,12/12/2016,Tahlia Murnin,"Paris,Ile-de-France,France",Central,Consumer,12/18/2016,Economy,
AZ-2014-8652861,12/12/2016,Imogen Steele,"Namur,Namur,Belgium",Central,Corporate,12/16/2016,Economy,
AZ-2014-3628552,12/12/2016,Donna Farr,"Venice,Veneto,Italy",South,Consumer,12/16/2016,Economy,
AZ-2014-6047268,12/12/2016,Toby Labilliere,"Glasgow,Scotland,United Kingdom",North,Consumer,12/16/2016,Economy Plus,
AZ-2014-2179018,12/12/2016,Mia Pugh,"Perugia,Umbria,Italy",South,Consumer,12/19/2016,Economy,
BN-2014-2653916,12/12/2016,Benjamin Lee,"Sant Boi de Llobregat,Catalonia,Spain",South,Corporate,12/14/2016,Economy Plus,
AZ-2014-8611062,12/13/2016,Julian Mack,"Grenoble,Auvergne-Rhône-Alpes,France",Central,Consumer,12/18/2016,Economy Plus,
AZ-2014-8589669,12/13/2016,James Bruns,"Valence,Auvergne-Rhône-Alpes,France",Central,Consumer,12/17/2016,Economy,
AZ-2014-4158813,12/13/2016,Lola Hughes,"Wuppertal,North Rhine-Westphalia,Germany",Central,Consumer,12/20/2016,Economy,
AZ-2014-6621179,12/13/2016,Eden Gooseberry,"Courbevoie,Ile-de-France,France",Central,Corporate,12/17/2016,Economy,
BN-2014-9300857,12/14/2016,Jonathan Barbee,"Palermo,Sicily,Italy",South,Consumer,12/19/2016,Economy,
AZ-2014-7090989,12/15/2016,Jessica Williams,"Montpellier,Languedoc-Roussillon-Midi-Pyrénées,France",Central,Consumer,12/21/2016,Economy,
AZ-2014-4329133,12/15/2016,Evie Flockhart,"Hanover,Lower Saxony,Germany",Central,Consumer,12/19/2016,Economy,
AZ-2014-2920974,12/15/2016,Jessica Williams,"Rennes,Brittany,France",Central,Consumer,12/17/2016,Economy Plus,
AZ-2014-7040665,12/15/2016,Charles Carey,"Hamburg,Hamburg,Germany",Central,Consumer,12/19/2016,Economy,
BN-2014-6330410,12/15/2016,Evie Newton,"Dublin,Dublin,Ireland",North,Home Office,12/17/2016,Priority,Critical
BN-2014-8656062,12/15/2016,Declan Dundas,"Solna,Stockholm,Sweden",North,Corporate,12/21/2016,Economy,
AZ-2014-4645148,12/16/2016,Hollie Norris,"Alicante,Valenciana,Spain",South,Consumer,12/19/2016,Economy Plus,
AZ-2014-4151029,12/16/2016,Victor Kron,"Vincennes,Ile-de-France,France",Central,Consumer,12/16/2016,Immediate,Critical
AZ-2014-3909532,12/16/2016,Ava Giles,"Pontault-Combault,Ile-de-France,France",Central,Corporate,12/21/2016,Economy,
AZ-2014-8610318,12/16/2016,Bianca Monsoor,"Segovia,Castile and León,Spain",South,Consumer,12/20/2016,Economy,
AZ-2014-9629800,12/16/2016,Minnie Cash,"Bradford,England,United Kingdom",North,Corporate,12/20/2016,Economy,
BN-2014-4808235,12/16/2016,Julie Ochoa,"Reims,Alsace-Champagne-Ardenne-Lorraine,France",Central,Corporate,12/20/2016,Economy,
BN-2014-1737730,12/16/2016,Audrey Emanuel,"Sheffield,England,United Kingdom",North,Consumer,12/21/2016,Economy,
BN-2014-7246636,12/16/2016,Steven Prince,"Plymouth,England,United Kingdom",North,Home Office,12/20/2016,Economy,
AZ-2014-2694550,12/17/2016,Ashley Baldwinson,"Albi,Languedoc-Roussillon-Midi-Pyrénées,France",Central,Corporate,12/21/2016,Economy Plus,
AZ-2014-6453341,12/17/2016,Bethany Child,"Arles,Provence-Alpes-Côte d'Azur,France",Central,Consumer,12/23/2016,Economy,
AZ-2014-6360683,12/17/2016,Katie Evenden,"Ponteareas,Galicia,Spain",South,Corporate,12/21/2016,Economy,
AZ-2014-2748626,12/17/2016,Niki Peirce,"Hagen,North Rhine-Westphalia,Germany",Central,Consumer,12/22/2016,Economy,
BN-2014-7539265,12/17/2016,Pamela Searles,"Sheffield,England,United Kingdom",North,Home Office,12/22/2016,Economy,
AZ-2014-8677519,12/18/2016,Tilly Payne,"Vigevano,Lombardy,Italy",South,Consumer,12/20/2016,Priority,Critical
AZ-2014-8427942,12/18/2016,Joshua Romero,"Limoges,Aquitaine-Limousin-Poitou-Charentes,France",Central,Consumer,12/24/2016,Economy,
AZ-2014-2267437,12/18/2016,Janet Broussard,"Paris,Ile-de-France,France",Central,Consumer,12/23/2016,Economy,
AZ-2014-5922257,12/18/2016,Zona Meyer,"Berlin,Berlin,Germany",Central,Corporate,12/24/2016,Economy,
AZ-2014-5958332,12/18/2016,Milla Day,"Leeds,England,United Kingdom",North,Consumer,12/24/2016,Economy,
AZ-2014-1538782,12/18/2016,Sam French,"Trapani,Sicily,Italy",South,Consumer,12/21/2016,Priority,Critical
AZ-2014-2452834,12/19/2016,Lisa Boyette,"Wasquehal,Nord-Pas-de-Calais-Picardie,France",Central,Corporate,12/20/2016,Priority,Critical
AZ-2014-8034683,12/19/2016,Mark Washington,"Kingswood,England,United Kingdom",North,Home Office,12/26/2016,Economy,
AZ-2014-3367172,12/19/2016,Zara Money,"Middlesbrough,England,United Kingdom",North,Corporate,12/19/2016,Immediate,Critical
AZ-2014-6423763,12/19/2016,Xavier Burford,"Villefontaine,Auvergne-Rhône-Alpes,France",Central,Corporate,12/23/2016,Economy,
AZ-2014-9797465,12/19/2016,Georgia Arundale,"Halle,North Rhine-Westphalia,Germany",Central,Corporate,12/20/2016,Priority,Critical
AZ-2014-4112590,12/19/2016,Juanita Smalls,"Pessac,Aquitaine-Limousin-Poitou-Charentes,France",Central,Home Office,12/21/2016,Priority,Critical
AZ-2014-5854917,12/19/2016,Charli Rose,"Getafe,Madrid,Spain",South,Consumer,12/23/2016,Economy,
AZ-2014-1456061,12/19/2016,Eve Bates,"Tournai,Hainaut,Belgium",Central,Consumer,12/23/2016,Economy Plus,
AZ-2014-8636946,12/19/2016,Rebecca Cook,"Brest,Brittany,France",Central,Corporate,12/21/2016,Economy Plus,
AZ-2014-6852379,12/19/2016,Alex Greenwood,"Villach,Carinthia,Austria",Central,Consumer,12/21/2016,Priority,Critical
BN-2014-8706715,12/20/2016,Mohammed Arnold,"Arrentela,Setúbal,Portugal",South,Consumer,12/25/2016,Economy Plus,
BN-2014-323564,12/20/2016,Lucas Warren,"Sheffield,England,United Kingdom",North,Consumer,12/24/2016,Economy,
AZ-2014-449112,12/22/2016,Toby Conway,"La Teste-de-Buch,Aquitaine-Limousin-Poitou-Charentes,France",Central,Consumer,12/25/2016,Economy Plus,
AZ-2014-559431,12/22/2016,Paige Horsfall,"Aschaffenburg,Bavaria,Germany",Central,Home Office,12/26/2016,Economy,
AZ-2014-2718227,12/23/2016,William Jolly,"Clacton-on-Sea,England,United Kingdom",North,Consumer,12/25/2016,Priority,Critical
AZ-2014-9135903,12/23/2016,Chloe O'Dea,"Munich,Bavaria,Germany",Central,Consumer,12/28/2016,Economy,
BN-2014-2221750,12/23/2016,Mike Obrien,"Porto,Porto,Portugal",South,Consumer,12/27/2016,Economy,
AZ-2014-938052,12/24/2016,Erick Tanner,"London,England,United Kingdom",North,Corporate,12/28/2016,Economy,
AZ-2014-5480991,12/24/2016,Shelby Dunston,"Marseille,Provence-Alpes-Côte d'Azur,France",Central,Consumer,12/28/2016,Economy,
AZ-2014-2938104,12/24/2016,Charlie Donnelly,"Berlin,Berlin,Germany",Central,Consumer,12/28/2016,Economy,
AZ-2014-4842242,12/24/2016,Tyson Ebden,"Reggio nell'Emilia,Emilia-Romagna,Italy",South,Consumer,12/24/2016,Immediate,Critical
AZ-2014-5759830,12/24/2016,Peter Daly,"Longjumeau,Ile-de-France,France",Central,Consumer,12/24/2016,Immediate,Critical
AZ-2014-6684100,12/24/2016,Angelina Hurst,"Dortmund,North Rhine-Westphalia,Germany",Central,Consumer,12/30/2016,Economy,
AZ-2014-2238445,12/24/2016,Samuel Hardey,"Milan,Lombardy,Italy",South,Home Office,12/28/2016,Economy,
BN-2014-8501685,12/24/2016,Julian Dobie,"Stockholm,Stockholm,Sweden",North,Consumer,12/28/2016,Economy,
AZ-2014-5706621,12/25/2016,Kian Sykes,"Palma de Mallorca,Balearic Islands,Spain",South,Consumer,12/31/2016,Economy,
AZ-2014-7188993,12/25/2016,Michael Halcomb,"Palma de Mallorca,Balearic Islands,Spain",South,Corporate,12/29/2016,Economy,
AZ-2014-1328396,12/25/2016,Isaac David,"Copenhagen,Hovedstaden,Denmark",North,Corporate,12/27/2016,Priority,Critical
AZ-2014-3281125,12/25/2016,Thomas Shepherd,"Oldenburg,Lower Saxony,Germany",Central,Corporate,12/29/2016,Economy,
AZ-2014-9082134,12/25/2016,Jessica Williams,"Saint-Laurent-du-Var,Provence-Alpes-Côte d'Azur,France",Central,Consumer,12/25/2016,Immediate,Critical
AZ-2014-6165036,12/25/2016,Xavier Synan,"Munich,Bavaria,Germany",Central,Consumer,1/1/2017,Economy,
AZ-2014-1986339,12/25/2016,Alexis O'Flaherty,"Sagunto,Valenciana,Spain",South,Home Office,12/31/2016,Economy,
AZ-2014-663950,12/25/2016,Nate Dacey,"Edinburgh,Scotland,United Kingdom",North,Consumer,12/30/2016,Economy,
AZ-2014-1317871,12/25/2016,Ruby Blomfield,"Hasselt,Limburg,Belgium",Central,Consumer,12/29/2016,Economy,
BN-2014-1926985,12/25/2016,Harriet Chadwick,"Karlstad,Värmland,Sweden",North,Corporate,12/25/2016,Immediate,Critical
BN-2014-7634157,12/25/2016,Alexandra Portus,"Oosterhout,North Brabant,Netherlands",Central,Corporate,1/1/2017,Economy,
AZ-2014-2210711,12/26/2016,Vaughn Gibbs,"Toulouse,Languedoc-Roussillon-Midi-Pyrénées,France",Central,Home Office,12/30/2016,Economy,
AZ-2014-5189158,12/26/2016,Piper Wilder-Neligan,"Dortmund,North Rhine-Westphalia,Germany",Central,Consumer,1/1/2017,Economy,
AZ-2014-856008,12/26/2016,Jose Gullo,"London,England,United Kingdom",North,Consumer,12/30/2016,Economy Plus,
AZ-2014-7108585,12/26/2016,Zoe Lowin,"Bordeaux,Aquitaine-Limousin-Poitou-Charentes,France",Central,Consumer,12/31/2016,Economy,
AZ-2014-7174058,12/26/2016,Anthony Spooner,"Marseille,Provence-Alpes-Côte d'Azur,France",Central,Corporate,12/31/2016,Economy,
AZ-2014-2687996,12/26/2016,Charles Builder,"Berlin,Berlin,Germany",Central,Consumer,1/1/2017,Economy,
AZ-2014-9733542,12/26/2016,Desiree Hurt,"Dormagen,North Rhine-Westphalia,Germany",Central,Home Office,1/1/2017,Economy,
AZ-2014-9018441,12/26/2016,Kaitlyn Dorsch,"Linz,Upper Austria,Austria",Central,Corporate,12/30/2016,Economy,
BN-2014-2971842,12/26/2016,Chelsea Howell,"Lisbon,Lisboa,Portugal",South,Consumer,12/28/2016,Priority,Critical
BN-2014-9956954,12/26/2016,Darcy Medley,"Ferrara,Emilia-Romagna,Italy",South,Corporate,1/1/2017,Economy,
BN-2014-5013417,12/26/2016,Toby Clunie,"Schwerin,Mecklenburg-Vorpommern,Germany",Central,Consumer,12/27/2016,Priority,Critical
BN-2014-5182753,12/26/2016,Zachary Warner,"Stockholm,Stockholm,Sweden",North,Consumer,12/31/2016,Economy,
AZ-2014-494283,12/27/2016,Sherron Henegar,"Harrow,England,United Kingdom",North,Consumer,1/2/2017,Economy,
AZ-2014-8899195,12/27/2016,Matthew Gill,"Milan,Lombardy,Italy",South,Home Office,12/31/2016,Economy,
BN-2014-2616164,12/27/2016,Carl Proctor,"Stockholm,Stockholm,Sweden",North,Consumer,12/30/2016,Economy Plus,
BN-2014-6319094,12/27/2016,Isabella Falkiner,"The Hague,South Holland,Netherlands",Central,Corporate,12/31/2016,Economy,
AZ-2014-9491986,12/28/2016,Audrey Knowles,"Wolverhampton,England,United Kingdom",North,Consumer,12/31/2016,Priority,Critical
AZ-2014-6630720,12/29/2016,Lara Stoate,"London,England,United Kingdom",North,Corporate,1/4/2017,Economy,
AZ-2014-338779,12/29/2016,Judy Rodriquez,"Champigny-sur-Marne,Ile-de-France,France",Central,Consumer,12/29/2016,Immediate,Critical
AZ-2014-5388375,12/29/2016,Anna Kelly,"Pamplona,Navarra,Spain",South,Corporate,1/2/2017,Economy,
AZ-2014-6752912,12/29/2016,Lauren Saunders,"Oyonnax,Auvergne-Rhône-Alpes,France",Central,Consumer,12/31/2016,Economy Plus,
AZ-2014-8026360,12/29/2016,Darcy Farnell,"Sarcelles,Ile-de-France,France",Central,Consumer,1/3/2017,Economy,
BN-2014-5301206,12/29/2016,Jay Collier,"Haarlem,North Holland,Netherlands",Central,Consumer,12/31/2016,Priority,Critical
BN-2014-4912801,12/29/2016,Rachel Morton,"Stockholm,Stockholm,Sweden",North,Corporate,1/1/2017,Priority,Critical
BN-2014-3913645,12/29/2016,Mark Washington,"Dublin,Dublin,Ireland",North,Home Office,1/2/2017,Economy,
AZ-2014-8007090,12/30/2016,Mary Saterfiel,"Plymouth,England,United Kingdom",North,Consumer,1/3/2017,Economy,
AZ-2014-5047236,12/30/2016,Alexis O'Flaherty,"Munich,Bavaria,Germany",Central,Home Office,1/4/2017,Economy,
AZ-2014-157670,12/30/2016,Max Ludwig,"Edinburgh,Scotland,United Kingdom",North,Home Office,1/4/2017,Economy,
AZ-2014-436448,12/30/2016,Georgia Arundale,"Naples,Campania,Italy",South,Corporate,1/5/2017,Economy,
AZ-2014-3870231,12/30/2016,Thomas Thompson,"Basel,Basel-Stadt,Switzerland",Central,Corporate,1/2/2017,Priority,Critical
BN-2014-8679573,12/30/2016,Dennis Conaway,"The Hague,South Holland,Netherlands",Central,Consumer,1/1/2017,Priority,Critical
AZ-2014-4217323,12/31/2016,Evie Morton,"Caen,Normandy,France",Central,Consumer,1/2/2017,Economy Plus,
AZ-2014-8174835,12/31/2016,Eloise Sykes,"Bielefeld,North Rhine-Westphalia,Germany",Central,Consumer,1/4/2017,Economy,
AZ-2014-766953,12/31/2016,Jose Gambino,"Maidenhead,England,United Kingdom",North,Corporate,1/5/2017,Economy,
AZ-2014-1412225,12/31/2016,Leon Barnes,"Worcester,England,United Kingdom",North,Consumer,1/1/2017,Priority,Critical
AZ-2014-7604524,12/31/2016,Rebecca Chamberlain,"Hamburg,Hamburg,Germany",Central,Home Office,1/4/2017,Economy,
BN-2014-4140795,12/31/2016,Daniel Hamilton,"Eindhoven,North Brabant,Netherlands",Central,Home Office,1/5/2017,Economy Plus,
